data_role,metric_group,task_type,model_name,checkpoint_stage,eval_stage,value,split_type,definition_note
old_stage_curve,overall,overall,GLM-4-9B-1M,2,,0.100775,held_out_character,"mean over s<c of M(c,s,overall_equal_weighted_score)"
old_stage_curve,overall,overall,GLM-4-9B-1M,3,,0.127292,held_out_character,"mean over s<c of M(c,s,overall_equal_weighted_score)"
old_stage_curve,overall,overall,GLM-4-9B-1M,4,,0.132897,held_out_character,"mean over s<c of M(c,s,overall_equal_weighted_score)"
old_stage_curve,overall,overall,GLM-4-9B-1M,5,,0.118671,held_out_character,"mean over s<c of M(c,s,overall_equal_weighted_score)"
old_stage_curve,overall,overall,GLM-4-9B-1M,6,,0.103242,held_out_character,"mean over s<c of M(c,s,overall_equal_weighted_score)"
old_stage_curve,overall,overall,GLM-4-9B-1M,7,,0.093492,held_out_character,"mean over s<c of M(c,s,overall_equal_weighted_score)"
old_stage_curve,overall,overall,GLM-4-9B-1M,8,,0.093015,held_out_character,"mean over s<c of M(c,s,overall_equal_weighted_score)"
old_stage_curve,overall,overall,GLM-4-9B-1M,9,,0.101465,held_out_character,"mean over s<c of M(c,s,overall_equal_weighted_score)"
old_stage_curve,overall,overall,GLM-4-9B-1M,10,,0.096556,held_out_character,"mean over s<c of M(c,s,overall_equal_weighted_score)"
old_stage_curve,overall,overall,Qwen3.5-9B,2,,0.130589,held_out_character,"mean over s<c of M(c,s,overall_equal_weighted_score)"
old_stage_curve,overall,overall,Qwen3.5-9B,3,,0.127733,held_out_character,"mean over s<c of M(c,s,overall_equal_weighted_score)"
old_stage_curve,overall,overall,Qwen3.5-9B,4,,0.138449,held_out_character,"mean over s<c of M(c,s,overall_equal_weighted_score)"
old_stage_curve,overall,overall,Qwen3.5-9B,5,,0.142767,held_out_character,"mean over s<c of M(c,s,overall_equal_weighted_score)"
old_stage_curve,overall,overall,Qwen3.5-9B,6,,0.139625,held_out_character,"mean over s<c of M(c,s,overall_equal_weighted_score)"
old_stage_curve,overall,overall,Qwen3.5-9B,7,,0.115267,held_out_character,"mean over s<c of M(c,s,overall_equal_weighted_score)"
old_stage_curve,overall,overall,Qwen3.5-9B,8,,0.121083,held_out_character,"mean over s<c of M(c,s,overall_equal_weighted_score)"
old_stage_curve,overall,overall,Qwen3.5-9B,9,,0.118437,held_out_character,"mean over s<c of M(c,s,overall_equal_weighted_score)"
old_stage_curve,overall,overall,Qwen3.5-9B,10,,0.113107,held_out_character,"mean over s<c of M(c,s,overall_equal_weighted_score)"
old_stage_curve,overall,overall,Qwen2.5-7B-1M,2,,0.098755,held_out_character,"mean over s<c of M(c,s,overall_equal_weighted_score)"
old_stage_curve,overall,overall,Qwen2.5-7B-1M,3,,0.102770,held_out_character,"mean over s<c of M(c,s,overall_equal_weighted_score)"
old_stage_curve,overall,overall,Qwen2.5-7B-1M,4,,0.106627,held_out_character,"mean over s<c of M(c,s,overall_equal_weighted_score)"
old_stage_curve,overall,overall,Qwen2.5-7B-1M,5,,0.107232,held_out_character,"mean over s<c of M(c,s,overall_equal_weighted_score)"
old_stage_curve,overall,overall,Qwen2.5-7B-1M,6,,0.101709,held_out_character,"mean over s<c of M(c,s,overall_equal_weighted_score)"
old_stage_curve,overall,overall,Qwen2.5-7B-1M,7,,0.091580,held_out_character,"mean over s<c of M(c,s,overall_equal_weighted_score)"
old_stage_curve,overall,overall,Qwen2.5-7B-1M,8,,0.094672,held_out_character,"mean over s<c of M(c,s,overall_equal_weighted_score)"
old_stage_curve,overall,overall,Qwen2.5-7B-1M,9,,0.103085,held_out_character,"mean over s<c of M(c,s,overall_equal_weighted_score)"
old_stage_curve,overall,overall,Qwen2.5-7B-1M,10,,0.098466,held_out_character,"mean over s<c of M(c,s,overall_equal_weighted_score)"
heatmap_matrix,overall,overall,GLM-4-9B-1M,1,1,0.167949,held_out_character,raw stage-by-checkpoint score; masked when c<s
heatmap_matrix,overall,overall,GLM-4-9B-1M,2,1,0.100775,held_out_character,raw stage-by-checkpoint score; masked when c<s
heatmap_matrix,overall,overall,GLM-4-9B-1M,3,1,0.085208,held_out_character,raw stage-by-checkpoint score; masked when c<s
heatmap_matrix,overall,overall,GLM-4-9B-1M,4,1,0.077624,held_out_character,raw stage-by-checkpoint score; masked when c<s
heatmap_matrix,overall,overall,GLM-4-9B-1M,5,1,0.098799,held_out_character,raw stage-by-checkpoint score; masked when c<s
heatmap_matrix,overall,overall,GLM-4-9B-1M,6,1,0.097562,held_out_character,raw stage-by-checkpoint score; masked when c<s
heatmap_matrix,overall,overall,GLM-4-9B-1M,7,1,0.077428,held_out_character,raw stage-by-checkpoint score; masked when c<s
heatmap_matrix,overall,overall,GLM-4-9B-1M,8,1,0.070648,held_out_character,raw stage-by-checkpoint score; masked when c<s
heatmap_matrix,overall,overall,GLM-4-9B-1M,9,1,0.096857,held_out_character,raw stage-by-checkpoint score; masked when c<s
heatmap_matrix,overall,overall,GLM-4-9B-1M,10,1,0.075603,held_out_character,raw stage-by-checkpoint score; masked when c<s
heatmap_matrix,overall,overall,GLM-4-9B-1M,1,2,,held_out_character,raw stage-by-checkpoint score; masked when c<s
heatmap_matrix,overall,overall,GLM-4-9B-1M,2,2,0.238764,held_out_character,raw stage-by-checkpoint score; masked when c<s
heatmap_matrix,overall,overall,GLM-4-9B-1M,3,2,0.169377,held_out_character,raw stage-by-checkpoint score; masked when c<s
heatmap_matrix,overall,overall,GLM-4-9B-1M,4,2,0.179974,held_out_character,raw stage-by-checkpoint score; masked when c<s
heatmap_matrix,overall,overall,GLM-4-9B-1M,5,2,0.126120,held_out_character,raw stage-by-checkpoint score; masked when c<s
heatmap_matrix,overall,overall,GLM-4-9B-1M,6,2,0.092737,held_out_character,raw stage-by-checkpoint score; masked when c<s
heatmap_matrix,overall,overall,GLM-4-9B-1M,7,2,0.101033,held_out_character,raw stage-by-checkpoint score; masked when c<s
heatmap_matrix,overall,overall,GLM-4-9B-1M,8,2,0.106779,held_out_character,raw stage-by-checkpoint score; masked when c<s
heatmap_matrix,overall,overall,GLM-4-9B-1M,9,2,0.148525,held_out_character,raw stage-by-checkpoint score; masked when c<s
heatmap_matrix,overall,overall,GLM-4-9B-1M,10,2,0.125685,held_out_character,raw stage-by-checkpoint score; masked when c<s
heatmap_matrix,overall,overall,GLM-4-9B-1M,1,3,,held_out_character,raw stage-by-checkpoint score; masked when c<s
heatmap_matrix,overall,overall,GLM-4-9B-1M,2,3,,held_out_character,raw stage-by-checkpoint score; masked when c<s
heatmap_matrix,overall,overall,GLM-4-9B-1M,3,3,0.183436,held_out_character,raw stage-by-checkpoint score; masked when c<s
heatmap_matrix,overall,overall,GLM-4-9B-1M,4,3,0.141093,held_out_character,raw stage-by-checkpoint score; masked when c<s
heatmap_matrix,overall,overall,GLM-4-9B-1M,5,3,0.119615,held_out_character,raw stage-by-checkpoint score; masked when c<s
heatmap_matrix,overall,overall,GLM-4-9B-1M,6,3,0.154763,held_out_character,raw stage-by-checkpoint score; masked when c<s
heatmap_matrix,overall,overall,GLM-4-9B-1M,7,3,0.104201,held_out_character,raw stage-by-checkpoint score; masked when c<s
heatmap_matrix,overall,overall,GLM-4-9B-1M,8,3,0.089808,held_out_character,raw stage-by-checkpoint score; masked when c<s
heatmap_matrix,overall,overall,GLM-4-9B-1M,9,3,0.122049,held_out_character,raw stage-by-checkpoint score; masked when c<s
heatmap_matrix,overall,overall,GLM-4-9B-1M,10,3,0.105852,held_out_character,raw stage-by-checkpoint score; masked when c<s
heatmap_matrix,overall,overall,GLM-4-9B-1M,1,4,,held_out_character,raw stage-by-checkpoint score; masked when c<s
heatmap_matrix,overall,overall,GLM-4-9B-1M,2,4,,held_out_character,raw stage-by-checkpoint score; masked when c<s
heatmap_matrix,overall,overall,GLM-4-9B-1M,3,4,,held_out_character,raw stage-by-checkpoint score; masked when c<s
heatmap_matrix,overall,overall,GLM-4-9B-1M,4,4,0.181374,held_out_character,raw stage-by-checkpoint score; masked when c<s
heatmap_matrix,overall,overall,GLM-4-9B-1M,5,4,0.130148,held_out_character,raw stage-by-checkpoint score; masked when c<s
heatmap_matrix,overall,overall,GLM-4-9B-1M,6,4,0.085971,held_out_character,raw stage-by-checkpoint score; masked when c<s
heatmap_matrix,overall,overall,GLM-4-9B-1M,7,4,0.121125,held_out_character,raw stage-by-checkpoint score; masked when c<s
heatmap_matrix,overall,overall,GLM-4-9B-1M,8,4,0.086285,held_out_character,raw stage-by-checkpoint score; masked when c<s
heatmap_matrix,overall,overall,GLM-4-9B-1M,9,4,0.056236,held_out_character,raw stage-by-checkpoint score; masked when c<s
heatmap_matrix,overall,overall,GLM-4-9B-1M,10,4,0.077591,held_out_character,raw stage-by-checkpoint score; masked when c<s
heatmap_matrix,overall,overall,GLM-4-9B-1M,1,5,,held_out_character,raw stage-by-checkpoint score; masked when c<s
heatmap_matrix,overall,overall,GLM-4-9B-1M,2,5,,held_out_character,raw stage-by-checkpoint score; masked when c<s
heatmap_matrix,overall,overall,GLM-4-9B-1M,3,5,,held_out_character,raw stage-by-checkpoint score; masked when c<s
heatmap_matrix,overall,overall,GLM-4-9B-1M,4,5,,held_out_character,raw stage-by-checkpoint score; masked when c<s
heatmap_matrix,overall,overall,GLM-4-9B-1M,5,5,0.218577,held_out_character,raw stage-by-checkpoint score; masked when c<s
heatmap_matrix,overall,overall,GLM-4-9B-1M,6,5,0.085177,held_out_character,raw stage-by-checkpoint score; masked when c<s
heatmap_matrix,overall,overall,GLM-4-9B-1M,7,5,0.053606,held_out_character,raw stage-by-checkpoint score; masked when c<s
heatmap_matrix,overall,overall,GLM-4-9B-1M,8,5,0.068842,held_out_character,raw stage-by-checkpoint score; masked when c<s
heatmap_matrix,overall,overall,GLM-4-9B-1M,9,5,0.098484,held_out_character,raw stage-by-checkpoint score; masked when c<s
heatmap_matrix,overall,overall,GLM-4-9B-1M,10,5,0.096936,held_out_character,raw stage-by-checkpoint score; masked when c<s
heatmap_matrix,overall,overall,GLM-4-9B-1M,1,6,,held_out_character,raw stage-by-checkpoint score; masked when c<s
heatmap_matrix,overall,overall,GLM-4-9B-1M,2,6,,held_out_character,raw stage-by-checkpoint score; masked when c<s
heatmap_matrix,overall,overall,GLM-4-9B-1M,3,6,,held_out_character,raw stage-by-checkpoint score; masked when c<s
heatmap_matrix,overall,overall,GLM-4-9B-1M,4,6,,held_out_character,raw stage-by-checkpoint score; masked when c<s
heatmap_matrix,overall,overall,GLM-4-9B-1M,5,6,,held_out_character,raw stage-by-checkpoint score; masked when c<s
heatmap_matrix,overall,overall,GLM-4-9B-1M,6,6,0.167684,held_out_character,raw stage-by-checkpoint score; masked when c<s
heatmap_matrix,overall,overall,GLM-4-9B-1M,7,6,0.103561,held_out_character,raw stage-by-checkpoint score; masked when c<s
heatmap_matrix,overall,overall,GLM-4-9B-1M,8,6,0.084869,held_out_character,raw stage-by-checkpoint score; masked when c<s
heatmap_matrix,overall,overall,GLM-4-9B-1M,9,6,0.088684,held_out_character,raw stage-by-checkpoint score; masked when c<s
heatmap_matrix,overall,overall,GLM-4-9B-1M,10,6,0.064897,held_out_character,raw stage-by-checkpoint score; masked when c<s
heatmap_matrix,overall,overall,GLM-4-9B-1M,1,7,,held_out_character,raw stage-by-checkpoint score; masked when c<s
heatmap_matrix,overall,overall,GLM-4-9B-1M,2,7,,held_out_character,raw stage-by-checkpoint score; masked when c<s
heatmap_matrix,overall,overall,GLM-4-9B-1M,3,7,,held_out_character,raw stage-by-checkpoint score; masked when c<s
heatmap_matrix,overall,overall,GLM-4-9B-1M,4,7,,held_out_character,raw stage-by-checkpoint score; masked when c<s
heatmap_matrix,overall,overall,GLM-4-9B-1M,5,7,,held_out_character,raw stage-by-checkpoint score; masked when c<s
heatmap_matrix,overall,overall,GLM-4-9B-1M,6,7,,held_out_character,raw stage-by-checkpoint score; masked when c<s
heatmap_matrix,overall,overall,GLM-4-9B-1M,7,7,0.175275,held_out_character,raw stage-by-checkpoint score; masked when c<s
heatmap_matrix,overall,overall,GLM-4-9B-1M,8,7,0.143871,held_out_character,raw stage-by-checkpoint score; masked when c<s
heatmap_matrix,overall,overall,GLM-4-9B-1M,9,7,0.091495,held_out_character,raw stage-by-checkpoint score; masked when c<s
heatmap_matrix,overall,overall,GLM-4-9B-1M,10,7,0.081523,held_out_character,raw stage-by-checkpoint score; masked when c<s
heatmap_matrix,overall,overall,GLM-4-9B-1M,1,8,,held_out_character,raw stage-by-checkpoint score; masked when c<s
heatmap_matrix,overall,overall,GLM-4-9B-1M,2,8,,held_out_character,raw stage-by-checkpoint score; masked when c<s
heatmap_matrix,overall,overall,GLM-4-9B-1M,3,8,,held_out_character,raw stage-by-checkpoint score; masked when c<s
heatmap_matrix,overall,overall,GLM-4-9B-1M,4,8,,held_out_character,raw stage-by-checkpoint score; masked when c<s
heatmap_matrix,overall,overall,GLM-4-9B-1M,5,8,,held_out_character,raw stage-by-checkpoint score; masked when c<s
heatmap_matrix,overall,overall,GLM-4-9B-1M,6,8,,held_out_character,raw stage-by-checkpoint score; masked when c<s
heatmap_matrix,overall,overall,GLM-4-9B-1M,7,8,,held_out_character,raw stage-by-checkpoint score; masked when c<s
heatmap_matrix,overall,overall,GLM-4-9B-1M,8,8,0.141405,held_out_character,raw stage-by-checkpoint score; masked when c<s
heatmap_matrix,overall,overall,GLM-4-9B-1M,9,8,0.109394,held_out_character,raw stage-by-checkpoint score; masked when c<s
heatmap_matrix,overall,overall,GLM-4-9B-1M,10,8,0.094789,held_out_character,raw stage-by-checkpoint score; masked when c<s
heatmap_matrix,overall,overall,GLM-4-9B-1M,1,9,,held_out_character,raw stage-by-checkpoint score; masked when c<s
heatmap_matrix,overall,overall,GLM-4-9B-1M,2,9,,held_out_character,raw stage-by-checkpoint score; masked when c<s
heatmap_matrix,overall,overall,GLM-4-9B-1M,3,9,,held_out_character,raw stage-by-checkpoint score; masked when c<s
heatmap_matrix,overall,overall,GLM-4-9B-1M,4,9,,held_out_character,raw stage-by-checkpoint score; masked when c<s
heatmap_matrix,overall,overall,GLM-4-9B-1M,5,9,,held_out_character,raw stage-by-checkpoint score; masked when c<s
heatmap_matrix,overall,overall,GLM-4-9B-1M,6,9,,held_out_character,raw stage-by-checkpoint score; masked when c<s
heatmap_matrix,overall,overall,GLM-4-9B-1M,7,9,,held_out_character,raw stage-by-checkpoint score; masked when c<s
heatmap_matrix,overall,overall,GLM-4-9B-1M,8,9,,held_out_character,raw stage-by-checkpoint score; masked when c<s
heatmap_matrix,overall,overall,GLM-4-9B-1M,9,9,0.168201,held_out_character,raw stage-by-checkpoint score; masked when c<s
heatmap_matrix,overall,overall,GLM-4-9B-1M,10,9,0.146126,held_out_character,raw stage-by-checkpoint score; masked when c<s
heatmap_matrix,overall,overall,GLM-4-9B-1M,1,10,,held_out_character,raw stage-by-checkpoint score; masked when c<s
heatmap_matrix,overall,overall,GLM-4-9B-1M,2,10,,held_out_character,raw stage-by-checkpoint score; masked when c<s
heatmap_matrix,overall,overall,GLM-4-9B-1M,3,10,,held_out_character,raw stage-by-checkpoint score; masked when c<s
heatmap_matrix,overall,overall,GLM-4-9B-1M,4,10,,held_out_character,raw stage-by-checkpoint score; masked when c<s
heatmap_matrix,overall,overall,GLM-4-9B-1M,5,10,,held_out_character,raw stage-by-checkpoint score; masked when c<s
heatmap_matrix,overall,overall,GLM-4-9B-1M,6,10,,held_out_character,raw stage-by-checkpoint score; masked when c<s
heatmap_matrix,overall,overall,GLM-4-9B-1M,7,10,,held_out_character,raw stage-by-checkpoint score; masked when c<s
heatmap_matrix,overall,overall,GLM-4-9B-1M,8,10,,held_out_character,raw stage-by-checkpoint score; masked when c<s
heatmap_matrix,overall,overall,GLM-4-9B-1M,9,10,,held_out_character,raw stage-by-checkpoint score; masked when c<s
heatmap_matrix,overall,overall,GLM-4-9B-1M,10,10,0.136138,held_out_character,raw stage-by-checkpoint score; masked when c<s
heatmap_matrix,overall,overall,Qwen3.5-9B,1,1,0.151613,held_out_character,raw stage-by-checkpoint score; masked when c<s
heatmap_matrix,overall,overall,Qwen3.5-9B,2,1,0.130589,held_out_character,raw stage-by-checkpoint score; masked when c<s
heatmap_matrix,overall,overall,Qwen3.5-9B,3,1,0.109023,held_out_character,raw stage-by-checkpoint score; masked when c<s
heatmap_matrix,overall,overall,Qwen3.5-9B,4,1,0.111239,held_out_character,raw stage-by-checkpoint score; masked when c<s
heatmap_matrix,overall,overall,Qwen3.5-9B,5,1,0.127355,held_out_character,raw stage-by-checkpoint score; masked when c<s
heatmap_matrix,overall,overall,Qwen3.5-9B,6,1,0.142826,held_out_character,raw stage-by-checkpoint score; masked when c<s
heatmap_matrix,overall,overall,Qwen3.5-9B,7,1,0.121606,held_out_character,raw stage-by-checkpoint score; masked when c<s
heatmap_matrix,overall,overall,Qwen3.5-9B,8,1,0.141991,held_out_character,raw stage-by-checkpoint score; masked when c<s
heatmap_matrix,overall,overall,Qwen3.5-9B,9,1,0.112098,held_out_character,raw stage-by-checkpoint score; masked when c<s
heatmap_matrix,overall,overall,Qwen3.5-9B,10,1,0.113372,held_out_character,raw stage-by-checkpoint score; masked when c<s
heatmap_matrix,overall,overall,Qwen3.5-9B,1,2,,held_out_character,raw stage-by-checkpoint score; masked when c<s
heatmap_matrix,overall,overall,Qwen3.5-9B,2,2,0.173662,held_out_character,raw stage-by-checkpoint score; masked when c<s
heatmap_matrix,overall,overall,Qwen3.5-9B,3,2,0.146443,held_out_character,raw stage-by-checkpoint score; masked when c<s
heatmap_matrix,overall,overall,Qwen3.5-9B,4,2,0.157858,held_out_character,raw stage-by-checkpoint score; masked when c<s
heatmap_matrix,overall,overall,Qwen3.5-9B,5,2,0.144479,held_out_character,raw stage-by-checkpoint score; masked when c<s
heatmap_matrix,overall,overall,Qwen3.5-9B,6,2,0.140531,held_out_character,raw stage-by-checkpoint score; masked when c<s
heatmap_matrix,overall,overall,Qwen3.5-9B,7,2,0.109346,held_out_character,raw stage-by-checkpoint score; masked when c<s
heatmap_matrix,overall,overall,Qwen3.5-9B,8,2,0.128612,held_out_character,raw stage-by-checkpoint score; masked when c<s
heatmap_matrix,overall,overall,Qwen3.5-9B,9,2,0.146309,held_out_character,raw stage-by-checkpoint score; masked when c<s
heatmap_matrix,overall,overall,Qwen3.5-9B,10,2,0.141428,held_out_character,raw stage-by-checkpoint score; masked when c<s
heatmap_matrix,overall,overall,Qwen3.5-9B,1,3,,held_out_character,raw stage-by-checkpoint score; masked when c<s
heatmap_matrix,overall,overall,Qwen3.5-9B,2,3,,held_out_character,raw stage-by-checkpoint score; masked when c<s
heatmap_matrix,overall,overall,Qwen3.5-9B,3,3,0.145588,held_out_character,raw stage-by-checkpoint score; masked when c<s
heatmap_matrix,overall,overall,Qwen3.5-9B,4,3,0.146250,held_out_character,raw stage-by-checkpoint score; masked when c<s
heatmap_matrix,overall,overall,Qwen3.5-9B,5,3,0.144407,held_out_character,raw stage-by-checkpoint score; masked when c<s
heatmap_matrix,overall,overall,Qwen3.5-9B,6,3,0.138696,held_out_character,raw stage-by-checkpoint score; masked when c<s
heatmap_matrix,overall,overall,Qwen3.5-9B,7,3,0.117827,held_out_character,raw stage-by-checkpoint score; masked when c<s
heatmap_matrix,overall,overall,Qwen3.5-9B,8,3,0.099142,held_out_character,raw stage-by-checkpoint score; masked when c<s
heatmap_matrix,overall,overall,Qwen3.5-9B,9,3,0.137443,held_out_character,raw stage-by-checkpoint score; masked when c<s
heatmap_matrix,overall,overall,Qwen3.5-9B,10,3,0.117457,held_out_character,raw stage-by-checkpoint score; masked when c<s
heatmap_matrix,overall,overall,Qwen3.5-9B,1,4,,held_out_character,raw stage-by-checkpoint score; masked when c<s
heatmap_matrix,overall,overall,Qwen3.5-9B,2,4,,held_out_character,raw stage-by-checkpoint score; masked when c<s
heatmap_matrix,overall,overall,Qwen3.5-9B,3,4,,held_out_character,raw stage-by-checkpoint score; masked when c<s
heatmap_matrix,overall,overall,Qwen3.5-9B,4,4,0.145659,held_out_character,raw stage-by-checkpoint score; masked when c<s
heatmap_matrix,overall,overall,Qwen3.5-9B,5,4,0.154828,held_out_character,raw stage-by-checkpoint score; masked when c<s
heatmap_matrix,overall,overall,Qwen3.5-9B,6,4,0.157309,held_out_character,raw stage-by-checkpoint score; masked when c<s
heatmap_matrix,overall,overall,Qwen3.5-9B,7,4,0.117713,held_out_character,raw stage-by-checkpoint score; masked when c<s
heatmap_matrix,overall,overall,Qwen3.5-9B,8,4,0.118205,held_out_character,raw stage-by-checkpoint score; masked when c<s
heatmap_matrix,overall,overall,Qwen3.5-9B,9,4,0.114569,held_out_character,raw stage-by-checkpoint score; masked when c<s
heatmap_matrix,overall,overall,Qwen3.5-9B,10,4,0.098673,held_out_character,raw stage-by-checkpoint score; masked when c<s
heatmap_matrix,overall,overall,Qwen3.5-9B,1,5,,held_out_character,raw stage-by-checkpoint score; masked when c<s
heatmap_matrix,overall,overall,Qwen3.5-9B,2,5,,held_out_character,raw stage-by-checkpoint score; masked when c<s
heatmap_matrix,overall,overall,Qwen3.5-9B,3,5,,held_out_character,raw stage-by-checkpoint score; masked when c<s
heatmap_matrix,overall,overall,Qwen3.5-9B,4,5,,held_out_character,raw stage-by-checkpoint score; masked when c<s
heatmap_matrix,overall,overall,Qwen3.5-9B,5,5,0.155493,held_out_character,raw stage-by-checkpoint score; masked when c<s
heatmap_matrix,overall,overall,Qwen3.5-9B,6,5,0.118762,held_out_character,raw stage-by-checkpoint score; masked when c<s
heatmap_matrix,overall,overall,Qwen3.5-9B,7,5,0.092045,held_out_character,raw stage-by-checkpoint score; masked when c<s
heatmap_matrix,overall,overall,Qwen3.5-9B,8,5,0.072622,held_out_character,raw stage-by-checkpoint score; masked when c<s
heatmap_matrix,overall,overall,Qwen3.5-9B,9,5,0.101607,held_out_character,raw stage-by-checkpoint score; masked when c<s
heatmap_matrix,overall,overall,Qwen3.5-9B,10,5,0.053991,held_out_character,raw stage-by-checkpoint score; masked when c<s
heatmap_matrix,overall,overall,Qwen3.5-9B,1,6,,held_out_character,raw stage-by-checkpoint score; masked when c<s
heatmap_matrix,overall,overall,Qwen3.5-9B,2,6,,held_out_character,raw stage-by-checkpoint score; masked when c<s
heatmap_matrix,overall,overall,Qwen3.5-9B,3,6,,held_out_character,raw stage-by-checkpoint score; masked when c<s
heatmap_matrix,overall,overall,Qwen3.5-9B,4,6,,held_out_character,raw stage-by-checkpoint score; masked when c<s
heatmap_matrix,overall,overall,Qwen3.5-9B,5,6,,held_out_character,raw stage-by-checkpoint score; masked when c<s
heatmap_matrix,overall,overall,Qwen3.5-9B,6,6,0.173644,held_out_character,raw stage-by-checkpoint score; masked when c<s
heatmap_matrix,overall,overall,Qwen3.5-9B,7,6,0.133063,held_out_character,raw stage-by-checkpoint score; masked when c<s
heatmap_matrix,overall,overall,Qwen3.5-9B,8,6,0.136807,held_out_character,raw stage-by-checkpoint score; masked when c<s
heatmap_matrix,overall,overall,Qwen3.5-9B,9,6,0.101760,held_out_character,raw stage-by-checkpoint score; masked when c<s
heatmap_matrix,overall,overall,Qwen3.5-9B,10,6,0.132358,held_out_character,raw stage-by-checkpoint score; masked when c<s
heatmap_matrix,overall,overall,Qwen3.5-9B,1,7,,held_out_character,raw stage-by-checkpoint score; masked when c<s
heatmap_matrix,overall,overall,Qwen3.5-9B,2,7,,held_out_character,raw stage-by-checkpoint score; masked when c<s
heatmap_matrix,overall,overall,Qwen3.5-9B,3,7,,held_out_character,raw stage-by-checkpoint score; masked when c<s
heatmap_matrix,overall,overall,Qwen3.5-9B,4,7,,held_out_character,raw stage-by-checkpoint score; masked when c<s
heatmap_matrix,overall,overall,Qwen3.5-9B,5,7,,held_out_character,raw stage-by-checkpoint score; masked when c<s
heatmap_matrix,overall,overall,Qwen3.5-9B,6,7,,held_out_character,raw stage-by-checkpoint score; masked when c<s
heatmap_matrix,overall,overall,Qwen3.5-9B,7,7,0.231928,held_out_character,raw stage-by-checkpoint score; masked when c<s
heatmap_matrix,overall,overall,Qwen3.5-9B,8,7,0.150203,held_out_character,raw stage-by-checkpoint score; masked when c<s
heatmap_matrix,overall,overall,Qwen3.5-9B,9,7,0.110785,held_out_character,raw stage-by-checkpoint score; masked when c<s
heatmap_matrix,overall,overall,Qwen3.5-9B,10,7,0.118006,held_out_character,raw stage-by-checkpoint score; masked when c<s
heatmap_matrix,overall,overall,Qwen3.5-9B,1,8,,held_out_character,raw stage-by-checkpoint score; masked when c<s
heatmap_matrix,overall,overall,Qwen3.5-9B,2,8,,held_out_character,raw stage-by-checkpoint score; masked when c<s
heatmap_matrix,overall,overall,Qwen3.5-9B,3,8,,held_out_character,raw stage-by-checkpoint score; masked when c<s
heatmap_matrix,overall,overall,Qwen3.5-9B,4,8,,held_out_character,raw stage-by-checkpoint score; masked when c<s
heatmap_matrix,overall,overall,Qwen3.5-9B,5,8,,held_out_character,raw stage-by-checkpoint score; masked when c<s
heatmap_matrix,overall,overall,Qwen3.5-9B,6,8,,held_out_character,raw stage-by-checkpoint score; masked when c<s
heatmap_matrix,overall,overall,Qwen3.5-9B,7,8,,held_out_character,raw stage-by-checkpoint score; masked when c<s
heatmap_matrix,overall,overall,Qwen3.5-9B,8,8,0.186997,held_out_character,raw stage-by-checkpoint score; masked when c<s
heatmap_matrix,overall,overall,Qwen3.5-9B,9,8,0.122928,held_out_character,raw stage-by-checkpoint score; masked when c<s
heatmap_matrix,overall,overall,Qwen3.5-9B,10,8,0.108233,held_out_character,raw stage-by-checkpoint score; masked when c<s
heatmap_matrix,overall,overall,Qwen3.5-9B,1,9,,held_out_character,raw stage-by-checkpoint score; masked when c<s
heatmap_matrix,overall,overall,Qwen3.5-9B,2,9,,held_out_character,raw stage-by-checkpoint score; masked when c<s
heatmap_matrix,overall,overall,Qwen3.5-9B,3,9,,held_out_character,raw stage-by-checkpoint score; masked when c<s
heatmap_matrix,overall,overall,Qwen3.5-9B,4,9,,held_out_character,raw stage-by-checkpoint score; masked when c<s
heatmap_matrix,overall,overall,Qwen3.5-9B,5,9,,held_out_character,raw stage-by-checkpoint score; masked when c<s
heatmap_matrix,overall,overall,Qwen3.5-9B,6,9,,held_out_character,raw stage-by-checkpoint score; masked when c<s
heatmap_matrix,overall,overall,Qwen3.5-9B,7,9,,held_out_character,raw stage-by-checkpoint score; masked when c<s
heatmap_matrix,overall,overall,Qwen3.5-9B,8,9,,held_out_character,raw stage-by-checkpoint score; masked when c<s
heatmap_matrix,overall,overall,Qwen3.5-9B,9,9,0.149433,held_out_character,raw stage-by-checkpoint score; masked when c<s
heatmap_matrix,overall,overall,Qwen3.5-9B,10,9,0.134443,held_out_character,raw stage-by-checkpoint score; masked when c<s
heatmap_matrix,overall,overall,Qwen3.5-9B,1,10,,held_out_character,raw stage-by-checkpoint score; masked when c<s
heatmap_matrix,overall,overall,Qwen3.5-9B,2,10,,held_out_character,raw stage-by-checkpoint score; masked when c<s
heatmap_matrix,overall,overall,Qwen3.5-9B,3,10,,held_out_character,raw stage-by-checkpoint score; masked when c<s
heatmap_matrix,overall,overall,Qwen3.5-9B,4,10,,held_out_character,raw stage-by-checkpoint score; masked when c<s
heatmap_matrix,overall,overall,Qwen3.5-9B,5,10,,held_out_character,raw stage-by-checkpoint score; masked when c<s
heatmap_matrix,overall,overall,Qwen3.5-9B,6,10,,held_out_character,raw stage-by-checkpoint score; masked when c<s
heatmap_matrix,overall,overall,Qwen3.5-9B,7,10,,held_out_character,raw stage-by-checkpoint score; masked when c<s
heatmap_matrix,overall,overall,Qwen3.5-9B,8,10,,held_out_character,raw stage-by-checkpoint score; masked when c<s
heatmap_matrix,overall,overall,Qwen3.5-9B,9,10,,held_out_character,raw stage-by-checkpoint score; masked when c<s
heatmap_matrix,overall,overall,Qwen3.5-9B,10,10,0.146407,held_out_character,raw stage-by-checkpoint score; masked when c<s
heatmap_matrix,overall,overall,Qwen2.5-7B-1M,1,1,0.095183,held_out_character,raw stage-by-checkpoint score; masked when c<s
heatmap_matrix,overall,overall,Qwen2.5-7B-1M,2,1,0.098755,held_out_character,raw stage-by-checkpoint score; masked when c<s
heatmap_matrix,overall,overall,Qwen2.5-7B-1M,3,1,0.080075,held_out_character,raw stage-by-checkpoint score; masked when c<s
heatmap_matrix,overall,overall,Qwen2.5-7B-1M,4,1,0.098410,held_out_character,raw stage-by-checkpoint score; masked when c<s
heatmap_matrix,overall,overall,Qwen2.5-7B-1M,5,1,0.115758,held_out_character,raw stage-by-checkpoint score; masked when c<s
heatmap_matrix,overall,overall,Qwen2.5-7B-1M,6,1,0.104953,held_out_character,raw stage-by-checkpoint score; masked when c<s
heatmap_matrix,overall,overall,Qwen2.5-7B-1M,7,1,0.091348,held_out_character,raw stage-by-checkpoint score; masked when c<s
heatmap_matrix,overall,overall,Qwen2.5-7B-1M,8,1,0.099940,held_out_character,raw stage-by-checkpoint score; masked when c<s
heatmap_matrix,overall,overall,Qwen2.5-7B-1M,9,1,0.093110,held_out_character,raw stage-by-checkpoint score; masked when c<s
heatmap_matrix,overall,overall,Qwen2.5-7B-1M,10,1,0.089132,held_out_character,raw stage-by-checkpoint score; masked when c<s
heatmap_matrix,overall,overall,Qwen2.5-7B-1M,1,2,,held_out_character,raw stage-by-checkpoint score; masked when c<s
heatmap_matrix,overall,overall,Qwen2.5-7B-1M,2,2,0.138051,held_out_character,raw stage-by-checkpoint score; masked when c<s
heatmap_matrix,overall,overall,Qwen2.5-7B-1M,3,2,0.125464,held_out_character,raw stage-by-checkpoint score; masked when c<s
heatmap_matrix,overall,overall,Qwen2.5-7B-1M,4,2,0.113701,held_out_character,raw stage-by-checkpoint score; masked when c<s
heatmap_matrix,overall,overall,Qwen2.5-7B-1M,5,2,0.118502,held_out_character,raw stage-by-checkpoint score; masked when c<s
heatmap_matrix,overall,overall,Qwen2.5-7B-1M,6,2,0.146611,held_out_character,raw stage-by-checkpoint score; masked when c<s
heatmap_matrix,overall,overall,Qwen2.5-7B-1M,7,2,0.114234,held_out_character,raw stage-by-checkpoint score; masked when c<s
heatmap_matrix,overall,overall,Qwen2.5-7B-1M,8,2,0.105147,held_out_character,raw stage-by-checkpoint score; masked when c<s
heatmap_matrix,overall,overall,Qwen2.5-7B-1M,9,2,0.127970,held_out_character,raw stage-by-checkpoint score; masked when c<s
heatmap_matrix,overall,overall,Qwen2.5-7B-1M,10,2,0.120239,held_out_character,raw stage-by-checkpoint score; masked when c<s
heatmap_matrix,overall,overall,Qwen2.5-7B-1M,1,3,,held_out_character,raw stage-by-checkpoint score; masked when c<s
heatmap_matrix,overall,overall,Qwen2.5-7B-1M,2,3,,held_out_character,raw stage-by-checkpoint score; masked when c<s
heatmap_matrix,overall,overall,Qwen2.5-7B-1M,3,3,0.104428,held_out_character,raw stage-by-checkpoint score; masked when c<s
heatmap_matrix,overall,overall,Qwen2.5-7B-1M,4,3,0.107769,held_out_character,raw stage-by-checkpoint score; masked when c<s
heatmap_matrix,overall,overall,Qwen2.5-7B-1M,5,3,0.102275,held_out_character,raw stage-by-checkpoint score; masked when c<s
heatmap_matrix,overall,overall,Qwen2.5-7B-1M,6,3,0.098098,held_out_character,raw stage-by-checkpoint score; masked when c<s
heatmap_matrix,overall,overall,Qwen2.5-7B-1M,7,3,0.063693,held_out_character,raw stage-by-checkpoint score; masked when c<s
heatmap_matrix,overall,overall,Qwen2.5-7B-1M,8,3,0.101265,held_out_character,raw stage-by-checkpoint score; masked when c<s
heatmap_matrix,overall,overall,Qwen2.5-7B-1M,9,3,0.127790,held_out_character,raw stage-by-checkpoint score; masked when c<s
heatmap_matrix,overall,overall,Qwen2.5-7B-1M,10,3,0.103383,held_out_character,raw stage-by-checkpoint score; masked when c<s
heatmap_matrix,overall,overall,Qwen2.5-7B-1M,1,4,,held_out_character,raw stage-by-checkpoint score; masked when c<s
heatmap_matrix,overall,overall,Qwen2.5-7B-1M,2,4,,held_out_character,raw stage-by-checkpoint score; masked when c<s
heatmap_matrix,overall,overall,Qwen2.5-7B-1M,3,4,,held_out_character,raw stage-by-checkpoint score; masked when c<s
heatmap_matrix,overall,overall,Qwen2.5-7B-1M,4,4,0.164847,held_out_character,raw stage-by-checkpoint score; masked when c<s
heatmap_matrix,overall,overall,Qwen2.5-7B-1M,5,4,0.092394,held_out_character,raw stage-by-checkpoint score; masked when c<s
heatmap_matrix,overall,overall,Qwen2.5-7B-1M,6,4,0.080096,held_out_character,raw stage-by-checkpoint score; masked when c<s
heatmap_matrix,overall,overall,Qwen2.5-7B-1M,7,4,0.067122,held_out_character,raw stage-by-checkpoint score; masked when c<s
heatmap_matrix,overall,overall,Qwen2.5-7B-1M,8,4,0.111922,held_out_character,raw stage-by-checkpoint score; masked when c<s
heatmap_matrix,overall,overall,Qwen2.5-7B-1M,9,4,0.079331,held_out_character,raw stage-by-checkpoint score; masked when c<s
heatmap_matrix,overall,overall,Qwen2.5-7B-1M,10,4,0.098704,held_out_character,raw stage-by-checkpoint score; masked when c<s
heatmap_matrix,overall,overall,Qwen2.5-7B-1M,1,5,,held_out_character,raw stage-by-checkpoint score; masked when c<s
heatmap_matrix,overall,overall,Qwen2.5-7B-1M,2,5,,held_out_character,raw stage-by-checkpoint score; masked when c<s
heatmap_matrix,overall,overall,Qwen2.5-7B-1M,3,5,,held_out_character,raw stage-by-checkpoint score; masked when c<s
heatmap_matrix,overall,overall,Qwen2.5-7B-1M,4,5,,held_out_character,raw stage-by-checkpoint score; masked when c<s
heatmap_matrix,overall,overall,Qwen2.5-7B-1M,5,5,0.160974,held_out_character,raw stage-by-checkpoint score; masked when c<s
heatmap_matrix,overall,overall,Qwen2.5-7B-1M,6,5,0.078790,held_out_character,raw stage-by-checkpoint score; masked when c<s
heatmap_matrix,overall,overall,Qwen2.5-7B-1M,7,5,0.106823,held_out_character,raw stage-by-checkpoint score; masked when c<s
heatmap_matrix,overall,overall,Qwen2.5-7B-1M,8,5,0.054305,held_out_character,raw stage-by-checkpoint score; masked when c<s
heatmap_matrix,overall,overall,Qwen2.5-7B-1M,9,5,0.066875,held_out_character,raw stage-by-checkpoint score; masked when c<s
heatmap_matrix,overall,overall,Qwen2.5-7B-1M,10,5,0.054278,held_out_character,raw stage-by-checkpoint score; masked when c<s
heatmap_matrix,overall,overall,Qwen2.5-7B-1M,1,6,,held_out_character,raw stage-by-checkpoint score; masked when c<s
heatmap_matrix,overall,overall,Qwen2.5-7B-1M,2,6,,held_out_character,raw stage-by-checkpoint score; masked when c<s
heatmap_matrix,overall,overall,Qwen2.5-7B-1M,3,6,,held_out_character,raw stage-by-checkpoint score; masked when c<s
heatmap_matrix,overall,overall,Qwen2.5-7B-1M,4,6,,held_out_character,raw stage-by-checkpoint score; masked when c<s
heatmap_matrix,overall,overall,Qwen2.5-7B-1M,5,6,,held_out_character,raw stage-by-checkpoint score; masked when c<s
heatmap_matrix,overall,overall,Qwen2.5-7B-1M,6,6,0.111847,held_out_character,raw stage-by-checkpoint score; masked when c<s
heatmap_matrix,overall,overall,Qwen2.5-7B-1M,7,6,0.106261,held_out_character,raw stage-by-checkpoint score; masked when c<s
heatmap_matrix,overall,overall,Qwen2.5-7B-1M,8,6,0.087677,held_out_character,raw stage-by-checkpoint score; masked when c<s
heatmap_matrix,overall,overall,Qwen2.5-7B-1M,9,6,0.103132,held_out_character,raw stage-by-checkpoint score; masked when c<s
heatmap_matrix,overall,overall,Qwen2.5-7B-1M,10,6,0.130711,held_out_character,raw stage-by-checkpoint score; masked when c<s
heatmap_matrix,overall,overall,Qwen2.5-7B-1M,1,7,,held_out_character,raw stage-by-checkpoint score; masked when c<s
heatmap_matrix,overall,overall,Qwen2.5-7B-1M,2,7,,held_out_character,raw stage-by-checkpoint score; masked when c<s
heatmap_matrix,overall,overall,Qwen2.5-7B-1M,3,7,,held_out_character,raw stage-by-checkpoint score; masked when c<s
heatmap_matrix,overall,overall,Qwen2.5-7B-1M,4,7,,held_out_character,raw stage-by-checkpoint score; masked when c<s
heatmap_matrix,overall,overall,Qwen2.5-7B-1M,5,7,,held_out_character,raw stage-by-checkpoint score; masked when c<s
heatmap_matrix,overall,overall,Qwen2.5-7B-1M,6,7,,held_out_character,raw stage-by-checkpoint score; masked when c<s
heatmap_matrix,overall,overall,Qwen2.5-7B-1M,7,7,0.146308,held_out_character,raw stage-by-checkpoint score; masked when c<s
heatmap_matrix,overall,overall,Qwen2.5-7B-1M,8,7,0.102447,held_out_character,raw stage-by-checkpoint score; masked when c<s
heatmap_matrix,overall,overall,Qwen2.5-7B-1M,9,7,0.127097,held_out_character,raw stage-by-checkpoint score; masked when c<s
heatmap_matrix,overall,overall,Qwen2.5-7B-1M,10,7,0.083806,held_out_character,raw stage-by-checkpoint score; masked when c<s
heatmap_matrix,overall,overall,Qwen2.5-7B-1M,1,8,,held_out_character,raw stage-by-checkpoint score; masked when c<s
heatmap_matrix,overall,overall,Qwen2.5-7B-1M,2,8,,held_out_character,raw stage-by-checkpoint score; masked when c<s
heatmap_matrix,overall,overall,Qwen2.5-7B-1M,3,8,,held_out_character,raw stage-by-checkpoint score; masked when c<s
heatmap_matrix,overall,overall,Qwen2.5-7B-1M,4,8,,held_out_character,raw stage-by-checkpoint score; masked when c<s
heatmap_matrix,overall,overall,Qwen2.5-7B-1M,5,8,,held_out_character,raw stage-by-checkpoint score; masked when c<s
heatmap_matrix,overall,overall,Qwen2.5-7B-1M,6,8,,held_out_character,raw stage-by-checkpoint score; masked when c<s
heatmap_matrix,overall,overall,Qwen2.5-7B-1M,7,8,,held_out_character,raw stage-by-checkpoint score; masked when c<s
heatmap_matrix,overall,overall,Qwen2.5-7B-1M,8,8,0.110027,held_out_character,raw stage-by-checkpoint score; masked when c<s
heatmap_matrix,overall,overall,Qwen2.5-7B-1M,9,8,0.099373,held_out_character,raw stage-by-checkpoint score; masked when c<s
heatmap_matrix,overall,overall,Qwen2.5-7B-1M,10,8,0.109215,held_out_character,raw stage-by-checkpoint score; masked when c<s
heatmap_matrix,overall,overall,Qwen2.5-7B-1M,1,9,,held_out_character,raw stage-by-checkpoint score; masked when c<s
heatmap_matrix,overall,overall,Qwen2.5-7B-1M,2,9,,held_out_character,raw stage-by-checkpoint score; masked when c<s
heatmap_matrix,overall,overall,Qwen2.5-7B-1M,3,9,,held_out_character,raw stage-by-checkpoint score; masked when c<s
heatmap_matrix,overall,overall,Qwen2.5-7B-1M,4,9,,held_out_character,raw stage-by-checkpoint score; masked when c<s
heatmap_matrix,overall,overall,Qwen2.5-7B-1M,5,9,,held_out_character,raw stage-by-checkpoint score; masked when c<s
heatmap_matrix,overall,overall,Qwen2.5-7B-1M,6,9,,held_out_character,raw stage-by-checkpoint score; masked when c<s
heatmap_matrix,overall,overall,Qwen2.5-7B-1M,7,9,,held_out_character,raw stage-by-checkpoint score; masked when c<s
heatmap_matrix,overall,overall,Qwen2.5-7B-1M,8,9,,held_out_character,raw stage-by-checkpoint score; masked when c<s
heatmap_matrix,overall,overall,Qwen2.5-7B-1M,9,9,0.136456,held_out_character,raw stage-by-checkpoint score; masked when c<s
heatmap_matrix,overall,overall,Qwen2.5-7B-1M,10,9,0.096729,held_out_character,raw stage-by-checkpoint score; masked when c<s
heatmap_matrix,overall,overall,Qwen2.5-7B-1M,1,10,,held_out_character,raw stage-by-checkpoint score; masked when c<s
heatmap_matrix,overall,overall,Qwen2.5-7B-1M,2,10,,held_out_character,raw stage-by-checkpoint score; masked when c<s
heatmap_matrix,overall,overall,Qwen2.5-7B-1M,3,10,,held_out_character,raw stage-by-checkpoint score; masked when c<s
heatmap_matrix,overall,overall,Qwen2.5-7B-1M,4,10,,held_out_character,raw stage-by-checkpoint score; masked when c<s
heatmap_matrix,overall,overall,Qwen2.5-7B-1M,5,10,,held_out_character,raw stage-by-checkpoint score; masked when c<s
heatmap_matrix,overall,overall,Qwen2.5-7B-1M,6,10,,held_out_character,raw stage-by-checkpoint score; masked when c<s
heatmap_matrix,overall,overall,Qwen2.5-7B-1M,7,10,,held_out_character,raw stage-by-checkpoint score; masked when c<s
heatmap_matrix,overall,overall,Qwen2.5-7B-1M,8,10,,held_out_character,raw stage-by-checkpoint score; masked when c<s
heatmap_matrix,overall,overall,Qwen2.5-7B-1M,9,10,,held_out_character,raw stage-by-checkpoint score; masked when c<s
heatmap_matrix,overall,overall,Qwen2.5-7B-1M,10,10,0.107911,held_out_character,raw stage-by-checkpoint score; masked when c<s
heatmap_matrix,IE,IE,GLM-4-9B-1M,1,1,0.473684,held_out_character,raw stage-by-checkpoint score; masked when c<s
heatmap_matrix,IE,IE,GLM-4-9B-1M,2,1,0.350877,held_out_character,raw stage-by-checkpoint score; masked when c<s
heatmap_matrix,IE,IE,GLM-4-9B-1M,3,1,0.298246,held_out_character,raw stage-by-checkpoint score; masked when c<s
heatmap_matrix,IE,IE,GLM-4-9B-1M,4,1,0.263158,held_out_character,raw stage-by-checkpoint score; masked when c<s
heatmap_matrix,IE,IE,GLM-4-9B-1M,5,1,0.245614,held_out_character,raw stage-by-checkpoint score; masked when c<s
heatmap_matrix,IE,IE,GLM-4-9B-1M,6,1,0.245614,held_out_character,raw stage-by-checkpoint score; masked when c<s
heatmap_matrix,IE,IE,GLM-4-9B-1M,7,1,0.245614,held_out_character,raw stage-by-checkpoint score; masked when c<s
heatmap_matrix,IE,IE,GLM-4-9B-1M,8,1,0.228070,held_out_character,raw stage-by-checkpoint score; masked when c<s
heatmap_matrix,IE,IE,GLM-4-9B-1M,9,1,0.315789,held_out_character,raw stage-by-checkpoint score; masked when c<s
heatmap_matrix,IE,IE,GLM-4-9B-1M,10,1,0.228070,held_out_character,raw stage-by-checkpoint score; masked when c<s
heatmap_matrix,IE,IE,GLM-4-9B-1M,1,2,,held_out_character,raw stage-by-checkpoint score; masked when c<s
heatmap_matrix,IE,IE,GLM-4-9B-1M,2,2,0.442623,held_out_character,raw stage-by-checkpoint score; masked when c<s
heatmap_matrix,IE,IE,GLM-4-9B-1M,3,2,0.360656,held_out_character,raw stage-by-checkpoint score; masked when c<s
heatmap_matrix,IE,IE,GLM-4-9B-1M,4,2,0.229508,held_out_character,raw stage-by-checkpoint score; masked when c<s
heatmap_matrix,IE,IE,GLM-4-9B-1M,5,2,0.163934,held_out_character,raw stage-by-checkpoint score; masked when c<s
heatmap_matrix,IE,IE,GLM-4-9B-1M,6,2,0.147541,held_out_character,raw stage-by-checkpoint score; masked when c<s
heatmap_matrix,IE,IE,GLM-4-9B-1M,7,2,0.147541,held_out_character,raw stage-by-checkpoint score; masked when c<s
heatmap_matrix,IE,IE,GLM-4-9B-1M,8,2,0.245902,held_out_character,raw stage-by-checkpoint score; masked when c<s
heatmap_matrix,IE,IE,GLM-4-9B-1M,9,2,0.196721,held_out_character,raw stage-by-checkpoint score; masked when c<s
heatmap_matrix,IE,IE,GLM-4-9B-1M,10,2,0.213115,held_out_character,raw stage-by-checkpoint score; masked when c<s
heatmap_matrix,IE,IE,GLM-4-9B-1M,1,3,,held_out_character,raw stage-by-checkpoint score; masked when c<s
heatmap_matrix,IE,IE,GLM-4-9B-1M,2,3,,held_out_character,raw stage-by-checkpoint score; masked when c<s
heatmap_matrix,IE,IE,GLM-4-9B-1M,3,3,0.438596,held_out_character,raw stage-by-checkpoint score; masked when c<s
heatmap_matrix,IE,IE,GLM-4-9B-1M,4,3,0.350877,held_out_character,raw stage-by-checkpoint score; masked when c<s
heatmap_matrix,IE,IE,GLM-4-9B-1M,5,3,0.192982,held_out_character,raw stage-by-checkpoint score; masked when c<s
heatmap_matrix,IE,IE,GLM-4-9B-1M,6,3,0.228070,held_out_character,raw stage-by-checkpoint score; masked when c<s
heatmap_matrix,IE,IE,GLM-4-9B-1M,7,3,0.192982,held_out_character,raw stage-by-checkpoint score; masked when c<s
heatmap_matrix,IE,IE,GLM-4-9B-1M,8,3,0.263158,held_out_character,raw stage-by-checkpoint score; masked when c<s
heatmap_matrix,IE,IE,GLM-4-9B-1M,9,3,0.140351,held_out_character,raw stage-by-checkpoint score; masked when c<s
heatmap_matrix,IE,IE,GLM-4-9B-1M,10,3,0.192982,held_out_character,raw stage-by-checkpoint score; masked when c<s
heatmap_matrix,IE,IE,GLM-4-9B-1M,1,4,,held_out_character,raw stage-by-checkpoint score; masked when c<s
heatmap_matrix,IE,IE,GLM-4-9B-1M,2,4,,held_out_character,raw stage-by-checkpoint score; masked when c<s
heatmap_matrix,IE,IE,GLM-4-9B-1M,3,4,,held_out_character,raw stage-by-checkpoint score; masked when c<s
heatmap_matrix,IE,IE,GLM-4-9B-1M,4,4,0.416667,held_out_character,raw stage-by-checkpoint score; masked when c<s
heatmap_matrix,IE,IE,GLM-4-9B-1M,5,4,0.250000,held_out_character,raw stage-by-checkpoint score; masked when c<s
heatmap_matrix,IE,IE,GLM-4-9B-1M,6,4,0.166667,held_out_character,raw stage-by-checkpoint score; masked when c<s
heatmap_matrix,IE,IE,GLM-4-9B-1M,7,4,0.133333,held_out_character,raw stage-by-checkpoint score; masked when c<s
heatmap_matrix,IE,IE,GLM-4-9B-1M,8,4,0.166667,held_out_character,raw stage-by-checkpoint score; masked when c<s
heatmap_matrix,IE,IE,GLM-4-9B-1M,9,4,0.150000,held_out_character,raw stage-by-checkpoint score; masked when c<s
heatmap_matrix,IE,IE,GLM-4-9B-1M,10,4,0.150000,held_out_character,raw stage-by-checkpoint score; masked when c<s
heatmap_matrix,IE,IE,GLM-4-9B-1M,1,5,,held_out_character,raw stage-by-checkpoint score; masked when c<s
heatmap_matrix,IE,IE,GLM-4-9B-1M,2,5,,held_out_character,raw stage-by-checkpoint score; masked when c<s
heatmap_matrix,IE,IE,GLM-4-9B-1M,3,5,,held_out_character,raw stage-by-checkpoint score; masked when c<s
heatmap_matrix,IE,IE,GLM-4-9B-1M,4,5,,held_out_character,raw stage-by-checkpoint score; masked when c<s
heatmap_matrix,IE,IE,GLM-4-9B-1M,5,5,0.396552,held_out_character,raw stage-by-checkpoint score; masked when c<s
heatmap_matrix,IE,IE,GLM-4-9B-1M,6,5,0.224138,held_out_character,raw stage-by-checkpoint score; masked when c<s
heatmap_matrix,IE,IE,GLM-4-9B-1M,7,5,0.172414,held_out_character,raw stage-by-checkpoint score; masked when c<s
heatmap_matrix,IE,IE,GLM-4-9B-1M,8,5,0.137931,held_out_character,raw stage-by-checkpoint score; masked when c<s
heatmap_matrix,IE,IE,GLM-4-9B-1M,9,5,0.086207,held_out_character,raw stage-by-checkpoint score; masked when c<s
heatmap_matrix,IE,IE,GLM-4-9B-1M,10,5,0.086207,held_out_character,raw stage-by-checkpoint score; masked when c<s
heatmap_matrix,IE,IE,GLM-4-9B-1M,1,6,,held_out_character,raw stage-by-checkpoint score; masked when c<s
heatmap_matrix,IE,IE,GLM-4-9B-1M,2,6,,held_out_character,raw stage-by-checkpoint score; masked when c<s
heatmap_matrix,IE,IE,GLM-4-9B-1M,3,6,,held_out_character,raw stage-by-checkpoint score; masked when c<s
heatmap_matrix,IE,IE,GLM-4-9B-1M,4,6,,held_out_character,raw stage-by-checkpoint score; masked when c<s
heatmap_matrix,IE,IE,GLM-4-9B-1M,5,6,,held_out_character,raw stage-by-checkpoint score; masked when c<s
heatmap_matrix,IE,IE,GLM-4-9B-1M,6,6,0.440678,held_out_character,raw stage-by-checkpoint score; masked when c<s
heatmap_matrix,IE,IE,GLM-4-9B-1M,7,6,0.288136,held_out_character,raw stage-by-checkpoint score; masked when c<s
heatmap_matrix,IE,IE,GLM-4-9B-1M,8,6,0.305085,held_out_character,raw stage-by-checkpoint score; masked when c<s
heatmap_matrix,IE,IE,GLM-4-9B-1M,9,6,0.220339,held_out_character,raw stage-by-checkpoint score; masked when c<s
heatmap_matrix,IE,IE,GLM-4-9B-1M,10,6,0.220339,held_out_character,raw stage-by-checkpoint score; masked when c<s
heatmap_matrix,IE,IE,GLM-4-9B-1M,1,7,,held_out_character,raw stage-by-checkpoint score; masked when c<s
heatmap_matrix,IE,IE,GLM-4-9B-1M,2,7,,held_out_character,raw stage-by-checkpoint score; masked when c<s
heatmap_matrix,IE,IE,GLM-4-9B-1M,3,7,,held_out_character,raw stage-by-checkpoint score; masked when c<s
heatmap_matrix,IE,IE,GLM-4-9B-1M,4,7,,held_out_character,raw stage-by-checkpoint score; masked when c<s
heatmap_matrix,IE,IE,GLM-4-9B-1M,5,7,,held_out_character,raw stage-by-checkpoint score; masked when c<s
heatmap_matrix,IE,IE,GLM-4-9B-1M,6,7,,held_out_character,raw stage-by-checkpoint score; masked when c<s
heatmap_matrix,IE,IE,GLM-4-9B-1M,7,7,0.490909,held_out_character,raw stage-by-checkpoint score; masked when c<s
heatmap_matrix,IE,IE,GLM-4-9B-1M,8,7,0.436364,held_out_character,raw stage-by-checkpoint score; masked when c<s
heatmap_matrix,IE,IE,GLM-4-9B-1M,9,7,0.272727,held_out_character,raw stage-by-checkpoint score; masked when c<s
heatmap_matrix,IE,IE,GLM-4-9B-1M,10,7,0.200000,held_out_character,raw stage-by-checkpoint score; masked when c<s
heatmap_matrix,IE,IE,GLM-4-9B-1M,1,8,,held_out_character,raw stage-by-checkpoint score; masked when c<s
heatmap_matrix,IE,IE,GLM-4-9B-1M,2,8,,held_out_character,raw stage-by-checkpoint score; masked when c<s
heatmap_matrix,IE,IE,GLM-4-9B-1M,3,8,,held_out_character,raw stage-by-checkpoint score; masked when c<s
heatmap_matrix,IE,IE,GLM-4-9B-1M,4,8,,held_out_character,raw stage-by-checkpoint score; masked when c<s
heatmap_matrix,IE,IE,GLM-4-9B-1M,5,8,,held_out_character,raw stage-by-checkpoint score; masked when c<s
heatmap_matrix,IE,IE,GLM-4-9B-1M,6,8,,held_out_character,raw stage-by-checkpoint score; masked when c<s
heatmap_matrix,IE,IE,GLM-4-9B-1M,7,8,,held_out_character,raw stage-by-checkpoint score; masked when c<s
heatmap_matrix,IE,IE,GLM-4-9B-1M,8,8,0.338983,held_out_character,raw stage-by-checkpoint score; masked when c<s
heatmap_matrix,IE,IE,GLM-4-9B-1M,9,8,0.220339,held_out_character,raw stage-by-checkpoint score; masked when c<s
heatmap_matrix,IE,IE,GLM-4-9B-1M,10,8,0.271186,held_out_character,raw stage-by-checkpoint score; masked when c<s
heatmap_matrix,IE,IE,GLM-4-9B-1M,1,9,,held_out_character,raw stage-by-checkpoint score; masked when c<s
heatmap_matrix,IE,IE,GLM-4-9B-1M,2,9,,held_out_character,raw stage-by-checkpoint score; masked when c<s
heatmap_matrix,IE,IE,GLM-4-9B-1M,3,9,,held_out_character,raw stage-by-checkpoint score; masked when c<s
heatmap_matrix,IE,IE,GLM-4-9B-1M,4,9,,held_out_character,raw stage-by-checkpoint score; masked when c<s
heatmap_matrix,IE,IE,GLM-4-9B-1M,5,9,,held_out_character,raw stage-by-checkpoint score; masked when c<s
heatmap_matrix,IE,IE,GLM-4-9B-1M,6,9,,held_out_character,raw stage-by-checkpoint score; masked when c<s
heatmap_matrix,IE,IE,GLM-4-9B-1M,7,9,,held_out_character,raw stage-by-checkpoint score; masked when c<s
heatmap_matrix,IE,IE,GLM-4-9B-1M,8,9,,held_out_character,raw stage-by-checkpoint score; masked when c<s
heatmap_matrix,IE,IE,GLM-4-9B-1M,9,9,0.310345,held_out_character,raw stage-by-checkpoint score; masked when c<s
heatmap_matrix,IE,IE,GLM-4-9B-1M,10,9,0.224138,held_out_character,raw stage-by-checkpoint score; masked when c<s
heatmap_matrix,IE,IE,GLM-4-9B-1M,1,10,,held_out_character,raw stage-by-checkpoint score; masked when c<s
heatmap_matrix,IE,IE,GLM-4-9B-1M,2,10,,held_out_character,raw stage-by-checkpoint score; masked when c<s
heatmap_matrix,IE,IE,GLM-4-9B-1M,3,10,,held_out_character,raw stage-by-checkpoint score; masked when c<s
heatmap_matrix,IE,IE,GLM-4-9B-1M,4,10,,held_out_character,raw stage-by-checkpoint score; masked when c<s
heatmap_matrix,IE,IE,GLM-4-9B-1M,5,10,,held_out_character,raw stage-by-checkpoint score; masked when c<s
heatmap_matrix,IE,IE,GLM-4-9B-1M,6,10,,held_out_character,raw stage-by-checkpoint score; masked when c<s
heatmap_matrix,IE,IE,GLM-4-9B-1M,7,10,,held_out_character,raw stage-by-checkpoint score; masked when c<s
heatmap_matrix,IE,IE,GLM-4-9B-1M,8,10,,held_out_character,raw stage-by-checkpoint score; masked when c<s
heatmap_matrix,IE,IE,GLM-4-9B-1M,9,10,,held_out_character,raw stage-by-checkpoint score; masked when c<s
heatmap_matrix,IE,IE,GLM-4-9B-1M,10,10,0.355932,held_out_character,raw stage-by-checkpoint score; masked when c<s
heatmap_matrix,IE,IE,Qwen3.5-9B,1,1,0.385965,held_out_character,raw stage-by-checkpoint score; masked when c<s
heatmap_matrix,IE,IE,Qwen3.5-9B,2,1,0.333333,held_out_character,raw stage-by-checkpoint score; masked when c<s
heatmap_matrix,IE,IE,Qwen3.5-9B,3,1,0.315789,held_out_character,raw stage-by-checkpoint score; masked when c<s
heatmap_matrix,IE,IE,Qwen3.5-9B,4,1,0.350877,held_out_character,raw stage-by-checkpoint score; masked when c<s
heatmap_matrix,IE,IE,Qwen3.5-9B,5,1,0.350877,held_out_character,raw stage-by-checkpoint score; masked when c<s
heatmap_matrix,IE,IE,Qwen3.5-9B,6,1,0.333333,held_out_character,raw stage-by-checkpoint score; masked when c<s
heatmap_matrix,IE,IE,Qwen3.5-9B,7,1,0.315789,held_out_character,raw stage-by-checkpoint score; masked when c<s
heatmap_matrix,IE,IE,Qwen3.5-9B,8,1,0.315789,held_out_character,raw stage-by-checkpoint score; masked when c<s
heatmap_matrix,IE,IE,Qwen3.5-9B,9,1,0.298246,held_out_character,raw stage-by-checkpoint score; masked when c<s
heatmap_matrix,IE,IE,Qwen3.5-9B,10,1,0.298246,held_out_character,raw stage-by-checkpoint score; masked when c<s
heatmap_matrix,IE,IE,Qwen3.5-9B,1,2,,held_out_character,raw stage-by-checkpoint score; masked when c<s
heatmap_matrix,IE,IE,Qwen3.5-9B,2,2,0.442623,held_out_character,raw stage-by-checkpoint score; masked when c<s
heatmap_matrix,IE,IE,Qwen3.5-9B,3,2,0.360656,held_out_character,raw stage-by-checkpoint score; masked when c<s
heatmap_matrix,IE,IE,Qwen3.5-9B,4,2,0.344262,held_out_character,raw stage-by-checkpoint score; masked when c<s
heatmap_matrix,IE,IE,Qwen3.5-9B,5,2,0.327869,held_out_character,raw stage-by-checkpoint score; masked when c<s
heatmap_matrix,IE,IE,Qwen3.5-9B,6,2,0.262295,held_out_character,raw stage-by-checkpoint score; masked when c<s
heatmap_matrix,IE,IE,Qwen3.5-9B,7,2,0.262295,held_out_character,raw stage-by-checkpoint score; masked when c<s
heatmap_matrix,IE,IE,Qwen3.5-9B,8,2,0.245902,held_out_character,raw stage-by-checkpoint score; masked when c<s
heatmap_matrix,IE,IE,Qwen3.5-9B,9,2,0.245902,held_out_character,raw stage-by-checkpoint score; masked when c<s
heatmap_matrix,IE,IE,Qwen3.5-9B,10,2,0.229508,held_out_character,raw stage-by-checkpoint score; masked when c<s
heatmap_matrix,IE,IE,Qwen3.5-9B,1,3,,held_out_character,raw stage-by-checkpoint score; masked when c<s
heatmap_matrix,IE,IE,Qwen3.5-9B,2,3,,held_out_character,raw stage-by-checkpoint score; masked when c<s
heatmap_matrix,IE,IE,Qwen3.5-9B,3,3,0.368421,held_out_character,raw stage-by-checkpoint score; masked when c<s
heatmap_matrix,IE,IE,Qwen3.5-9B,4,3,0.228070,held_out_character,raw stage-by-checkpoint score; masked when c<s
heatmap_matrix,IE,IE,Qwen3.5-9B,5,3,0.263158,held_out_character,raw stage-by-checkpoint score; masked when c<s
heatmap_matrix,IE,IE,Qwen3.5-9B,6,3,0.228070,held_out_character,raw stage-by-checkpoint score; masked when c<s
heatmap_matrix,IE,IE,Qwen3.5-9B,7,3,0.210526,held_out_character,raw stage-by-checkpoint score; masked when c<s
heatmap_matrix,IE,IE,Qwen3.5-9B,8,3,0.210526,held_out_character,raw stage-by-checkpoint score; masked when c<s
heatmap_matrix,IE,IE,Qwen3.5-9B,9,3,0.157895,held_out_character,raw stage-by-checkpoint score; masked when c<s
heatmap_matrix,IE,IE,Qwen3.5-9B,10,3,0.228070,held_out_character,raw stage-by-checkpoint score; masked when c<s
heatmap_matrix,IE,IE,Qwen3.5-9B,1,4,,held_out_character,raw stage-by-checkpoint score; masked when c<s
heatmap_matrix,IE,IE,Qwen3.5-9B,2,4,,held_out_character,raw stage-by-checkpoint score; masked when c<s
heatmap_matrix,IE,IE,Qwen3.5-9B,3,4,,held_out_character,raw stage-by-checkpoint score; masked when c<s
heatmap_matrix,IE,IE,Qwen3.5-9B,4,4,0.283333,held_out_character,raw stage-by-checkpoint score; masked when c<s
heatmap_matrix,IE,IE,Qwen3.5-9B,5,4,0.250000,held_out_character,raw stage-by-checkpoint score; masked when c<s
heatmap_matrix,IE,IE,Qwen3.5-9B,6,4,0.266667,held_out_character,raw stage-by-checkpoint score; masked when c<s
heatmap_matrix,IE,IE,Qwen3.5-9B,7,4,0.233333,held_out_character,raw stage-by-checkpoint score; masked when c<s
heatmap_matrix,IE,IE,Qwen3.5-9B,8,4,0.216667,held_out_character,raw stage-by-checkpoint score; masked when c<s
heatmap_matrix,IE,IE,Qwen3.5-9B,9,4,0.233333,held_out_character,raw stage-by-checkpoint score; masked when c<s
heatmap_matrix,IE,IE,Qwen3.5-9B,10,4,0.233333,held_out_character,raw stage-by-checkpoint score; masked when c<s
heatmap_matrix,IE,IE,Qwen3.5-9B,1,5,,held_out_character,raw stage-by-checkpoint score; masked when c<s
heatmap_matrix,IE,IE,Qwen3.5-9B,2,5,,held_out_character,raw stage-by-checkpoint score; masked when c<s
heatmap_matrix,IE,IE,Qwen3.5-9B,3,5,,held_out_character,raw stage-by-checkpoint score; masked when c<s
heatmap_matrix,IE,IE,Qwen3.5-9B,4,5,,held_out_character,raw stage-by-checkpoint score; masked when c<s
heatmap_matrix,IE,IE,Qwen3.5-9B,5,5,0.327586,held_out_character,raw stage-by-checkpoint score; masked when c<s
heatmap_matrix,IE,IE,Qwen3.5-9B,6,5,0.224138,held_out_character,raw stage-by-checkpoint score; masked when c<s
heatmap_matrix,IE,IE,Qwen3.5-9B,7,5,0.224138,held_out_character,raw stage-by-checkpoint score; masked when c<s
heatmap_matrix,IE,IE,Qwen3.5-9B,8,5,0.189655,held_out_character,raw stage-by-checkpoint score; masked when c<s
heatmap_matrix,IE,IE,Qwen3.5-9B,9,5,0.206897,held_out_character,raw stage-by-checkpoint score; masked when c<s
heatmap_matrix,IE,IE,Qwen3.5-9B,10,5,0.120690,held_out_character,raw stage-by-checkpoint score; masked when c<s
heatmap_matrix,IE,IE,Qwen3.5-9B,1,6,,held_out_character,raw stage-by-checkpoint score; masked when c<s
heatmap_matrix,IE,IE,Qwen3.5-9B,2,6,,held_out_character,raw stage-by-checkpoint score; masked when c<s
heatmap_matrix,IE,IE,Qwen3.5-9B,3,6,,held_out_character,raw stage-by-checkpoint score; masked when c<s
heatmap_matrix,IE,IE,Qwen3.5-9B,4,6,,held_out_character,raw stage-by-checkpoint score; masked when c<s
heatmap_matrix,IE,IE,Qwen3.5-9B,5,6,,held_out_character,raw stage-by-checkpoint score; masked when c<s
heatmap_matrix,IE,IE,Qwen3.5-9B,6,6,0.474576,held_out_character,raw stage-by-checkpoint score; masked when c<s
heatmap_matrix,IE,IE,Qwen3.5-9B,7,6,0.305085,held_out_character,raw stage-by-checkpoint score; masked when c<s
heatmap_matrix,IE,IE,Qwen3.5-9B,8,6,0.355932,held_out_character,raw stage-by-checkpoint score; masked when c<s
heatmap_matrix,IE,IE,Qwen3.5-9B,9,6,0.237288,held_out_character,raw stage-by-checkpoint score; masked when c<s
heatmap_matrix,IE,IE,Qwen3.5-9B,10,6,0.305085,held_out_character,raw stage-by-checkpoint score; masked when c<s
heatmap_matrix,IE,IE,Qwen3.5-9B,1,7,,held_out_character,raw stage-by-checkpoint score; masked when c<s
heatmap_matrix,IE,IE,Qwen3.5-9B,2,7,,held_out_character,raw stage-by-checkpoint score; masked when c<s
heatmap_matrix,IE,IE,Qwen3.5-9B,3,7,,held_out_character,raw stage-by-checkpoint score; masked when c<s
heatmap_matrix,IE,IE,Qwen3.5-9B,4,7,,held_out_character,raw stage-by-checkpoint score; masked when c<s
heatmap_matrix,IE,IE,Qwen3.5-9B,5,7,,held_out_character,raw stage-by-checkpoint score; masked when c<s
heatmap_matrix,IE,IE,Qwen3.5-9B,6,7,,held_out_character,raw stage-by-checkpoint score; masked when c<s
heatmap_matrix,IE,IE,Qwen3.5-9B,7,7,0.509091,held_out_character,raw stage-by-checkpoint score; masked when c<s
heatmap_matrix,IE,IE,Qwen3.5-9B,8,7,0.327273,held_out_character,raw stage-by-checkpoint score; masked when c<s
heatmap_matrix,IE,IE,Qwen3.5-9B,9,7,0.381818,held_out_character,raw stage-by-checkpoint score; masked when c<s
heatmap_matrix,IE,IE,Qwen3.5-9B,10,7,0.290909,held_out_character,raw stage-by-checkpoint score; masked when c<s
heatmap_matrix,IE,IE,Qwen3.5-9B,1,8,,held_out_character,raw stage-by-checkpoint score; masked when c<s
heatmap_matrix,IE,IE,Qwen3.5-9B,2,8,,held_out_character,raw stage-by-checkpoint score; masked when c<s
heatmap_matrix,IE,IE,Qwen3.5-9B,3,8,,held_out_character,raw stage-by-checkpoint score; masked when c<s
heatmap_matrix,IE,IE,Qwen3.5-9B,4,8,,held_out_character,raw stage-by-checkpoint score; masked when c<s
heatmap_matrix,IE,IE,Qwen3.5-9B,5,8,,held_out_character,raw stage-by-checkpoint score; masked when c<s
heatmap_matrix,IE,IE,Qwen3.5-9B,6,8,,held_out_character,raw stage-by-checkpoint score; masked when c<s
heatmap_matrix,IE,IE,Qwen3.5-9B,7,8,,held_out_character,raw stage-by-checkpoint score; masked when c<s
heatmap_matrix,IE,IE,Qwen3.5-9B,8,8,0.440678,held_out_character,raw stage-by-checkpoint score; masked when c<s
heatmap_matrix,IE,IE,Qwen3.5-9B,9,8,0.271186,held_out_character,raw stage-by-checkpoint score; masked when c<s
heatmap_matrix,IE,IE,Qwen3.5-9B,10,8,0.237288,held_out_character,raw stage-by-checkpoint score; masked when c<s
heatmap_matrix,IE,IE,Qwen3.5-9B,1,9,,held_out_character,raw stage-by-checkpoint score; masked when c<s
heatmap_matrix,IE,IE,Qwen3.5-9B,2,9,,held_out_character,raw stage-by-checkpoint score; masked when c<s
heatmap_matrix,IE,IE,Qwen3.5-9B,3,9,,held_out_character,raw stage-by-checkpoint score; masked when c<s
heatmap_matrix,IE,IE,Qwen3.5-9B,4,9,,held_out_character,raw stage-by-checkpoint score; masked when c<s
heatmap_matrix,IE,IE,Qwen3.5-9B,5,9,,held_out_character,raw stage-by-checkpoint score; masked when c<s
heatmap_matrix,IE,IE,Qwen3.5-9B,6,9,,held_out_character,raw stage-by-checkpoint score; masked when c<s
heatmap_matrix,IE,IE,Qwen3.5-9B,7,9,,held_out_character,raw stage-by-checkpoint score; masked when c<s
heatmap_matrix,IE,IE,Qwen3.5-9B,8,9,,held_out_character,raw stage-by-checkpoint score; masked when c<s
heatmap_matrix,IE,IE,Qwen3.5-9B,9,9,0.293103,held_out_character,raw stage-by-checkpoint score; masked when c<s
heatmap_matrix,IE,IE,Qwen3.5-9B,10,9,0.327586,held_out_character,raw stage-by-checkpoint score; masked when c<s
heatmap_matrix,IE,IE,Qwen3.5-9B,1,10,,held_out_character,raw stage-by-checkpoint score; masked when c<s
heatmap_matrix,IE,IE,Qwen3.5-9B,2,10,,held_out_character,raw stage-by-checkpoint score; masked when c<s
heatmap_matrix,IE,IE,Qwen3.5-9B,3,10,,held_out_character,raw stage-by-checkpoint score; masked when c<s
heatmap_matrix,IE,IE,Qwen3.5-9B,4,10,,held_out_character,raw stage-by-checkpoint score; masked when c<s
heatmap_matrix,IE,IE,Qwen3.5-9B,5,10,,held_out_character,raw stage-by-checkpoint score; masked when c<s
heatmap_matrix,IE,IE,Qwen3.5-9B,6,10,,held_out_character,raw stage-by-checkpoint score; masked when c<s
heatmap_matrix,IE,IE,Qwen3.5-9B,7,10,,held_out_character,raw stage-by-checkpoint score; masked when c<s
heatmap_matrix,IE,IE,Qwen3.5-9B,8,10,,held_out_character,raw stage-by-checkpoint score; masked when c<s
heatmap_matrix,IE,IE,Qwen3.5-9B,9,10,,held_out_character,raw stage-by-checkpoint score; masked when c<s
heatmap_matrix,IE,IE,Qwen3.5-9B,10,10,0.322034,held_out_character,raw stage-by-checkpoint score; masked when c<s
heatmap_matrix,IE,IE,Qwen2.5-7B-1M,1,1,0.298246,held_out_character,raw stage-by-checkpoint score; masked when c<s
heatmap_matrix,IE,IE,Qwen2.5-7B-1M,2,1,0.263158,held_out_character,raw stage-by-checkpoint score; masked when c<s
heatmap_matrix,IE,IE,Qwen2.5-7B-1M,3,1,0.175439,held_out_character,raw stage-by-checkpoint score; masked when c<s
heatmap_matrix,IE,IE,Qwen2.5-7B-1M,4,1,0.245614,held_out_character,raw stage-by-checkpoint score; masked when c<s
heatmap_matrix,IE,IE,Qwen2.5-7B-1M,5,1,0.280702,held_out_character,raw stage-by-checkpoint score; masked when c<s
heatmap_matrix,IE,IE,Qwen2.5-7B-1M,6,1,0.157895,held_out_character,raw stage-by-checkpoint score; masked when c<s
heatmap_matrix,IE,IE,Qwen2.5-7B-1M,7,1,0.263158,held_out_character,raw stage-by-checkpoint score; masked when c<s
heatmap_matrix,IE,IE,Qwen2.5-7B-1M,8,1,0.245614,held_out_character,raw stage-by-checkpoint score; masked when c<s
heatmap_matrix,IE,IE,Qwen2.5-7B-1M,9,1,0.245614,held_out_character,raw stage-by-checkpoint score; masked when c<s
heatmap_matrix,IE,IE,Qwen2.5-7B-1M,10,1,0.263158,held_out_character,raw stage-by-checkpoint score; masked when c<s
heatmap_matrix,IE,IE,Qwen2.5-7B-1M,1,2,,held_out_character,raw stage-by-checkpoint score; masked when c<s
heatmap_matrix,IE,IE,Qwen2.5-7B-1M,2,2,0.393443,held_out_character,raw stage-by-checkpoint score; masked when c<s
heatmap_matrix,IE,IE,Qwen2.5-7B-1M,3,2,0.278689,held_out_character,raw stage-by-checkpoint score; masked when c<s
heatmap_matrix,IE,IE,Qwen2.5-7B-1M,4,2,0.278689,held_out_character,raw stage-by-checkpoint score; masked when c<s
heatmap_matrix,IE,IE,Qwen2.5-7B-1M,5,2,0.229508,held_out_character,raw stage-by-checkpoint score; masked when c<s
heatmap_matrix,IE,IE,Qwen2.5-7B-1M,6,2,0.196721,held_out_character,raw stage-by-checkpoint score; masked when c<s
heatmap_matrix,IE,IE,Qwen2.5-7B-1M,7,2,0.262295,held_out_character,raw stage-by-checkpoint score; masked when c<s
heatmap_matrix,IE,IE,Qwen2.5-7B-1M,8,2,0.327869,held_out_character,raw stage-by-checkpoint score; masked when c<s
heatmap_matrix,IE,IE,Qwen2.5-7B-1M,9,2,0.278689,held_out_character,raw stage-by-checkpoint score; masked when c<s
heatmap_matrix,IE,IE,Qwen2.5-7B-1M,10,2,0.213115,held_out_character,raw stage-by-checkpoint score; masked when c<s
heatmap_matrix,IE,IE,Qwen2.5-7B-1M,1,3,,held_out_character,raw stage-by-checkpoint score; masked when c<s
heatmap_matrix,IE,IE,Qwen2.5-7B-1M,2,3,,held_out_character,raw stage-by-checkpoint score; masked when c<s
heatmap_matrix,IE,IE,Qwen2.5-7B-1M,3,3,0.280702,held_out_character,raw stage-by-checkpoint score; masked when c<s
heatmap_matrix,IE,IE,Qwen2.5-7B-1M,4,3,0.192982,held_out_character,raw stage-by-checkpoint score; masked when c<s
heatmap_matrix,IE,IE,Qwen2.5-7B-1M,5,3,0.175439,held_out_character,raw stage-by-checkpoint score; masked when c<s
heatmap_matrix,IE,IE,Qwen2.5-7B-1M,6,3,0.122807,held_out_character,raw stage-by-checkpoint score; masked when c<s
heatmap_matrix,IE,IE,Qwen2.5-7B-1M,7,3,0.175439,held_out_character,raw stage-by-checkpoint score; masked when c<s
heatmap_matrix,IE,IE,Qwen2.5-7B-1M,8,3,0.157895,held_out_character,raw stage-by-checkpoint score; masked when c<s
heatmap_matrix,IE,IE,Qwen2.5-7B-1M,9,3,0.192982,held_out_character,raw stage-by-checkpoint score; masked when c<s
heatmap_matrix,IE,IE,Qwen2.5-7B-1M,10,3,0.192982,held_out_character,raw stage-by-checkpoint score; masked when c<s
heatmap_matrix,IE,IE,Qwen2.5-7B-1M,1,4,,held_out_character,raw stage-by-checkpoint score; masked when c<s
heatmap_matrix,IE,IE,Qwen2.5-7B-1M,2,4,,held_out_character,raw stage-by-checkpoint score; masked when c<s
heatmap_matrix,IE,IE,Qwen2.5-7B-1M,3,4,,held_out_character,raw stage-by-checkpoint score; masked when c<s
heatmap_matrix,IE,IE,Qwen2.5-7B-1M,4,4,0.383333,held_out_character,raw stage-by-checkpoint score; masked when c<s
heatmap_matrix,IE,IE,Qwen2.5-7B-1M,5,4,0.166667,held_out_character,raw stage-by-checkpoint score; masked when c<s
heatmap_matrix,IE,IE,Qwen2.5-7B-1M,6,4,0.166667,held_out_character,raw stage-by-checkpoint score; masked when c<s
heatmap_matrix,IE,IE,Qwen2.5-7B-1M,7,4,0.233333,held_out_character,raw stage-by-checkpoint score; masked when c<s
heatmap_matrix,IE,IE,Qwen2.5-7B-1M,8,4,0.200000,held_out_character,raw stage-by-checkpoint score; masked when c<s
heatmap_matrix,IE,IE,Qwen2.5-7B-1M,9,4,0.233333,held_out_character,raw stage-by-checkpoint score; masked when c<s
heatmap_matrix,IE,IE,Qwen2.5-7B-1M,10,4,0.233333,held_out_character,raw stage-by-checkpoint score; masked when c<s
heatmap_matrix,IE,IE,Qwen2.5-7B-1M,1,5,,held_out_character,raw stage-by-checkpoint score; masked when c<s
heatmap_matrix,IE,IE,Qwen2.5-7B-1M,2,5,,held_out_character,raw stage-by-checkpoint score; masked when c<s
heatmap_matrix,IE,IE,Qwen2.5-7B-1M,3,5,,held_out_character,raw stage-by-checkpoint score; masked when c<s
heatmap_matrix,IE,IE,Qwen2.5-7B-1M,4,5,,held_out_character,raw stage-by-checkpoint score; masked when c<s
heatmap_matrix,IE,IE,Qwen2.5-7B-1M,5,5,0.275862,held_out_character,raw stage-by-checkpoint score; masked when c<s
heatmap_matrix,IE,IE,Qwen2.5-7B-1M,6,5,0.172414,held_out_character,raw stage-by-checkpoint score; masked when c<s
heatmap_matrix,IE,IE,Qwen2.5-7B-1M,7,5,0.241379,held_out_character,raw stage-by-checkpoint score; masked when c<s
heatmap_matrix,IE,IE,Qwen2.5-7B-1M,8,5,0.224138,held_out_character,raw stage-by-checkpoint score; masked when c<s
heatmap_matrix,IE,IE,Qwen2.5-7B-1M,9,5,0.155172,held_out_character,raw stage-by-checkpoint score; masked when c<s
heatmap_matrix,IE,IE,Qwen2.5-7B-1M,10,5,0.068966,held_out_character,raw stage-by-checkpoint score; masked when c<s
heatmap_matrix,IE,IE,Qwen2.5-7B-1M,1,6,,held_out_character,raw stage-by-checkpoint score; masked when c<s
heatmap_matrix,IE,IE,Qwen2.5-7B-1M,2,6,,held_out_character,raw stage-by-checkpoint score; masked when c<s
heatmap_matrix,IE,IE,Qwen2.5-7B-1M,3,6,,held_out_character,raw stage-by-checkpoint score; masked when c<s
heatmap_matrix,IE,IE,Qwen2.5-7B-1M,4,6,,held_out_character,raw stage-by-checkpoint score; masked when c<s
heatmap_matrix,IE,IE,Qwen2.5-7B-1M,5,6,,held_out_character,raw stage-by-checkpoint score; masked when c<s
heatmap_matrix,IE,IE,Qwen2.5-7B-1M,6,6,0.271186,held_out_character,raw stage-by-checkpoint score; masked when c<s
heatmap_matrix,IE,IE,Qwen2.5-7B-1M,7,6,0.288136,held_out_character,raw stage-by-checkpoint score; masked when c<s
heatmap_matrix,IE,IE,Qwen2.5-7B-1M,8,6,0.254237,held_out_character,raw stage-by-checkpoint score; masked when c<s
heatmap_matrix,IE,IE,Qwen2.5-7B-1M,9,6,0.220339,held_out_character,raw stage-by-checkpoint score; masked when c<s
heatmap_matrix,IE,IE,Qwen2.5-7B-1M,10,6,0.254237,held_out_character,raw stage-by-checkpoint score; masked when c<s
heatmap_matrix,IE,IE,Qwen2.5-7B-1M,1,7,,held_out_character,raw stage-by-checkpoint score; masked when c<s
heatmap_matrix,IE,IE,Qwen2.5-7B-1M,2,7,,held_out_character,raw stage-by-checkpoint score; masked when c<s
heatmap_matrix,IE,IE,Qwen2.5-7B-1M,3,7,,held_out_character,raw stage-by-checkpoint score; masked when c<s
heatmap_matrix,IE,IE,Qwen2.5-7B-1M,4,7,,held_out_character,raw stage-by-checkpoint score; masked when c<s
heatmap_matrix,IE,IE,Qwen2.5-7B-1M,5,7,,held_out_character,raw stage-by-checkpoint score; masked when c<s
heatmap_matrix,IE,IE,Qwen2.5-7B-1M,6,7,,held_out_character,raw stage-by-checkpoint score; masked when c<s
heatmap_matrix,IE,IE,Qwen2.5-7B-1M,7,7,0.418182,held_out_character,raw stage-by-checkpoint score; masked when c<s
heatmap_matrix,IE,IE,Qwen2.5-7B-1M,8,7,0.327273,held_out_character,raw stage-by-checkpoint score; masked when c<s
heatmap_matrix,IE,IE,Qwen2.5-7B-1M,9,7,0.345455,held_out_character,raw stage-by-checkpoint score; masked when c<s
heatmap_matrix,IE,IE,Qwen2.5-7B-1M,10,7,0.254545,held_out_character,raw stage-by-checkpoint score; masked when c<s
heatmap_matrix,IE,IE,Qwen2.5-7B-1M,1,8,,held_out_character,raw stage-by-checkpoint score; masked when c<s
heatmap_matrix,IE,IE,Qwen2.5-7B-1M,2,8,,held_out_character,raw stage-by-checkpoint score; masked when c<s
heatmap_matrix,IE,IE,Qwen2.5-7B-1M,3,8,,held_out_character,raw stage-by-checkpoint score; masked when c<s
heatmap_matrix,IE,IE,Qwen2.5-7B-1M,4,8,,held_out_character,raw stage-by-checkpoint score; masked when c<s
heatmap_matrix,IE,IE,Qwen2.5-7B-1M,5,8,,held_out_character,raw stage-by-checkpoint score; masked when c<s
heatmap_matrix,IE,IE,Qwen2.5-7B-1M,6,8,,held_out_character,raw stage-by-checkpoint score; masked when c<s
heatmap_matrix,IE,IE,Qwen2.5-7B-1M,7,8,,held_out_character,raw stage-by-checkpoint score; masked when c<s
heatmap_matrix,IE,IE,Qwen2.5-7B-1M,8,8,0.372881,held_out_character,raw stage-by-checkpoint score; masked when c<s
heatmap_matrix,IE,IE,Qwen2.5-7B-1M,9,8,0.237288,held_out_character,raw stage-by-checkpoint score; masked when c<s
heatmap_matrix,IE,IE,Qwen2.5-7B-1M,10,8,0.203390,held_out_character,raw stage-by-checkpoint score; masked when c<s
heatmap_matrix,IE,IE,Qwen2.5-7B-1M,1,9,,held_out_character,raw stage-by-checkpoint score; masked when c<s
heatmap_matrix,IE,IE,Qwen2.5-7B-1M,2,9,,held_out_character,raw stage-by-checkpoint score; masked when c<s
heatmap_matrix,IE,IE,Qwen2.5-7B-1M,3,9,,held_out_character,raw stage-by-checkpoint score; masked when c<s
heatmap_matrix,IE,IE,Qwen2.5-7B-1M,4,9,,held_out_character,raw stage-by-checkpoint score; masked when c<s
heatmap_matrix,IE,IE,Qwen2.5-7B-1M,5,9,,held_out_character,raw stage-by-checkpoint score; masked when c<s
heatmap_matrix,IE,IE,Qwen2.5-7B-1M,6,9,,held_out_character,raw stage-by-checkpoint score; masked when c<s
heatmap_matrix,IE,IE,Qwen2.5-7B-1M,7,9,,held_out_character,raw stage-by-checkpoint score; masked when c<s
heatmap_matrix,IE,IE,Qwen2.5-7B-1M,8,9,,held_out_character,raw stage-by-checkpoint score; masked when c<s
heatmap_matrix,IE,IE,Qwen2.5-7B-1M,9,9,0.344828,held_out_character,raw stage-by-checkpoint score; masked when c<s
heatmap_matrix,IE,IE,Qwen2.5-7B-1M,10,9,0.275862,held_out_character,raw stage-by-checkpoint score; masked when c<s
heatmap_matrix,IE,IE,Qwen2.5-7B-1M,1,10,,held_out_character,raw stage-by-checkpoint score; masked when c<s
heatmap_matrix,IE,IE,Qwen2.5-7B-1M,2,10,,held_out_character,raw stage-by-checkpoint score; masked when c<s
heatmap_matrix,IE,IE,Qwen2.5-7B-1M,3,10,,held_out_character,raw stage-by-checkpoint score; masked when c<s
heatmap_matrix,IE,IE,Qwen2.5-7B-1M,4,10,,held_out_character,raw stage-by-checkpoint score; masked when c<s
heatmap_matrix,IE,IE,Qwen2.5-7B-1M,5,10,,held_out_character,raw stage-by-checkpoint score; masked when c<s
heatmap_matrix,IE,IE,Qwen2.5-7B-1M,6,10,,held_out_character,raw stage-by-checkpoint score; masked when c<s
heatmap_matrix,IE,IE,Qwen2.5-7B-1M,7,10,,held_out_character,raw stage-by-checkpoint score; masked when c<s
heatmap_matrix,IE,IE,Qwen2.5-7B-1M,8,10,,held_out_character,raw stage-by-checkpoint score; masked when c<s
heatmap_matrix,IE,IE,Qwen2.5-7B-1M,9,10,,held_out_character,raw stage-by-checkpoint score; masked when c<s
heatmap_matrix,IE,IE,Qwen2.5-7B-1M,10,10,0.271186,held_out_character,raw stage-by-checkpoint score; masked when c<s
heatmap_matrix,MSR,MSR,GLM-4-9B-1M,1,1,0.089286,held_out_character,raw stage-by-checkpoint score; masked when c<s
heatmap_matrix,MSR,MSR,GLM-4-9B-1M,2,1,0.071429,held_out_character,raw stage-by-checkpoint score; masked when c<s
heatmap_matrix,MSR,MSR,GLM-4-9B-1M,3,1,0.053571,held_out_character,raw stage-by-checkpoint score; masked when c<s
heatmap_matrix,MSR,MSR,GLM-4-9B-1M,4,1,0.053571,held_out_character,raw stage-by-checkpoint score; masked when c<s
heatmap_matrix,MSR,MSR,GLM-4-9B-1M,5,1,0.089286,held_out_character,raw stage-by-checkpoint score; masked when c<s
heatmap_matrix,MSR,MSR,GLM-4-9B-1M,6,1,0.098214,held_out_character,raw stage-by-checkpoint score; masked when c<s
heatmap_matrix,MSR,MSR,GLM-4-9B-1M,7,1,0.080357,held_out_character,raw stage-by-checkpoint score; masked when c<s
heatmap_matrix,MSR,MSR,GLM-4-9B-1M,8,1,0.071429,held_out_character,raw stage-by-checkpoint score; masked when c<s
heatmap_matrix,MSR,MSR,GLM-4-9B-1M,9,1,0.044643,held_out_character,raw stage-by-checkpoint score; masked when c<s
heatmap_matrix,MSR,MSR,GLM-4-9B-1M,10,1,0.062500,held_out_character,raw stage-by-checkpoint score; masked when c<s
heatmap_matrix,MSR,MSR,GLM-4-9B-1M,1,2,,held_out_character,raw stage-by-checkpoint score; masked when c<s
heatmap_matrix,MSR,MSR,GLM-4-9B-1M,2,2,0.155172,held_out_character,raw stage-by-checkpoint score; masked when c<s
heatmap_matrix,MSR,MSR,GLM-4-9B-1M,3,2,0.103448,held_out_character,raw stage-by-checkpoint score; masked when c<s
heatmap_matrix,MSR,MSR,GLM-4-9B-1M,4,2,0.034483,held_out_character,raw stage-by-checkpoint score; masked when c<s
heatmap_matrix,MSR,MSR,GLM-4-9B-1M,5,2,0.094828,held_out_character,raw stage-by-checkpoint score; masked when c<s
heatmap_matrix,MSR,MSR,GLM-4-9B-1M,6,2,0.077586,held_out_character,raw stage-by-checkpoint score; masked when c<s
heatmap_matrix,MSR,MSR,GLM-4-9B-1M,7,2,0.060345,held_out_character,raw stage-by-checkpoint score; masked when c<s
heatmap_matrix,MSR,MSR,GLM-4-9B-1M,8,2,0.086207,held_out_character,raw stage-by-checkpoint score; masked when c<s
heatmap_matrix,MSR,MSR,GLM-4-9B-1M,9,2,0.077586,held_out_character,raw stage-by-checkpoint score; masked when c<s
heatmap_matrix,MSR,MSR,GLM-4-9B-1M,10,2,0.068966,held_out_character,raw stage-by-checkpoint score; masked when c<s
heatmap_matrix,MSR,MSR,GLM-4-9B-1M,1,3,,held_out_character,raw stage-by-checkpoint score; masked when c<s
heatmap_matrix,MSR,MSR,GLM-4-9B-1M,2,3,,held_out_character,raw stage-by-checkpoint score; masked when c<s
heatmap_matrix,MSR,MSR,GLM-4-9B-1M,3,3,0.157895,held_out_character,raw stage-by-checkpoint score; masked when c<s
heatmap_matrix,MSR,MSR,GLM-4-9B-1M,4,3,0.105263,held_out_character,raw stage-by-checkpoint score; masked when c<s
heatmap_matrix,MSR,MSR,GLM-4-9B-1M,5,3,0.035088,held_out_character,raw stage-by-checkpoint score; masked when c<s
heatmap_matrix,MSR,MSR,GLM-4-9B-1M,6,3,0.096491,held_out_character,raw stage-by-checkpoint score; masked when c<s
heatmap_matrix,MSR,MSR,GLM-4-9B-1M,7,3,0.026316,held_out_character,raw stage-by-checkpoint score; masked when c<s
heatmap_matrix,MSR,MSR,GLM-4-9B-1M,8,3,0.061404,held_out_character,raw stage-by-checkpoint score; masked when c<s
heatmap_matrix,MSR,MSR,GLM-4-9B-1M,9,3,0.043860,held_out_character,raw stage-by-checkpoint score; masked when c<s
heatmap_matrix,MSR,MSR,GLM-4-9B-1M,10,3,0.070175,held_out_character,raw stage-by-checkpoint score; masked when c<s
heatmap_matrix,MSR,MSR,GLM-4-9B-1M,1,4,,held_out_character,raw stage-by-checkpoint score; masked when c<s
heatmap_matrix,MSR,MSR,GLM-4-9B-1M,2,4,,held_out_character,raw stage-by-checkpoint score; masked when c<s
heatmap_matrix,MSR,MSR,GLM-4-9B-1M,3,4,,held_out_character,raw stage-by-checkpoint score; masked when c<s
heatmap_matrix,MSR,MSR,GLM-4-9B-1M,4,4,0.186441,held_out_character,raw stage-by-checkpoint score; masked when c<s
heatmap_matrix,MSR,MSR,GLM-4-9B-1M,5,4,0.110169,held_out_character,raw stage-by-checkpoint score; masked when c<s
heatmap_matrix,MSR,MSR,GLM-4-9B-1M,6,4,0.084746,held_out_character,raw stage-by-checkpoint score; masked when c<s
heatmap_matrix,MSR,MSR,GLM-4-9B-1M,7,4,0.118644,held_out_character,raw stage-by-checkpoint score; masked when c<s
heatmap_matrix,MSR,MSR,GLM-4-9B-1M,8,4,0.076271,held_out_character,raw stage-by-checkpoint score; masked when c<s
heatmap_matrix,MSR,MSR,GLM-4-9B-1M,9,4,0.067797,held_out_character,raw stage-by-checkpoint score; masked when c<s
heatmap_matrix,MSR,MSR,GLM-4-9B-1M,10,4,0.067797,held_out_character,raw stage-by-checkpoint score; masked when c<s
heatmap_matrix,MSR,MSR,GLM-4-9B-1M,1,5,,held_out_character,raw stage-by-checkpoint score; masked when c<s
heatmap_matrix,MSR,MSR,GLM-4-9B-1M,2,5,,held_out_character,raw stage-by-checkpoint score; masked when c<s
heatmap_matrix,MSR,MSR,GLM-4-9B-1M,3,5,,held_out_character,raw stage-by-checkpoint score; masked when c<s
heatmap_matrix,MSR,MSR,GLM-4-9B-1M,4,5,,held_out_character,raw stage-by-checkpoint score; masked when c<s
heatmap_matrix,MSR,MSR,GLM-4-9B-1M,5,5,0.169492,held_out_character,raw stage-by-checkpoint score; masked when c<s
heatmap_matrix,MSR,MSR,GLM-4-9B-1M,6,5,0.144068,held_out_character,raw stage-by-checkpoint score; masked when c<s
heatmap_matrix,MSR,MSR,GLM-4-9B-1M,7,5,0.067797,held_out_character,raw stage-by-checkpoint score; masked when c<s
heatmap_matrix,MSR,MSR,GLM-4-9B-1M,8,5,0.025424,held_out_character,raw stage-by-checkpoint score; masked when c<s
heatmap_matrix,MSR,MSR,GLM-4-9B-1M,9,5,0.076271,held_out_character,raw stage-by-checkpoint score; masked when c<s
heatmap_matrix,MSR,MSR,GLM-4-9B-1M,10,5,0.118644,held_out_character,raw stage-by-checkpoint score; masked when c<s
heatmap_matrix,MSR,MSR,GLM-4-9B-1M,1,6,,held_out_character,raw stage-by-checkpoint score; masked when c<s
heatmap_matrix,MSR,MSR,GLM-4-9B-1M,2,6,,held_out_character,raw stage-by-checkpoint score; masked when c<s
heatmap_matrix,MSR,MSR,GLM-4-9B-1M,3,6,,held_out_character,raw stage-by-checkpoint score; masked when c<s
heatmap_matrix,MSR,MSR,GLM-4-9B-1M,4,6,,held_out_character,raw stage-by-checkpoint score; masked when c<s
heatmap_matrix,MSR,MSR,GLM-4-9B-1M,5,6,,held_out_character,raw stage-by-checkpoint score; masked when c<s
heatmap_matrix,MSR,MSR,GLM-4-9B-1M,6,6,0.166667,held_out_character,raw stage-by-checkpoint score; masked when c<s
heatmap_matrix,MSR,MSR,GLM-4-9B-1M,7,6,0.131579,held_out_character,raw stage-by-checkpoint score; masked when c<s
heatmap_matrix,MSR,MSR,GLM-4-9B-1M,8,6,0.078947,held_out_character,raw stage-by-checkpoint score; masked when c<s
heatmap_matrix,MSR,MSR,GLM-4-9B-1M,9,6,0.114035,held_out_character,raw stage-by-checkpoint score; masked when c<s
heatmap_matrix,MSR,MSR,GLM-4-9B-1M,10,6,0.096491,held_out_character,raw stage-by-checkpoint score; masked when c<s
heatmap_matrix,MSR,MSR,GLM-4-9B-1M,1,7,,held_out_character,raw stage-by-checkpoint score; masked when c<s
heatmap_matrix,MSR,MSR,GLM-4-9B-1M,2,7,,held_out_character,raw stage-by-checkpoint score; masked when c<s
heatmap_matrix,MSR,MSR,GLM-4-9B-1M,3,7,,held_out_character,raw stage-by-checkpoint score; masked when c<s
heatmap_matrix,MSR,MSR,GLM-4-9B-1M,4,7,,held_out_character,raw stage-by-checkpoint score; masked when c<s
heatmap_matrix,MSR,MSR,GLM-4-9B-1M,5,7,,held_out_character,raw stage-by-checkpoint score; masked when c<s
heatmap_matrix,MSR,MSR,GLM-4-9B-1M,6,7,,held_out_character,raw stage-by-checkpoint score; masked when c<s
heatmap_matrix,MSR,MSR,GLM-4-9B-1M,7,7,0.181034,held_out_character,raw stage-by-checkpoint score; masked when c<s
heatmap_matrix,MSR,MSR,GLM-4-9B-1M,8,7,0.137931,held_out_character,raw stage-by-checkpoint score; masked when c<s
heatmap_matrix,MSR,MSR,GLM-4-9B-1M,9,7,0.112069,held_out_character,raw stage-by-checkpoint score; masked when c<s
heatmap_matrix,MSR,MSR,GLM-4-9B-1M,10,7,0.077586,held_out_character,raw stage-by-checkpoint score; masked when c<s
heatmap_matrix,MSR,MSR,GLM-4-9B-1M,1,8,,held_out_character,raw stage-by-checkpoint score; masked when c<s
heatmap_matrix,MSR,MSR,GLM-4-9B-1M,2,8,,held_out_character,raw stage-by-checkpoint score; masked when c<s
heatmap_matrix,MSR,MSR,GLM-4-9B-1M,3,8,,held_out_character,raw stage-by-checkpoint score; masked when c<s
heatmap_matrix,MSR,MSR,GLM-4-9B-1M,4,8,,held_out_character,raw stage-by-checkpoint score; masked when c<s
heatmap_matrix,MSR,MSR,GLM-4-9B-1M,5,8,,held_out_character,raw stage-by-checkpoint score; masked when c<s
heatmap_matrix,MSR,MSR,GLM-4-9B-1M,6,8,,held_out_character,raw stage-by-checkpoint score; masked when c<s
heatmap_matrix,MSR,MSR,GLM-4-9B-1M,7,8,,held_out_character,raw stage-by-checkpoint score; masked when c<s
heatmap_matrix,MSR,MSR,GLM-4-9B-1M,8,8,0.107143,held_out_character,raw stage-by-checkpoint score; masked when c<s
heatmap_matrix,MSR,MSR,GLM-4-9B-1M,9,8,0.026786,held_out_character,raw stage-by-checkpoint score; masked when c<s
heatmap_matrix,MSR,MSR,GLM-4-9B-1M,10,8,0.107143,held_out_character,raw stage-by-checkpoint score; masked when c<s
heatmap_matrix,MSR,MSR,GLM-4-9B-1M,1,9,,held_out_character,raw stage-by-checkpoint score; masked when c<s
heatmap_matrix,MSR,MSR,GLM-4-9B-1M,2,9,,held_out_character,raw stage-by-checkpoint score; masked when c<s
heatmap_matrix,MSR,MSR,GLM-4-9B-1M,3,9,,held_out_character,raw stage-by-checkpoint score; masked when c<s
heatmap_matrix,MSR,MSR,GLM-4-9B-1M,4,9,,held_out_character,raw stage-by-checkpoint score; masked when c<s
heatmap_matrix,MSR,MSR,GLM-4-9B-1M,5,9,,held_out_character,raw stage-by-checkpoint score; masked when c<s
heatmap_matrix,MSR,MSR,GLM-4-9B-1M,6,9,,held_out_character,raw stage-by-checkpoint score; masked when c<s
heatmap_matrix,MSR,MSR,GLM-4-9B-1M,7,9,,held_out_character,raw stage-by-checkpoint score; masked when c<s
heatmap_matrix,MSR,MSR,GLM-4-9B-1M,8,9,,held_out_character,raw stage-by-checkpoint score; masked when c<s
heatmap_matrix,MSR,MSR,GLM-4-9B-1M,9,9,0.149123,held_out_character,raw stage-by-checkpoint score; masked when c<s
heatmap_matrix,MSR,MSR,GLM-4-9B-1M,10,9,0.105263,held_out_character,raw stage-by-checkpoint score; masked when c<s
heatmap_matrix,MSR,MSR,GLM-4-9B-1M,1,10,,held_out_character,raw stage-by-checkpoint score; masked when c<s
heatmap_matrix,MSR,MSR,GLM-4-9B-1M,2,10,,held_out_character,raw stage-by-checkpoint score; masked when c<s
heatmap_matrix,MSR,MSR,GLM-4-9B-1M,3,10,,held_out_character,raw stage-by-checkpoint score; masked when c<s
heatmap_matrix,MSR,MSR,GLM-4-9B-1M,4,10,,held_out_character,raw stage-by-checkpoint score; masked when c<s
heatmap_matrix,MSR,MSR,GLM-4-9B-1M,5,10,,held_out_character,raw stage-by-checkpoint score; masked when c<s
heatmap_matrix,MSR,MSR,GLM-4-9B-1M,6,10,,held_out_character,raw stage-by-checkpoint score; masked when c<s
heatmap_matrix,MSR,MSR,GLM-4-9B-1M,7,10,,held_out_character,raw stage-by-checkpoint score; masked when c<s
heatmap_matrix,MSR,MSR,GLM-4-9B-1M,8,10,,held_out_character,raw stage-by-checkpoint score; masked when c<s
heatmap_matrix,MSR,MSR,GLM-4-9B-1M,9,10,,held_out_character,raw stage-by-checkpoint score; masked when c<s
heatmap_matrix,MSR,MSR,GLM-4-9B-1M,10,10,0.175000,held_out_character,raw stage-by-checkpoint score; masked when c<s
heatmap_matrix,MSR,MSR,Qwen3.5-9B,1,1,0.151786,held_out_character,raw stage-by-checkpoint score; masked when c<s
heatmap_matrix,MSR,MSR,Qwen3.5-9B,2,1,0.080357,held_out_character,raw stage-by-checkpoint score; masked when c<s
heatmap_matrix,MSR,MSR,Qwen3.5-9B,3,1,0.098214,held_out_character,raw stage-by-checkpoint score; masked when c<s
heatmap_matrix,MSR,MSR,Qwen3.5-9B,4,1,0.053571,held_out_character,raw stage-by-checkpoint score; masked when c<s
heatmap_matrix,MSR,MSR,Qwen3.5-9B,5,1,0.080357,held_out_character,raw stage-by-checkpoint score; masked when c<s
heatmap_matrix,MSR,MSR,Qwen3.5-9B,6,1,0.071429,held_out_character,raw stage-by-checkpoint score; masked when c<s
heatmap_matrix,MSR,MSR,Qwen3.5-9B,7,1,0.089286,held_out_character,raw stage-by-checkpoint score; masked when c<s
heatmap_matrix,MSR,MSR,Qwen3.5-9B,8,1,0.089286,held_out_character,raw stage-by-checkpoint score; masked when c<s
heatmap_matrix,MSR,MSR,Qwen3.5-9B,9,1,0.053571,held_out_character,raw stage-by-checkpoint score; masked when c<s
heatmap_matrix,MSR,MSR,Qwen3.5-9B,10,1,0.089286,held_out_character,raw stage-by-checkpoint score; masked when c<s
heatmap_matrix,MSR,MSR,Qwen3.5-9B,1,2,,held_out_character,raw stage-by-checkpoint score; masked when c<s
heatmap_matrix,MSR,MSR,Qwen3.5-9B,2,2,0.146552,held_out_character,raw stage-by-checkpoint score; masked when c<s
heatmap_matrix,MSR,MSR,Qwen3.5-9B,3,2,0.129310,held_out_character,raw stage-by-checkpoint score; masked when c<s
heatmap_matrix,MSR,MSR,Qwen3.5-9B,4,2,0.060345,held_out_character,raw stage-by-checkpoint score; masked when c<s
heatmap_matrix,MSR,MSR,Qwen3.5-9B,5,2,0.086207,held_out_character,raw stage-by-checkpoint score; masked when c<s
heatmap_matrix,MSR,MSR,Qwen3.5-9B,6,2,0.112069,held_out_character,raw stage-by-checkpoint score; masked when c<s
heatmap_matrix,MSR,MSR,Qwen3.5-9B,7,2,0.094828,held_out_character,raw stage-by-checkpoint score; masked when c<s
heatmap_matrix,MSR,MSR,Qwen3.5-9B,8,2,0.094828,held_out_character,raw stage-by-checkpoint score; masked when c<s
heatmap_matrix,MSR,MSR,Qwen3.5-9B,9,2,0.086207,held_out_character,raw stage-by-checkpoint score; masked when c<s
heatmap_matrix,MSR,MSR,Qwen3.5-9B,10,2,0.112069,held_out_character,raw stage-by-checkpoint score; masked when c<s
heatmap_matrix,MSR,MSR,Qwen3.5-9B,1,3,,held_out_character,raw stage-by-checkpoint score; masked when c<s
heatmap_matrix,MSR,MSR,Qwen3.5-9B,2,3,,held_out_character,raw stage-by-checkpoint score; masked when c<s
heatmap_matrix,MSR,MSR,Qwen3.5-9B,3,3,0.175439,held_out_character,raw stage-by-checkpoint score; masked when c<s
heatmap_matrix,MSR,MSR,Qwen3.5-9B,4,3,0.149123,held_out_character,raw stage-by-checkpoint score; masked when c<s
heatmap_matrix,MSR,MSR,Qwen3.5-9B,5,3,0.105263,held_out_character,raw stage-by-checkpoint score; masked when c<s
heatmap_matrix,MSR,MSR,Qwen3.5-9B,6,3,0.131579,held_out_character,raw stage-by-checkpoint score; masked when c<s
heatmap_matrix,MSR,MSR,Qwen3.5-9B,7,3,0.122807,held_out_character,raw stage-by-checkpoint score; masked when c<s
heatmap_matrix,MSR,MSR,Qwen3.5-9B,8,3,0.131579,held_out_character,raw stage-by-checkpoint score; masked when c<s
heatmap_matrix,MSR,MSR,Qwen3.5-9B,9,3,0.122807,held_out_character,raw stage-by-checkpoint score; masked when c<s
heatmap_matrix,MSR,MSR,Qwen3.5-9B,10,3,0.114035,held_out_character,raw stage-by-checkpoint score; masked when c<s
heatmap_matrix,MSR,MSR,Qwen3.5-9B,1,4,,held_out_character,raw stage-by-checkpoint score; masked when c<s
heatmap_matrix,MSR,MSR,Qwen3.5-9B,2,4,,held_out_character,raw stage-by-checkpoint score; masked when c<s
heatmap_matrix,MSR,MSR,Qwen3.5-9B,3,4,,held_out_character,raw stage-by-checkpoint score; masked when c<s
heatmap_matrix,MSR,MSR,Qwen3.5-9B,4,4,0.093220,held_out_character,raw stage-by-checkpoint score; masked when c<s
heatmap_matrix,MSR,MSR,Qwen3.5-9B,5,4,0.127119,held_out_character,raw stage-by-checkpoint score; masked when c<s
heatmap_matrix,MSR,MSR,Qwen3.5-9B,6,4,0.110169,held_out_character,raw stage-by-checkpoint score; masked when c<s
heatmap_matrix,MSR,MSR,Qwen3.5-9B,7,4,0.144068,held_out_character,raw stage-by-checkpoint score; masked when c<s
heatmap_matrix,MSR,MSR,Qwen3.5-9B,8,4,0.144068,held_out_character,raw stage-by-checkpoint score; masked when c<s
heatmap_matrix,MSR,MSR,Qwen3.5-9B,9,4,0.067797,held_out_character,raw stage-by-checkpoint score; masked when c<s
heatmap_matrix,MSR,MSR,Qwen3.5-9B,10,4,0.101695,held_out_character,raw stage-by-checkpoint score; masked when c<s
heatmap_matrix,MSR,MSR,Qwen3.5-9B,1,5,,held_out_character,raw stage-by-checkpoint score; masked when c<s
heatmap_matrix,MSR,MSR,Qwen3.5-9B,2,5,,held_out_character,raw stage-by-checkpoint score; masked when c<s
heatmap_matrix,MSR,MSR,Qwen3.5-9B,3,5,,held_out_character,raw stage-by-checkpoint score; masked when c<s
heatmap_matrix,MSR,MSR,Qwen3.5-9B,4,5,,held_out_character,raw stage-by-checkpoint score; masked when c<s
heatmap_matrix,MSR,MSR,Qwen3.5-9B,5,5,0.127119,held_out_character,raw stage-by-checkpoint score; masked when c<s
heatmap_matrix,MSR,MSR,Qwen3.5-9B,6,5,0.067797,held_out_character,raw stage-by-checkpoint score; masked when c<s
heatmap_matrix,MSR,MSR,Qwen3.5-9B,7,5,0.135593,held_out_character,raw stage-by-checkpoint score; masked when c<s
heatmap_matrix,MSR,MSR,Qwen3.5-9B,8,5,0.093220,held_out_character,raw stage-by-checkpoint score; masked when c<s
heatmap_matrix,MSR,MSR,Qwen3.5-9B,9,5,0.093220,held_out_character,raw stage-by-checkpoint score; masked when c<s
heatmap_matrix,MSR,MSR,Qwen3.5-9B,10,5,0.076271,held_out_character,raw stage-by-checkpoint score; masked when c<s
heatmap_matrix,MSR,MSR,Qwen3.5-9B,1,6,,held_out_character,raw stage-by-checkpoint score; masked when c<s
heatmap_matrix,MSR,MSR,Qwen3.5-9B,2,6,,held_out_character,raw stage-by-checkpoint score; masked when c<s
heatmap_matrix,MSR,MSR,Qwen3.5-9B,3,6,,held_out_character,raw stage-by-checkpoint score; masked when c<s
heatmap_matrix,MSR,MSR,Qwen3.5-9B,4,6,,held_out_character,raw stage-by-checkpoint score; masked when c<s
heatmap_matrix,MSR,MSR,Qwen3.5-9B,5,6,,held_out_character,raw stage-by-checkpoint score; masked when c<s
heatmap_matrix,MSR,MSR,Qwen3.5-9B,6,6,0.122807,held_out_character,raw stage-by-checkpoint score; masked when c<s
heatmap_matrix,MSR,MSR,Qwen3.5-9B,7,6,0.096491,held_out_character,raw stage-by-checkpoint score; masked when c<s
heatmap_matrix,MSR,MSR,Qwen3.5-9B,8,6,0.140351,held_out_character,raw stage-by-checkpoint score; masked when c<s
heatmap_matrix,MSR,MSR,Qwen3.5-9B,9,6,0.105263,held_out_character,raw stage-by-checkpoint score; masked when c<s
heatmap_matrix,MSR,MSR,Qwen3.5-9B,10,6,0.140351,held_out_character,raw stage-by-checkpoint score; masked when c<s
heatmap_matrix,MSR,MSR,Qwen3.5-9B,1,7,,held_out_character,raw stage-by-checkpoint score; masked when c<s
heatmap_matrix,MSR,MSR,Qwen3.5-9B,2,7,,held_out_character,raw stage-by-checkpoint score; masked when c<s
heatmap_matrix,MSR,MSR,Qwen3.5-9B,3,7,,held_out_character,raw stage-by-checkpoint score; masked when c<s
heatmap_matrix,MSR,MSR,Qwen3.5-9B,4,7,,held_out_character,raw stage-by-checkpoint score; masked when c<s
heatmap_matrix,MSR,MSR,Qwen3.5-9B,5,7,,held_out_character,raw stage-by-checkpoint score; masked when c<s
heatmap_matrix,MSR,MSR,Qwen3.5-9B,6,7,,held_out_character,raw stage-by-checkpoint score; masked when c<s
heatmap_matrix,MSR,MSR,Qwen3.5-9B,7,7,0.172414,held_out_character,raw stage-by-checkpoint score; masked when c<s
heatmap_matrix,MSR,MSR,Qwen3.5-9B,8,7,0.137931,held_out_character,raw stage-by-checkpoint score; masked when c<s
heatmap_matrix,MSR,MSR,Qwen3.5-9B,9,7,0.120690,held_out_character,raw stage-by-checkpoint score; masked when c<s
heatmap_matrix,MSR,MSR,Qwen3.5-9B,10,7,0.112069,held_out_character,raw stage-by-checkpoint score; masked when c<s
heatmap_matrix,MSR,MSR,Qwen3.5-9B,1,8,,held_out_character,raw stage-by-checkpoint score; masked when c<s
heatmap_matrix,MSR,MSR,Qwen3.5-9B,2,8,,held_out_character,raw stage-by-checkpoint score; masked when c<s
heatmap_matrix,MSR,MSR,Qwen3.5-9B,3,8,,held_out_character,raw stage-by-checkpoint score; masked when c<s
heatmap_matrix,MSR,MSR,Qwen3.5-9B,4,8,,held_out_character,raw stage-by-checkpoint score; masked when c<s
heatmap_matrix,MSR,MSR,Qwen3.5-9B,5,8,,held_out_character,raw stage-by-checkpoint score; masked when c<s
heatmap_matrix,MSR,MSR,Qwen3.5-9B,6,8,,held_out_character,raw stage-by-checkpoint score; masked when c<s
heatmap_matrix,MSR,MSR,Qwen3.5-9B,7,8,,held_out_character,raw stage-by-checkpoint score; masked when c<s
heatmap_matrix,MSR,MSR,Qwen3.5-9B,8,8,0.089286,held_out_character,raw stage-by-checkpoint score; masked when c<s
heatmap_matrix,MSR,MSR,Qwen3.5-9B,9,8,0.044643,held_out_character,raw stage-by-checkpoint score; masked when c<s
heatmap_matrix,MSR,MSR,Qwen3.5-9B,10,8,0.098214,held_out_character,raw stage-by-checkpoint score; masked when c<s
heatmap_matrix,MSR,MSR,Qwen3.5-9B,1,9,,held_out_character,raw stage-by-checkpoint score; masked when c<s
heatmap_matrix,MSR,MSR,Qwen3.5-9B,2,9,,held_out_character,raw stage-by-checkpoint score; masked when c<s
heatmap_matrix,MSR,MSR,Qwen3.5-9B,3,9,,held_out_character,raw stage-by-checkpoint score; masked when c<s
heatmap_matrix,MSR,MSR,Qwen3.5-9B,4,9,,held_out_character,raw stage-by-checkpoint score; masked when c<s
heatmap_matrix,MSR,MSR,Qwen3.5-9B,5,9,,held_out_character,raw stage-by-checkpoint score; masked when c<s
heatmap_matrix,MSR,MSR,Qwen3.5-9B,6,9,,held_out_character,raw stage-by-checkpoint score; masked when c<s
heatmap_matrix,MSR,MSR,Qwen3.5-9B,7,9,,held_out_character,raw stage-by-checkpoint score; masked when c<s
heatmap_matrix,MSR,MSR,Qwen3.5-9B,8,9,,held_out_character,raw stage-by-checkpoint score; masked when c<s
heatmap_matrix,MSR,MSR,Qwen3.5-9B,9,9,0.122807,held_out_character,raw stage-by-checkpoint score; masked when c<s
heatmap_matrix,MSR,MSR,Qwen3.5-9B,10,9,0.105263,held_out_character,raw stage-by-checkpoint score; masked when c<s
heatmap_matrix,MSR,MSR,Qwen3.5-9B,1,10,,held_out_character,raw stage-by-checkpoint score; masked when c<s
heatmap_matrix,MSR,MSR,Qwen3.5-9B,2,10,,held_out_character,raw stage-by-checkpoint score; masked when c<s
heatmap_matrix,MSR,MSR,Qwen3.5-9B,3,10,,held_out_character,raw stage-by-checkpoint score; masked when c<s
heatmap_matrix,MSR,MSR,Qwen3.5-9B,4,10,,held_out_character,raw stage-by-checkpoint score; masked when c<s
heatmap_matrix,MSR,MSR,Qwen3.5-9B,5,10,,held_out_character,raw stage-by-checkpoint score; masked when c<s
heatmap_matrix,MSR,MSR,Qwen3.5-9B,6,10,,held_out_character,raw stage-by-checkpoint score; masked when c<s
heatmap_matrix,MSR,MSR,Qwen3.5-9B,7,10,,held_out_character,raw stage-by-checkpoint score; masked when c<s
heatmap_matrix,MSR,MSR,Qwen3.5-9B,8,10,,held_out_character,raw stage-by-checkpoint score; masked when c<s
heatmap_matrix,MSR,MSR,Qwen3.5-9B,9,10,,held_out_character,raw stage-by-checkpoint score; masked when c<s
heatmap_matrix,MSR,MSR,Qwen3.5-9B,10,10,0.125000,held_out_character,raw stage-by-checkpoint score; masked when c<s
heatmap_matrix,MSR,MSR,Qwen2.5-7B-1M,1,1,0.062500,held_out_character,raw stage-by-checkpoint score; masked when c<s
heatmap_matrix,MSR,MSR,Qwen2.5-7B-1M,2,1,0.080357,held_out_character,raw stage-by-checkpoint score; masked when c<s
heatmap_matrix,MSR,MSR,Qwen2.5-7B-1M,3,1,0.098214,held_out_character,raw stage-by-checkpoint score; masked when c<s
heatmap_matrix,MSR,MSR,Qwen2.5-7B-1M,4,1,0.062500,held_out_character,raw stage-by-checkpoint score; masked when c<s
heatmap_matrix,MSR,MSR,Qwen2.5-7B-1M,5,1,0.089286,held_out_character,raw stage-by-checkpoint score; masked when c<s
heatmap_matrix,MSR,MSR,Qwen2.5-7B-1M,6,1,0.116071,held_out_character,raw stage-by-checkpoint score; masked when c<s
heatmap_matrix,MSR,MSR,Qwen2.5-7B-1M,7,1,0.053571,held_out_character,raw stage-by-checkpoint score; masked when c<s
heatmap_matrix,MSR,MSR,Qwen2.5-7B-1M,8,1,0.098214,held_out_character,raw stage-by-checkpoint score; masked when c<s
heatmap_matrix,MSR,MSR,Qwen2.5-7B-1M,9,1,0.062500,held_out_character,raw stage-by-checkpoint score; masked when c<s
heatmap_matrix,MSR,MSR,Qwen2.5-7B-1M,10,1,0.089286,held_out_character,raw stage-by-checkpoint score; masked when c<s
heatmap_matrix,MSR,MSR,Qwen2.5-7B-1M,1,2,,held_out_character,raw stage-by-checkpoint score; masked when c<s
heatmap_matrix,MSR,MSR,Qwen2.5-7B-1M,2,2,0.094828,held_out_character,raw stage-by-checkpoint score; masked when c<s
heatmap_matrix,MSR,MSR,Qwen2.5-7B-1M,3,2,0.060345,held_out_character,raw stage-by-checkpoint score; masked when c<s
heatmap_matrix,MSR,MSR,Qwen2.5-7B-1M,4,2,0.086207,held_out_character,raw stage-by-checkpoint score; masked when c<s
heatmap_matrix,MSR,MSR,Qwen2.5-7B-1M,5,2,0.051724,held_out_character,raw stage-by-checkpoint score; masked when c<s
heatmap_matrix,MSR,MSR,Qwen2.5-7B-1M,6,2,0.086207,held_out_character,raw stage-by-checkpoint score; masked when c<s
heatmap_matrix,MSR,MSR,Qwen2.5-7B-1M,7,2,0.060345,held_out_character,raw stage-by-checkpoint score; masked when c<s
heatmap_matrix,MSR,MSR,Qwen2.5-7B-1M,8,2,0.043103,held_out_character,raw stage-by-checkpoint score; masked when c<s
heatmap_matrix,MSR,MSR,Qwen2.5-7B-1M,9,2,0.068966,held_out_character,raw stage-by-checkpoint score; masked when c<s
heatmap_matrix,MSR,MSR,Qwen2.5-7B-1M,10,2,0.155172,held_out_character,raw stage-by-checkpoint score; masked when c<s
heatmap_matrix,MSR,MSR,Qwen2.5-7B-1M,1,3,,held_out_character,raw stage-by-checkpoint score; masked when c<s
heatmap_matrix,MSR,MSR,Qwen2.5-7B-1M,2,3,,held_out_character,raw stage-by-checkpoint score; masked when c<s
heatmap_matrix,MSR,MSR,Qwen2.5-7B-1M,3,3,0.131579,held_out_character,raw stage-by-checkpoint score; masked when c<s
heatmap_matrix,MSR,MSR,Qwen2.5-7B-1M,4,3,0.096491,held_out_character,raw stage-by-checkpoint score; masked when c<s
heatmap_matrix,MSR,MSR,Qwen2.5-7B-1M,5,3,0.114035,held_out_character,raw stage-by-checkpoint score; masked when c<s
heatmap_matrix,MSR,MSR,Qwen2.5-7B-1M,6,3,0.070175,held_out_character,raw stage-by-checkpoint score; masked when c<s
heatmap_matrix,MSR,MSR,Qwen2.5-7B-1M,7,3,0.043860,held_out_character,raw stage-by-checkpoint score; masked when c<s
heatmap_matrix,MSR,MSR,Qwen2.5-7B-1M,8,3,0.026316,held_out_character,raw stage-by-checkpoint score; masked when c<s
heatmap_matrix,MSR,MSR,Qwen2.5-7B-1M,9,3,0.078947,held_out_character,raw stage-by-checkpoint score; masked when c<s
heatmap_matrix,MSR,MSR,Qwen2.5-7B-1M,10,3,0.070175,held_out_character,raw stage-by-checkpoint score; masked when c<s
heatmap_matrix,MSR,MSR,Qwen2.5-7B-1M,1,4,,held_out_character,raw stage-by-checkpoint score; masked when c<s
heatmap_matrix,MSR,MSR,Qwen2.5-7B-1M,2,4,,held_out_character,raw stage-by-checkpoint score; masked when c<s
heatmap_matrix,MSR,MSR,Qwen2.5-7B-1M,3,4,,held_out_character,raw stage-by-checkpoint score; masked when c<s
heatmap_matrix,MSR,MSR,Qwen2.5-7B-1M,4,4,0.101695,held_out_character,raw stage-by-checkpoint score; masked when c<s
heatmap_matrix,MSR,MSR,Qwen2.5-7B-1M,5,4,0.084746,held_out_character,raw stage-by-checkpoint score; masked when c<s
heatmap_matrix,MSR,MSR,Qwen2.5-7B-1M,6,4,0.101695,held_out_character,raw stage-by-checkpoint score; masked when c<s
heatmap_matrix,MSR,MSR,Qwen2.5-7B-1M,7,4,0.042373,held_out_character,raw stage-by-checkpoint score; masked when c<s
heatmap_matrix,MSR,MSR,Qwen2.5-7B-1M,8,4,0.059322,held_out_character,raw stage-by-checkpoint score; masked when c<s
heatmap_matrix,MSR,MSR,Qwen2.5-7B-1M,9,4,0.059322,held_out_character,raw stage-by-checkpoint score; masked when c<s
heatmap_matrix,MSR,MSR,Qwen2.5-7B-1M,10,4,0.067797,held_out_character,raw stage-by-checkpoint score; masked when c<s
heatmap_matrix,MSR,MSR,Qwen2.5-7B-1M,1,5,,held_out_character,raw stage-by-checkpoint score; masked when c<s
heatmap_matrix,MSR,MSR,Qwen2.5-7B-1M,2,5,,held_out_character,raw stage-by-checkpoint score; masked when c<s
heatmap_matrix,MSR,MSR,Qwen2.5-7B-1M,3,5,,held_out_character,raw stage-by-checkpoint score; masked when c<s
heatmap_matrix,MSR,MSR,Qwen2.5-7B-1M,4,5,,held_out_character,raw stage-by-checkpoint score; masked when c<s
heatmap_matrix,MSR,MSR,Qwen2.5-7B-1M,5,5,0.084746,held_out_character,raw stage-by-checkpoint score; masked when c<s
heatmap_matrix,MSR,MSR,Qwen2.5-7B-1M,6,5,0.076271,held_out_character,raw stage-by-checkpoint score; masked when c<s
heatmap_matrix,MSR,MSR,Qwen2.5-7B-1M,7,5,0.135593,held_out_character,raw stage-by-checkpoint score; masked when c<s
heatmap_matrix,MSR,MSR,Qwen2.5-7B-1M,8,5,0.101695,held_out_character,raw stage-by-checkpoint score; masked when c<s
heatmap_matrix,MSR,MSR,Qwen2.5-7B-1M,9,5,0.093220,held_out_character,raw stage-by-checkpoint score; masked when c<s
heatmap_matrix,MSR,MSR,Qwen2.5-7B-1M,10,5,0.135593,held_out_character,raw stage-by-checkpoint score; masked when c<s
heatmap_matrix,MSR,MSR,Qwen2.5-7B-1M,1,6,,held_out_character,raw stage-by-checkpoint score; masked when c<s
heatmap_matrix,MSR,MSR,Qwen2.5-7B-1M,2,6,,held_out_character,raw stage-by-checkpoint score; masked when c<s
heatmap_matrix,MSR,MSR,Qwen2.5-7B-1M,3,6,,held_out_character,raw stage-by-checkpoint score; masked when c<s
heatmap_matrix,MSR,MSR,Qwen2.5-7B-1M,4,6,,held_out_character,raw stage-by-checkpoint score; masked when c<s
heatmap_matrix,MSR,MSR,Qwen2.5-7B-1M,5,6,,held_out_character,raw stage-by-checkpoint score; masked when c<s
heatmap_matrix,MSR,MSR,Qwen2.5-7B-1M,6,6,0.140351,held_out_character,raw stage-by-checkpoint score; masked when c<s
heatmap_matrix,MSR,MSR,Qwen2.5-7B-1M,7,6,0.105263,held_out_character,raw stage-by-checkpoint score; masked when c<s
heatmap_matrix,MSR,MSR,Qwen2.5-7B-1M,8,6,0.070175,held_out_character,raw stage-by-checkpoint score; masked when c<s
heatmap_matrix,MSR,MSR,Qwen2.5-7B-1M,9,6,0.105263,held_out_character,raw stage-by-checkpoint score; masked when c<s
heatmap_matrix,MSR,MSR,Qwen2.5-7B-1M,10,6,0.122807,held_out_character,raw stage-by-checkpoint score; masked when c<s
heatmap_matrix,MSR,MSR,Qwen2.5-7B-1M,1,7,,held_out_character,raw stage-by-checkpoint score; masked when c<s
heatmap_matrix,MSR,MSR,Qwen2.5-7B-1M,2,7,,held_out_character,raw stage-by-checkpoint score; masked when c<s
heatmap_matrix,MSR,MSR,Qwen2.5-7B-1M,3,7,,held_out_character,raw stage-by-checkpoint score; masked when c<s
heatmap_matrix,MSR,MSR,Qwen2.5-7B-1M,4,7,,held_out_character,raw stage-by-checkpoint score; masked when c<s
heatmap_matrix,MSR,MSR,Qwen2.5-7B-1M,5,7,,held_out_character,raw stage-by-checkpoint score; masked when c<s
heatmap_matrix,MSR,MSR,Qwen2.5-7B-1M,6,7,,held_out_character,raw stage-by-checkpoint score; masked when c<s
heatmap_matrix,MSR,MSR,Qwen2.5-7B-1M,7,7,0.129310,held_out_character,raw stage-by-checkpoint score; masked when c<s
heatmap_matrix,MSR,MSR,Qwen2.5-7B-1M,8,7,0.077586,held_out_character,raw stage-by-checkpoint score; masked when c<s
heatmap_matrix,MSR,MSR,Qwen2.5-7B-1M,9,7,0.112069,held_out_character,raw stage-by-checkpoint score; masked when c<s
heatmap_matrix,MSR,MSR,Qwen2.5-7B-1M,10,7,0.137931,held_out_character,raw stage-by-checkpoint score; masked when c<s
heatmap_matrix,MSR,MSR,Qwen2.5-7B-1M,1,8,,held_out_character,raw stage-by-checkpoint score; masked when c<s
heatmap_matrix,MSR,MSR,Qwen2.5-7B-1M,2,8,,held_out_character,raw stage-by-checkpoint score; masked when c<s
heatmap_matrix,MSR,MSR,Qwen2.5-7B-1M,3,8,,held_out_character,raw stage-by-checkpoint score; masked when c<s
heatmap_matrix,MSR,MSR,Qwen2.5-7B-1M,4,8,,held_out_character,raw stage-by-checkpoint score; masked when c<s
heatmap_matrix,MSR,MSR,Qwen2.5-7B-1M,5,8,,held_out_character,raw stage-by-checkpoint score; masked when c<s
heatmap_matrix,MSR,MSR,Qwen2.5-7B-1M,6,8,,held_out_character,raw stage-by-checkpoint score; masked when c<s
heatmap_matrix,MSR,MSR,Qwen2.5-7B-1M,7,8,,held_out_character,raw stage-by-checkpoint score; masked when c<s
heatmap_matrix,MSR,MSR,Qwen2.5-7B-1M,8,8,0.107143,held_out_character,raw stage-by-checkpoint score; masked when c<s
heatmap_matrix,MSR,MSR,Qwen2.5-7B-1M,9,8,0.107143,held_out_character,raw stage-by-checkpoint score; masked when c<s
heatmap_matrix,MSR,MSR,Qwen2.5-7B-1M,10,8,0.098214,held_out_character,raw stage-by-checkpoint score; masked when c<s
heatmap_matrix,MSR,MSR,Qwen2.5-7B-1M,1,9,,held_out_character,raw stage-by-checkpoint score; masked when c<s
heatmap_matrix,MSR,MSR,Qwen2.5-7B-1M,2,9,,held_out_character,raw stage-by-checkpoint score; masked when c<s
heatmap_matrix,MSR,MSR,Qwen2.5-7B-1M,3,9,,held_out_character,raw stage-by-checkpoint score; masked when c<s
heatmap_matrix,MSR,MSR,Qwen2.5-7B-1M,4,9,,held_out_character,raw stage-by-checkpoint score; masked when c<s
heatmap_matrix,MSR,MSR,Qwen2.5-7B-1M,5,9,,held_out_character,raw stage-by-checkpoint score; masked when c<s
heatmap_matrix,MSR,MSR,Qwen2.5-7B-1M,6,9,,held_out_character,raw stage-by-checkpoint score; masked when c<s
heatmap_matrix,MSR,MSR,Qwen2.5-7B-1M,7,9,,held_out_character,raw stage-by-checkpoint score; masked when c<s
heatmap_matrix,MSR,MSR,Qwen2.5-7B-1M,8,9,,held_out_character,raw stage-by-checkpoint score; masked when c<s
heatmap_matrix,MSR,MSR,Qwen2.5-7B-1M,9,9,0.131579,held_out_character,raw stage-by-checkpoint score; masked when c<s
heatmap_matrix,MSR,MSR,Qwen2.5-7B-1M,10,9,0.114035,held_out_character,raw stage-by-checkpoint score; masked when c<s
heatmap_matrix,MSR,MSR,Qwen2.5-7B-1M,1,10,,held_out_character,raw stage-by-checkpoint score; masked when c<s
heatmap_matrix,MSR,MSR,Qwen2.5-7B-1M,2,10,,held_out_character,raw stage-by-checkpoint score; masked when c<s
heatmap_matrix,MSR,MSR,Qwen2.5-7B-1M,3,10,,held_out_character,raw stage-by-checkpoint score; masked when c<s
heatmap_matrix,MSR,MSR,Qwen2.5-7B-1M,4,10,,held_out_character,raw stage-by-checkpoint score; masked when c<s
heatmap_matrix,MSR,MSR,Qwen2.5-7B-1M,5,10,,held_out_character,raw stage-by-checkpoint score; masked when c<s
heatmap_matrix,MSR,MSR,Qwen2.5-7B-1M,6,10,,held_out_character,raw stage-by-checkpoint score; masked when c<s
heatmap_matrix,MSR,MSR,Qwen2.5-7B-1M,7,10,,held_out_character,raw stage-by-checkpoint score; masked when c<s
heatmap_matrix,MSR,MSR,Qwen2.5-7B-1M,8,10,,held_out_character,raw stage-by-checkpoint score; masked when c<s
heatmap_matrix,MSR,MSR,Qwen2.5-7B-1M,9,10,,held_out_character,raw stage-by-checkpoint score; masked when c<s
heatmap_matrix,MSR,MSR,Qwen2.5-7B-1M,10,10,0.108333,held_out_character,raw stage-by-checkpoint score; masked when c<s
heatmap_matrix,ES,ES,GLM-4-9B-1M,1,1,0.052083,held_out_character,raw stage-by-checkpoint score; masked when c<s
heatmap_matrix,ES,ES,GLM-4-9B-1M,2,1,0.010417,held_out_character,raw stage-by-checkpoint score; masked when c<s
heatmap_matrix,ES,ES,GLM-4-9B-1M,3,1,0.020833,held_out_character,raw stage-by-checkpoint score; masked when c<s
heatmap_matrix,ES,ES,GLM-4-9B-1M,4,1,0.010417,held_out_character,raw stage-by-checkpoint score; masked when c<s
heatmap_matrix,ES,ES,GLM-4-9B-1M,5,1,0.000000,held_out_character,raw stage-by-checkpoint score; masked when c<s
heatmap_matrix,ES,ES,GLM-4-9B-1M,6,1,0.020833,held_out_character,raw stage-by-checkpoint score; masked when c<s
heatmap_matrix,ES,ES,GLM-4-9B-1M,7,1,0.000000,held_out_character,raw stage-by-checkpoint score; masked when c<s
heatmap_matrix,ES,ES,GLM-4-9B-1M,8,1,0.000000,held_out_character,raw stage-by-checkpoint score; masked when c<s
heatmap_matrix,ES,ES,GLM-4-9B-1M,9,1,0.000000,held_out_character,raw stage-by-checkpoint score; masked when c<s
heatmap_matrix,ES,ES,GLM-4-9B-1M,10,1,0.010417,held_out_character,raw stage-by-checkpoint score; masked when c<s
heatmap_matrix,ES,ES,GLM-4-9B-1M,1,2,,held_out_character,raw stage-by-checkpoint score; masked when c<s
heatmap_matrix,ES,ES,GLM-4-9B-1M,2,2,0.009615,held_out_character,raw stage-by-checkpoint score; masked when c<s
heatmap_matrix,ES,ES,GLM-4-9B-1M,3,2,0.009615,held_out_character,raw stage-by-checkpoint score; masked when c<s
heatmap_matrix,ES,ES,GLM-4-9B-1M,4,2,0.038462,held_out_character,raw stage-by-checkpoint score; masked when c<s
heatmap_matrix,ES,ES,GLM-4-9B-1M,5,2,0.009615,held_out_character,raw stage-by-checkpoint score; masked when c<s
heatmap_matrix,ES,ES,GLM-4-9B-1M,6,2,0.009615,held_out_character,raw stage-by-checkpoint score; masked when c<s
heatmap_matrix,ES,ES,GLM-4-9B-1M,7,2,0.009615,held_out_character,raw stage-by-checkpoint score; masked when c<s
heatmap_matrix,ES,ES,GLM-4-9B-1M,8,2,0.009615,held_out_character,raw stage-by-checkpoint score; masked when c<s
heatmap_matrix,ES,ES,GLM-4-9B-1M,9,2,0.028846,held_out_character,raw stage-by-checkpoint score; masked when c<s
heatmap_matrix,ES,ES,GLM-4-9B-1M,10,2,0.019231,held_out_character,raw stage-by-checkpoint score; masked when c<s
heatmap_matrix,ES,ES,GLM-4-9B-1M,1,3,,held_out_character,raw stage-by-checkpoint score; masked when c<s
heatmap_matrix,ES,ES,GLM-4-9B-1M,2,3,,held_out_character,raw stage-by-checkpoint score; masked when c<s
heatmap_matrix,ES,ES,GLM-4-9B-1M,3,3,0.020000,held_out_character,raw stage-by-checkpoint score; masked when c<s
heatmap_matrix,ES,ES,GLM-4-9B-1M,4,3,0.000000,held_out_character,raw stage-by-checkpoint score; masked when c<s
heatmap_matrix,ES,ES,GLM-4-9B-1M,5,3,0.000000,held_out_character,raw stage-by-checkpoint score; masked when c<s
heatmap_matrix,ES,ES,GLM-4-9B-1M,6,3,0.010000,held_out_character,raw stage-by-checkpoint score; masked when c<s
heatmap_matrix,ES,ES,GLM-4-9B-1M,7,3,0.010000,held_out_character,raw stage-by-checkpoint score; masked when c<s
heatmap_matrix,ES,ES,GLM-4-9B-1M,8,3,0.000000,held_out_character,raw stage-by-checkpoint score; masked when c<s
heatmap_matrix,ES,ES,GLM-4-9B-1M,9,3,0.020000,held_out_character,raw stage-by-checkpoint score; masked when c<s
heatmap_matrix,ES,ES,GLM-4-9B-1M,10,3,0.020000,held_out_character,raw stage-by-checkpoint score; masked when c<s
heatmap_matrix,ES,ES,GLM-4-9B-1M,1,4,,held_out_character,raw stage-by-checkpoint score; masked when c<s
heatmap_matrix,ES,ES,GLM-4-9B-1M,2,4,,held_out_character,raw stage-by-checkpoint score; masked when c<s
heatmap_matrix,ES,ES,GLM-4-9B-1M,3,4,,held_out_character,raw stage-by-checkpoint score; masked when c<s
heatmap_matrix,ES,ES,GLM-4-9B-1M,4,4,0.000000,held_out_character,raw stage-by-checkpoint score; masked when c<s
heatmap_matrix,ES,ES,GLM-4-9B-1M,5,4,0.000000,held_out_character,raw stage-by-checkpoint score; masked when c<s
heatmap_matrix,ES,ES,GLM-4-9B-1M,6,4,0.000000,held_out_character,raw stage-by-checkpoint score; masked when c<s
heatmap_matrix,ES,ES,GLM-4-9B-1M,7,4,0.000000,held_out_character,raw stage-by-checkpoint score; masked when c<s
heatmap_matrix,ES,ES,GLM-4-9B-1M,8,4,0.000000,held_out_character,raw stage-by-checkpoint score; masked when c<s
heatmap_matrix,ES,ES,GLM-4-9B-1M,9,4,0.009259,held_out_character,raw stage-by-checkpoint score; masked when c<s
heatmap_matrix,ES,ES,GLM-4-9B-1M,10,4,0.000000,held_out_character,raw stage-by-checkpoint score; masked when c<s
heatmap_matrix,ES,ES,GLM-4-9B-1M,1,5,,held_out_character,raw stage-by-checkpoint score; masked when c<s
heatmap_matrix,ES,ES,GLM-4-9B-1M,2,5,,held_out_character,raw stage-by-checkpoint score; masked when c<s
heatmap_matrix,ES,ES,GLM-4-9B-1M,3,5,,held_out_character,raw stage-by-checkpoint score; masked when c<s
heatmap_matrix,ES,ES,GLM-4-9B-1M,4,5,,held_out_character,raw stage-by-checkpoint score; masked when c<s
heatmap_matrix,ES,ES,GLM-4-9B-1M,5,5,0.000000,held_out_character,raw stage-by-checkpoint score; masked when c<s
heatmap_matrix,ES,ES,GLM-4-9B-1M,6,5,0.000000,held_out_character,raw stage-by-checkpoint score; masked when c<s
heatmap_matrix,ES,ES,GLM-4-9B-1M,7,5,0.010000,held_out_character,raw stage-by-checkpoint score; masked when c<s
heatmap_matrix,ES,ES,GLM-4-9B-1M,8,5,0.000000,held_out_character,raw stage-by-checkpoint score; masked when c<s
heatmap_matrix,ES,ES,GLM-4-9B-1M,9,5,0.020000,held_out_character,raw stage-by-checkpoint score; masked when c<s
heatmap_matrix,ES,ES,GLM-4-9B-1M,10,5,0.030000,held_out_character,raw stage-by-checkpoint score; masked when c<s
heatmap_matrix,ES,ES,GLM-4-9B-1M,1,6,,held_out_character,raw stage-by-checkpoint score; masked when c<s
heatmap_matrix,ES,ES,GLM-4-9B-1M,2,6,,held_out_character,raw stage-by-checkpoint score; masked when c<s
heatmap_matrix,ES,ES,GLM-4-9B-1M,3,6,,held_out_character,raw stage-by-checkpoint score; masked when c<s
heatmap_matrix,ES,ES,GLM-4-9B-1M,4,6,,held_out_character,raw stage-by-checkpoint score; masked when c<s
heatmap_matrix,ES,ES,GLM-4-9B-1M,5,6,,held_out_character,raw stage-by-checkpoint score; masked when c<s
heatmap_matrix,ES,ES,GLM-4-9B-1M,6,6,0.000000,held_out_character,raw stage-by-checkpoint score; masked when c<s
heatmap_matrix,ES,ES,GLM-4-9B-1M,7,6,0.019608,held_out_character,raw stage-by-checkpoint score; masked when c<s
heatmap_matrix,ES,ES,GLM-4-9B-1M,8,6,0.009804,held_out_character,raw stage-by-checkpoint score; masked when c<s
heatmap_matrix,ES,ES,GLM-4-9B-1M,9,6,0.049020,held_out_character,raw stage-by-checkpoint score; masked when c<s
heatmap_matrix,ES,ES,GLM-4-9B-1M,10,6,0.009804,held_out_character,raw stage-by-checkpoint score; masked when c<s
heatmap_matrix,ES,ES,GLM-4-9B-1M,1,7,,held_out_character,raw stage-by-checkpoint score; masked when c<s
heatmap_matrix,ES,ES,GLM-4-9B-1M,2,7,,held_out_character,raw stage-by-checkpoint score; masked when c<s
heatmap_matrix,ES,ES,GLM-4-9B-1M,3,7,,held_out_character,raw stage-by-checkpoint score; masked when c<s
heatmap_matrix,ES,ES,GLM-4-9B-1M,4,7,,held_out_character,raw stage-by-checkpoint score; masked when c<s
heatmap_matrix,ES,ES,GLM-4-9B-1M,5,7,,held_out_character,raw stage-by-checkpoint score; masked when c<s
heatmap_matrix,ES,ES,GLM-4-9B-1M,6,7,,held_out_character,raw stage-by-checkpoint score; masked when c<s
heatmap_matrix,ES,ES,GLM-4-9B-1M,7,7,0.031250,held_out_character,raw stage-by-checkpoint score; masked when c<s
heatmap_matrix,ES,ES,GLM-4-9B-1M,8,7,0.000000,held_out_character,raw stage-by-checkpoint score; masked when c<s
heatmap_matrix,ES,ES,GLM-4-9B-1M,9,7,0.000000,held_out_character,raw stage-by-checkpoint score; masked when c<s
heatmap_matrix,ES,ES,GLM-4-9B-1M,10,7,0.020833,held_out_character,raw stage-by-checkpoint score; masked when c<s
heatmap_matrix,ES,ES,GLM-4-9B-1M,1,8,,held_out_character,raw stage-by-checkpoint score; masked when c<s
heatmap_matrix,ES,ES,GLM-4-9B-1M,2,8,,held_out_character,raw stage-by-checkpoint score; masked when c<s
heatmap_matrix,ES,ES,GLM-4-9B-1M,3,8,,held_out_character,raw stage-by-checkpoint score; masked when c<s
heatmap_matrix,ES,ES,GLM-4-9B-1M,4,8,,held_out_character,raw stage-by-checkpoint score; masked when c<s
heatmap_matrix,ES,ES,GLM-4-9B-1M,5,8,,held_out_character,raw stage-by-checkpoint score; masked when c<s
heatmap_matrix,ES,ES,GLM-4-9B-1M,6,8,,held_out_character,raw stage-by-checkpoint score; masked when c<s
heatmap_matrix,ES,ES,GLM-4-9B-1M,7,8,,held_out_character,raw stage-by-checkpoint score; masked when c<s
heatmap_matrix,ES,ES,GLM-4-9B-1M,8,8,0.000000,held_out_character,raw stage-by-checkpoint score; masked when c<s
heatmap_matrix,ES,ES,GLM-4-9B-1M,9,8,0.010204,held_out_character,raw stage-by-checkpoint score; masked when c<s
heatmap_matrix,ES,ES,GLM-4-9B-1M,10,8,0.000000,held_out_character,raw stage-by-checkpoint score; masked when c<s
heatmap_matrix,ES,ES,GLM-4-9B-1M,1,9,,held_out_character,raw stage-by-checkpoint score; masked when c<s
heatmap_matrix,ES,ES,GLM-4-9B-1M,2,9,,held_out_character,raw stage-by-checkpoint score; masked when c<s
heatmap_matrix,ES,ES,GLM-4-9B-1M,3,9,,held_out_character,raw stage-by-checkpoint score; masked when c<s
heatmap_matrix,ES,ES,GLM-4-9B-1M,4,9,,held_out_character,raw stage-by-checkpoint score; masked when c<s
heatmap_matrix,ES,ES,GLM-4-9B-1M,5,9,,held_out_character,raw stage-by-checkpoint score; masked when c<s
heatmap_matrix,ES,ES,GLM-4-9B-1M,6,9,,held_out_character,raw stage-by-checkpoint score; masked when c<s
heatmap_matrix,ES,ES,GLM-4-9B-1M,7,9,,held_out_character,raw stage-by-checkpoint score; masked when c<s
heatmap_matrix,ES,ES,GLM-4-9B-1M,8,9,,held_out_character,raw stage-by-checkpoint score; masked when c<s
heatmap_matrix,ES,ES,GLM-4-9B-1M,9,9,0.009259,held_out_character,raw stage-by-checkpoint score; masked when c<s
heatmap_matrix,ES,ES,GLM-4-9B-1M,10,9,0.009259,held_out_character,raw stage-by-checkpoint score; masked when c<s
heatmap_matrix,ES,ES,GLM-4-9B-1M,1,10,,held_out_character,raw stage-by-checkpoint score; masked when c<s
heatmap_matrix,ES,ES,GLM-4-9B-1M,2,10,,held_out_character,raw stage-by-checkpoint score; masked when c<s
heatmap_matrix,ES,ES,GLM-4-9B-1M,3,10,,held_out_character,raw stage-by-checkpoint score; masked when c<s
heatmap_matrix,ES,ES,GLM-4-9B-1M,4,10,,held_out_character,raw stage-by-checkpoint score; masked when c<s
heatmap_matrix,ES,ES,GLM-4-9B-1M,5,10,,held_out_character,raw stage-by-checkpoint score; masked when c<s
heatmap_matrix,ES,ES,GLM-4-9B-1M,6,10,,held_out_character,raw stage-by-checkpoint score; masked when c<s
heatmap_matrix,ES,ES,GLM-4-9B-1M,7,10,,held_out_character,raw stage-by-checkpoint score; masked when c<s
heatmap_matrix,ES,ES,GLM-4-9B-1M,8,10,,held_out_character,raw stage-by-checkpoint score; masked when c<s
heatmap_matrix,ES,ES,GLM-4-9B-1M,9,10,,held_out_character,raw stage-by-checkpoint score; masked when c<s
heatmap_matrix,ES,ES,GLM-4-9B-1M,10,10,0.028846,held_out_character,raw stage-by-checkpoint score; masked when c<s
heatmap_matrix,ES,ES,Qwen3.5-9B,1,1,0.000000,held_out_character,raw stage-by-checkpoint score; masked when c<s
heatmap_matrix,ES,ES,Qwen3.5-9B,2,1,0.031250,held_out_character,raw stage-by-checkpoint score; masked when c<s
heatmap_matrix,ES,ES,Qwen3.5-9B,3,1,0.020833,held_out_character,raw stage-by-checkpoint score; masked when c<s
heatmap_matrix,ES,ES,Qwen3.5-9B,4,1,0.000000,held_out_character,raw stage-by-checkpoint score; masked when c<s
heatmap_matrix,ES,ES,Qwen3.5-9B,5,1,0.041667,held_out_character,raw stage-by-checkpoint score; masked when c<s
heatmap_matrix,ES,ES,Qwen3.5-9B,6,1,0.041667,held_out_character,raw stage-by-checkpoint score; masked when c<s
heatmap_matrix,ES,ES,Qwen3.5-9B,7,1,0.000000,held_out_character,raw stage-by-checkpoint score; masked when c<s
heatmap_matrix,ES,ES,Qwen3.5-9B,8,1,0.031250,held_out_character,raw stage-by-checkpoint score; masked when c<s
heatmap_matrix,ES,ES,Qwen3.5-9B,9,1,0.010417,held_out_character,raw stage-by-checkpoint score; masked when c<s
heatmap_matrix,ES,ES,Qwen3.5-9B,10,1,0.010417,held_out_character,raw stage-by-checkpoint score; masked when c<s
heatmap_matrix,ES,ES,Qwen3.5-9B,1,2,,held_out_character,raw stage-by-checkpoint score; masked when c<s
heatmap_matrix,ES,ES,Qwen3.5-9B,2,2,0.000000,held_out_character,raw stage-by-checkpoint score; masked when c<s
heatmap_matrix,ES,ES,Qwen3.5-9B,3,2,0.000000,held_out_character,raw stage-by-checkpoint score; masked when c<s
heatmap_matrix,ES,ES,Qwen3.5-9B,4,2,0.000000,held_out_character,raw stage-by-checkpoint score; masked when c<s
heatmap_matrix,ES,ES,Qwen3.5-9B,5,2,0.000000,held_out_character,raw stage-by-checkpoint score; masked when c<s
heatmap_matrix,ES,ES,Qwen3.5-9B,6,2,0.009615,held_out_character,raw stage-by-checkpoint score; masked when c<s
heatmap_matrix,ES,ES,Qwen3.5-9B,7,2,0.000000,held_out_character,raw stage-by-checkpoint score; masked when c<s
heatmap_matrix,ES,ES,Qwen3.5-9B,8,2,0.009615,held_out_character,raw stage-by-checkpoint score; masked when c<s
heatmap_matrix,ES,ES,Qwen3.5-9B,9,2,0.009615,held_out_character,raw stage-by-checkpoint score; masked when c<s
heatmap_matrix,ES,ES,Qwen3.5-9B,10,2,0.000000,held_out_character,raw stage-by-checkpoint score; masked when c<s
heatmap_matrix,ES,ES,Qwen3.5-9B,1,3,,held_out_character,raw stage-by-checkpoint score; masked when c<s
heatmap_matrix,ES,ES,Qwen3.5-9B,2,3,,held_out_character,raw stage-by-checkpoint score; masked when c<s
heatmap_matrix,ES,ES,Qwen3.5-9B,3,3,0.000000,held_out_character,raw stage-by-checkpoint score; masked when c<s
heatmap_matrix,ES,ES,Qwen3.5-9B,4,3,0.000000,held_out_character,raw stage-by-checkpoint score; masked when c<s
heatmap_matrix,ES,ES,Qwen3.5-9B,5,3,0.020000,held_out_character,raw stage-by-checkpoint score; masked when c<s
heatmap_matrix,ES,ES,Qwen3.5-9B,6,3,0.000000,held_out_character,raw stage-by-checkpoint score; masked when c<s
heatmap_matrix,ES,ES,Qwen3.5-9B,7,3,0.000000,held_out_character,raw stage-by-checkpoint score; masked when c<s
heatmap_matrix,ES,ES,Qwen3.5-9B,8,3,0.000000,held_out_character,raw stage-by-checkpoint score; masked when c<s
heatmap_matrix,ES,ES,Qwen3.5-9B,9,3,0.000000,held_out_character,raw stage-by-checkpoint score; masked when c<s
heatmap_matrix,ES,ES,Qwen3.5-9B,10,3,0.000000,held_out_character,raw stage-by-checkpoint score; masked when c<s
heatmap_matrix,ES,ES,Qwen3.5-9B,1,4,,held_out_character,raw stage-by-checkpoint score; masked when c<s
heatmap_matrix,ES,ES,Qwen3.5-9B,2,4,,held_out_character,raw stage-by-checkpoint score; masked when c<s
heatmap_matrix,ES,ES,Qwen3.5-9B,3,4,,held_out_character,raw stage-by-checkpoint score; masked when c<s
heatmap_matrix,ES,ES,Qwen3.5-9B,4,4,0.037037,held_out_character,raw stage-by-checkpoint score; masked when c<s
heatmap_matrix,ES,ES,Qwen3.5-9B,5,4,0.018519,held_out_character,raw stage-by-checkpoint score; masked when c<s
heatmap_matrix,ES,ES,Qwen3.5-9B,6,4,0.046296,held_out_character,raw stage-by-checkpoint score; masked when c<s
heatmap_matrix,ES,ES,Qwen3.5-9B,7,4,0.018519,held_out_character,raw stage-by-checkpoint score; masked when c<s
heatmap_matrix,ES,ES,Qwen3.5-9B,8,4,0.027778,held_out_character,raw stage-by-checkpoint score; masked when c<s
heatmap_matrix,ES,ES,Qwen3.5-9B,9,4,0.009259,held_out_character,raw stage-by-checkpoint score; masked when c<s
heatmap_matrix,ES,ES,Qwen3.5-9B,10,4,0.009259,held_out_character,raw stage-by-checkpoint score; masked when c<s
heatmap_matrix,ES,ES,Qwen3.5-9B,1,5,,held_out_character,raw stage-by-checkpoint score; masked when c<s
heatmap_matrix,ES,ES,Qwen3.5-9B,2,5,,held_out_character,raw stage-by-checkpoint score; masked when c<s
heatmap_matrix,ES,ES,Qwen3.5-9B,3,5,,held_out_character,raw stage-by-checkpoint score; masked when c<s
heatmap_matrix,ES,ES,Qwen3.5-9B,4,5,,held_out_character,raw stage-by-checkpoint score; masked when c<s
heatmap_matrix,ES,ES,Qwen3.5-9B,5,5,0.010000,held_out_character,raw stage-by-checkpoint score; masked when c<s
heatmap_matrix,ES,ES,Qwen3.5-9B,6,5,0.000000,held_out_character,raw stage-by-checkpoint score; masked when c<s
heatmap_matrix,ES,ES,Qwen3.5-9B,7,5,0.010000,held_out_character,raw stage-by-checkpoint score; masked when c<s
heatmap_matrix,ES,ES,Qwen3.5-9B,8,5,0.010000,held_out_character,raw stage-by-checkpoint score; masked when c<s
heatmap_matrix,ES,ES,Qwen3.5-9B,9,5,0.000000,held_out_character,raw stage-by-checkpoint score; masked when c<s
heatmap_matrix,ES,ES,Qwen3.5-9B,10,5,0.000000,held_out_character,raw stage-by-checkpoint score; masked when c<s
heatmap_matrix,ES,ES,Qwen3.5-9B,1,6,,held_out_character,raw stage-by-checkpoint score; masked when c<s
heatmap_matrix,ES,ES,Qwen3.5-9B,2,6,,held_out_character,raw stage-by-checkpoint score; masked when c<s
heatmap_matrix,ES,ES,Qwen3.5-9B,3,6,,held_out_character,raw stage-by-checkpoint score; masked when c<s
heatmap_matrix,ES,ES,Qwen3.5-9B,4,6,,held_out_character,raw stage-by-checkpoint score; masked when c<s
heatmap_matrix,ES,ES,Qwen3.5-9B,5,6,,held_out_character,raw stage-by-checkpoint score; masked when c<s
heatmap_matrix,ES,ES,Qwen3.5-9B,6,6,0.009804,held_out_character,raw stage-by-checkpoint score; masked when c<s
heatmap_matrix,ES,ES,Qwen3.5-9B,7,6,0.019608,held_out_character,raw stage-by-checkpoint score; masked when c<s
heatmap_matrix,ES,ES,Qwen3.5-9B,8,6,0.000000,held_out_character,raw stage-by-checkpoint score; masked when c<s
heatmap_matrix,ES,ES,Qwen3.5-9B,9,6,0.000000,held_out_character,raw stage-by-checkpoint score; masked when c<s
heatmap_matrix,ES,ES,Qwen3.5-9B,10,6,0.000000,held_out_character,raw stage-by-checkpoint score; masked when c<s
heatmap_matrix,ES,ES,Qwen3.5-9B,1,7,,held_out_character,raw stage-by-checkpoint score; masked when c<s
heatmap_matrix,ES,ES,Qwen3.5-9B,2,7,,held_out_character,raw stage-by-checkpoint score; masked when c<s
heatmap_matrix,ES,ES,Qwen3.5-9B,3,7,,held_out_character,raw stage-by-checkpoint score; masked when c<s
heatmap_matrix,ES,ES,Qwen3.5-9B,4,7,,held_out_character,raw stage-by-checkpoint score; masked when c<s
heatmap_matrix,ES,ES,Qwen3.5-9B,5,7,,held_out_character,raw stage-by-checkpoint score; masked when c<s
heatmap_matrix,ES,ES,Qwen3.5-9B,6,7,,held_out_character,raw stage-by-checkpoint score; masked when c<s
heatmap_matrix,ES,ES,Qwen3.5-9B,7,7,0.010417,held_out_character,raw stage-by-checkpoint score; masked when c<s
heatmap_matrix,ES,ES,Qwen3.5-9B,8,7,0.010417,held_out_character,raw stage-by-checkpoint score; masked when c<s
heatmap_matrix,ES,ES,Qwen3.5-9B,9,7,0.031250,held_out_character,raw stage-by-checkpoint score; masked when c<s
heatmap_matrix,ES,ES,Qwen3.5-9B,10,7,0.010417,held_out_character,raw stage-by-checkpoint score; masked when c<s
heatmap_matrix,ES,ES,Qwen3.5-9B,1,8,,held_out_character,raw stage-by-checkpoint score; masked when c<s
heatmap_matrix,ES,ES,Qwen3.5-9B,2,8,,held_out_character,raw stage-by-checkpoint score; masked when c<s
heatmap_matrix,ES,ES,Qwen3.5-9B,3,8,,held_out_character,raw stage-by-checkpoint score; masked when c<s
heatmap_matrix,ES,ES,Qwen3.5-9B,4,8,,held_out_character,raw stage-by-checkpoint score; masked when c<s
heatmap_matrix,ES,ES,Qwen3.5-9B,5,8,,held_out_character,raw stage-by-checkpoint score; masked when c<s
heatmap_matrix,ES,ES,Qwen3.5-9B,6,8,,held_out_character,raw stage-by-checkpoint score; masked when c<s
heatmap_matrix,ES,ES,Qwen3.5-9B,7,8,,held_out_character,raw stage-by-checkpoint score; masked when c<s
heatmap_matrix,ES,ES,Qwen3.5-9B,8,8,0.000000,held_out_character,raw stage-by-checkpoint score; masked when c<s
heatmap_matrix,ES,ES,Qwen3.5-9B,9,8,0.000000,held_out_character,raw stage-by-checkpoint score; masked when c<s
heatmap_matrix,ES,ES,Qwen3.5-9B,10,8,0.000000,held_out_character,raw stage-by-checkpoint score; masked when c<s
heatmap_matrix,ES,ES,Qwen3.5-9B,1,9,,held_out_character,raw stage-by-checkpoint score; masked when c<s
heatmap_matrix,ES,ES,Qwen3.5-9B,2,9,,held_out_character,raw stage-by-checkpoint score; masked when c<s
heatmap_matrix,ES,ES,Qwen3.5-9B,3,9,,held_out_character,raw stage-by-checkpoint score; masked when c<s
heatmap_matrix,ES,ES,Qwen3.5-9B,4,9,,held_out_character,raw stage-by-checkpoint score; masked when c<s
heatmap_matrix,ES,ES,Qwen3.5-9B,5,9,,held_out_character,raw stage-by-checkpoint score; masked when c<s
heatmap_matrix,ES,ES,Qwen3.5-9B,6,9,,held_out_character,raw stage-by-checkpoint score; masked when c<s
heatmap_matrix,ES,ES,Qwen3.5-9B,7,9,,held_out_character,raw stage-by-checkpoint score; masked when c<s
heatmap_matrix,ES,ES,Qwen3.5-9B,8,9,,held_out_character,raw stage-by-checkpoint score; masked when c<s
heatmap_matrix,ES,ES,Qwen3.5-9B,9,9,0.009259,held_out_character,raw stage-by-checkpoint score; masked when c<s
heatmap_matrix,ES,ES,Qwen3.5-9B,10,9,0.000000,held_out_character,raw stage-by-checkpoint score; masked when c<s
heatmap_matrix,ES,ES,Qwen3.5-9B,1,10,,held_out_character,raw stage-by-checkpoint score; masked when c<s
heatmap_matrix,ES,ES,Qwen3.5-9B,2,10,,held_out_character,raw stage-by-checkpoint score; masked when c<s
heatmap_matrix,ES,ES,Qwen3.5-9B,3,10,,held_out_character,raw stage-by-checkpoint score; masked when c<s
heatmap_matrix,ES,ES,Qwen3.5-9B,4,10,,held_out_character,raw stage-by-checkpoint score; masked when c<s
heatmap_matrix,ES,ES,Qwen3.5-9B,5,10,,held_out_character,raw stage-by-checkpoint score; masked when c<s
heatmap_matrix,ES,ES,Qwen3.5-9B,6,10,,held_out_character,raw stage-by-checkpoint score; masked when c<s
heatmap_matrix,ES,ES,Qwen3.5-9B,7,10,,held_out_character,raw stage-by-checkpoint score; masked when c<s
heatmap_matrix,ES,ES,Qwen3.5-9B,8,10,,held_out_character,raw stage-by-checkpoint score; masked when c<s
heatmap_matrix,ES,ES,Qwen3.5-9B,9,10,,held_out_character,raw stage-by-checkpoint score; masked when c<s
heatmap_matrix,ES,ES,Qwen3.5-9B,10,10,0.028846,held_out_character,raw stage-by-checkpoint score; masked when c<s
heatmap_matrix,ES,ES,Qwen2.5-7B-1M,1,1,0.000000,held_out_character,raw stage-by-checkpoint score; masked when c<s
heatmap_matrix,ES,ES,Qwen2.5-7B-1M,2,1,0.010417,held_out_character,raw stage-by-checkpoint score; masked when c<s
heatmap_matrix,ES,ES,Qwen2.5-7B-1M,3,1,0.020833,held_out_character,raw stage-by-checkpoint score; masked when c<s
heatmap_matrix,ES,ES,Qwen2.5-7B-1M,4,1,0.010417,held_out_character,raw stage-by-checkpoint score; masked when c<s
heatmap_matrix,ES,ES,Qwen2.5-7B-1M,5,1,0.000000,held_out_character,raw stage-by-checkpoint score; masked when c<s
heatmap_matrix,ES,ES,Qwen2.5-7B-1M,6,1,0.020833,held_out_character,raw stage-by-checkpoint score; masked when c<s
heatmap_matrix,ES,ES,Qwen2.5-7B-1M,7,1,0.020833,held_out_character,raw stage-by-checkpoint score; masked when c<s
heatmap_matrix,ES,ES,Qwen2.5-7B-1M,8,1,0.031250,held_out_character,raw stage-by-checkpoint score; masked when c<s
heatmap_matrix,ES,ES,Qwen2.5-7B-1M,9,1,0.031250,held_out_character,raw stage-by-checkpoint score; masked when c<s
heatmap_matrix,ES,ES,Qwen2.5-7B-1M,10,1,0.010417,held_out_character,raw stage-by-checkpoint score; masked when c<s
heatmap_matrix,ES,ES,Qwen2.5-7B-1M,1,2,,held_out_character,raw stage-by-checkpoint score; masked when c<s
heatmap_matrix,ES,ES,Qwen2.5-7B-1M,2,2,0.009615,held_out_character,raw stage-by-checkpoint score; masked when c<s
heatmap_matrix,ES,ES,Qwen2.5-7B-1M,3,2,0.000000,held_out_character,raw stage-by-checkpoint score; masked when c<s
heatmap_matrix,ES,ES,Qwen2.5-7B-1M,4,2,0.009615,held_out_character,raw stage-by-checkpoint score; masked when c<s
heatmap_matrix,ES,ES,Qwen2.5-7B-1M,5,2,0.009615,held_out_character,raw stage-by-checkpoint score; masked when c<s
heatmap_matrix,ES,ES,Qwen2.5-7B-1M,6,2,0.000000,held_out_character,raw stage-by-checkpoint score; masked when c<s
heatmap_matrix,ES,ES,Qwen2.5-7B-1M,7,2,0.009615,held_out_character,raw stage-by-checkpoint score; masked when c<s
heatmap_matrix,ES,ES,Qwen2.5-7B-1M,8,2,0.000000,held_out_character,raw stage-by-checkpoint score; masked when c<s
heatmap_matrix,ES,ES,Qwen2.5-7B-1M,9,2,0.000000,held_out_character,raw stage-by-checkpoint score; masked when c<s
heatmap_matrix,ES,ES,Qwen2.5-7B-1M,10,2,0.000000,held_out_character,raw stage-by-checkpoint score; masked when c<s
heatmap_matrix,ES,ES,Qwen2.5-7B-1M,1,3,,held_out_character,raw stage-by-checkpoint score; masked when c<s
heatmap_matrix,ES,ES,Qwen2.5-7B-1M,2,3,,held_out_character,raw stage-by-checkpoint score; masked when c<s
heatmap_matrix,ES,ES,Qwen2.5-7B-1M,3,3,0.000000,held_out_character,raw stage-by-checkpoint score; masked when c<s
heatmap_matrix,ES,ES,Qwen2.5-7B-1M,4,3,0.000000,held_out_character,raw stage-by-checkpoint score; masked when c<s
heatmap_matrix,ES,ES,Qwen2.5-7B-1M,5,3,0.000000,held_out_character,raw stage-by-checkpoint score; masked when c<s
heatmap_matrix,ES,ES,Qwen2.5-7B-1M,6,3,0.000000,held_out_character,raw stage-by-checkpoint score; masked when c<s
heatmap_matrix,ES,ES,Qwen2.5-7B-1M,7,3,0.020000,held_out_character,raw stage-by-checkpoint score; masked when c<s
heatmap_matrix,ES,ES,Qwen2.5-7B-1M,8,3,0.000000,held_out_character,raw stage-by-checkpoint score; masked when c<s
heatmap_matrix,ES,ES,Qwen2.5-7B-1M,9,3,0.000000,held_out_character,raw stage-by-checkpoint score; masked when c<s
heatmap_matrix,ES,ES,Qwen2.5-7B-1M,10,3,0.000000,held_out_character,raw stage-by-checkpoint score; masked when c<s
heatmap_matrix,ES,ES,Qwen2.5-7B-1M,1,4,,held_out_character,raw stage-by-checkpoint score; masked when c<s
heatmap_matrix,ES,ES,Qwen2.5-7B-1M,2,4,,held_out_character,raw stage-by-checkpoint score; masked when c<s
heatmap_matrix,ES,ES,Qwen2.5-7B-1M,3,4,,held_out_character,raw stage-by-checkpoint score; masked when c<s
heatmap_matrix,ES,ES,Qwen2.5-7B-1M,4,4,0.000000,held_out_character,raw stage-by-checkpoint score; masked when c<s
heatmap_matrix,ES,ES,Qwen2.5-7B-1M,5,4,0.009259,held_out_character,raw stage-by-checkpoint score; masked when c<s
heatmap_matrix,ES,ES,Qwen2.5-7B-1M,6,4,0.018519,held_out_character,raw stage-by-checkpoint score; masked when c<s
heatmap_matrix,ES,ES,Qwen2.5-7B-1M,7,4,0.000000,held_out_character,raw stage-by-checkpoint score; masked when c<s
heatmap_matrix,ES,ES,Qwen2.5-7B-1M,8,4,0.018519,held_out_character,raw stage-by-checkpoint score; masked when c<s
heatmap_matrix,ES,ES,Qwen2.5-7B-1M,9,4,0.000000,held_out_character,raw stage-by-checkpoint score; masked when c<s
heatmap_matrix,ES,ES,Qwen2.5-7B-1M,10,4,0.037037,held_out_character,raw stage-by-checkpoint score; masked when c<s
heatmap_matrix,ES,ES,Qwen2.5-7B-1M,1,5,,held_out_character,raw stage-by-checkpoint score; masked when c<s
heatmap_matrix,ES,ES,Qwen2.5-7B-1M,2,5,,held_out_character,raw stage-by-checkpoint score; masked when c<s
heatmap_matrix,ES,ES,Qwen2.5-7B-1M,3,5,,held_out_character,raw stage-by-checkpoint score; masked when c<s
heatmap_matrix,ES,ES,Qwen2.5-7B-1M,4,5,,held_out_character,raw stage-by-checkpoint score; masked when c<s
heatmap_matrix,ES,ES,Qwen2.5-7B-1M,5,5,0.010000,held_out_character,raw stage-by-checkpoint score; masked when c<s
heatmap_matrix,ES,ES,Qwen2.5-7B-1M,6,5,0.000000,held_out_character,raw stage-by-checkpoint score; masked when c<s
heatmap_matrix,ES,ES,Qwen2.5-7B-1M,7,5,0.010000,held_out_character,raw stage-by-checkpoint score; masked when c<s
heatmap_matrix,ES,ES,Qwen2.5-7B-1M,8,5,0.000000,held_out_character,raw stage-by-checkpoint score; masked when c<s
heatmap_matrix,ES,ES,Qwen2.5-7B-1M,9,5,0.010000,held_out_character,raw stage-by-checkpoint score; masked when c<s
heatmap_matrix,ES,ES,Qwen2.5-7B-1M,10,5,0.010000,held_out_character,raw stage-by-checkpoint score; masked when c<s
heatmap_matrix,ES,ES,Qwen2.5-7B-1M,1,6,,held_out_character,raw stage-by-checkpoint score; masked when c<s
heatmap_matrix,ES,ES,Qwen2.5-7B-1M,2,6,,held_out_character,raw stage-by-checkpoint score; masked when c<s
heatmap_matrix,ES,ES,Qwen2.5-7B-1M,3,6,,held_out_character,raw stage-by-checkpoint score; masked when c<s
heatmap_matrix,ES,ES,Qwen2.5-7B-1M,4,6,,held_out_character,raw stage-by-checkpoint score; masked when c<s
heatmap_matrix,ES,ES,Qwen2.5-7B-1M,5,6,,held_out_character,raw stage-by-checkpoint score; masked when c<s
heatmap_matrix,ES,ES,Qwen2.5-7B-1M,6,6,0.049020,held_out_character,raw stage-by-checkpoint score; masked when c<s
heatmap_matrix,ES,ES,Qwen2.5-7B-1M,7,6,0.019608,held_out_character,raw stage-by-checkpoint score; masked when c<s
heatmap_matrix,ES,ES,Qwen2.5-7B-1M,8,6,0.019608,held_out_character,raw stage-by-checkpoint score; masked when c<s
heatmap_matrix,ES,ES,Qwen2.5-7B-1M,9,6,0.009804,held_out_character,raw stage-by-checkpoint score; masked when c<s
heatmap_matrix,ES,ES,Qwen2.5-7B-1M,10,6,0.039216,held_out_character,raw stage-by-checkpoint score; masked when c<s
heatmap_matrix,ES,ES,Qwen2.5-7B-1M,1,7,,held_out_character,raw stage-by-checkpoint score; masked when c<s
heatmap_matrix,ES,ES,Qwen2.5-7B-1M,2,7,,held_out_character,raw stage-by-checkpoint score; masked when c<s
heatmap_matrix,ES,ES,Qwen2.5-7B-1M,3,7,,held_out_character,raw stage-by-checkpoint score; masked when c<s
heatmap_matrix,ES,ES,Qwen2.5-7B-1M,4,7,,held_out_character,raw stage-by-checkpoint score; masked when c<s
heatmap_matrix,ES,ES,Qwen2.5-7B-1M,5,7,,held_out_character,raw stage-by-checkpoint score; masked when c<s
heatmap_matrix,ES,ES,Qwen2.5-7B-1M,6,7,,held_out_character,raw stage-by-checkpoint score; masked when c<s
heatmap_matrix,ES,ES,Qwen2.5-7B-1M,7,7,0.020833,held_out_character,raw stage-by-checkpoint score; masked when c<s
heatmap_matrix,ES,ES,Qwen2.5-7B-1M,8,7,0.031250,held_out_character,raw stage-by-checkpoint score; masked when c<s
heatmap_matrix,ES,ES,Qwen2.5-7B-1M,9,7,0.010417,held_out_character,raw stage-by-checkpoint score; masked when c<s
heatmap_matrix,ES,ES,Qwen2.5-7B-1M,10,7,0.020833,held_out_character,raw stage-by-checkpoint score; masked when c<s
heatmap_matrix,ES,ES,Qwen2.5-7B-1M,1,8,,held_out_character,raw stage-by-checkpoint score; masked when c<s
heatmap_matrix,ES,ES,Qwen2.5-7B-1M,2,8,,held_out_character,raw stage-by-checkpoint score; masked when c<s
heatmap_matrix,ES,ES,Qwen2.5-7B-1M,3,8,,held_out_character,raw stage-by-checkpoint score; masked when c<s
heatmap_matrix,ES,ES,Qwen2.5-7B-1M,4,8,,held_out_character,raw stage-by-checkpoint score; masked when c<s
heatmap_matrix,ES,ES,Qwen2.5-7B-1M,5,8,,held_out_character,raw stage-by-checkpoint score; masked when c<s
heatmap_matrix,ES,ES,Qwen2.5-7B-1M,6,8,,held_out_character,raw stage-by-checkpoint score; masked when c<s
heatmap_matrix,ES,ES,Qwen2.5-7B-1M,7,8,,held_out_character,raw stage-by-checkpoint score; masked when c<s
heatmap_matrix,ES,ES,Qwen2.5-7B-1M,8,8,0.010204,held_out_character,raw stage-by-checkpoint score; masked when c<s
heatmap_matrix,ES,ES,Qwen2.5-7B-1M,9,8,0.000000,held_out_character,raw stage-by-checkpoint score; masked when c<s
heatmap_matrix,ES,ES,Qwen2.5-7B-1M,10,8,0.010204,held_out_character,raw stage-by-checkpoint score; masked when c<s
heatmap_matrix,ES,ES,Qwen2.5-7B-1M,1,9,,held_out_character,raw stage-by-checkpoint score; masked when c<s
heatmap_matrix,ES,ES,Qwen2.5-7B-1M,2,9,,held_out_character,raw stage-by-checkpoint score; masked when c<s
heatmap_matrix,ES,ES,Qwen2.5-7B-1M,3,9,,held_out_character,raw stage-by-checkpoint score; masked when c<s
heatmap_matrix,ES,ES,Qwen2.5-7B-1M,4,9,,held_out_character,raw stage-by-checkpoint score; masked when c<s
heatmap_matrix,ES,ES,Qwen2.5-7B-1M,5,9,,held_out_character,raw stage-by-checkpoint score; masked when c<s
heatmap_matrix,ES,ES,Qwen2.5-7B-1M,6,9,,held_out_character,raw stage-by-checkpoint score; masked when c<s
heatmap_matrix,ES,ES,Qwen2.5-7B-1M,7,9,,held_out_character,raw stage-by-checkpoint score; masked when c<s
heatmap_matrix,ES,ES,Qwen2.5-7B-1M,8,9,,held_out_character,raw stage-by-checkpoint score; masked when c<s
heatmap_matrix,ES,ES,Qwen2.5-7B-1M,9,9,0.018519,held_out_character,raw stage-by-checkpoint score; masked when c<s
heatmap_matrix,ES,ES,Qwen2.5-7B-1M,10,9,0.000000,held_out_character,raw stage-by-checkpoint score; masked when c<s
heatmap_matrix,ES,ES,Qwen2.5-7B-1M,1,10,,held_out_character,raw stage-by-checkpoint score; masked when c<s
heatmap_matrix,ES,ES,Qwen2.5-7B-1M,2,10,,held_out_character,raw stage-by-checkpoint score; masked when c<s
heatmap_matrix,ES,ES,Qwen2.5-7B-1M,3,10,,held_out_character,raw stage-by-checkpoint score; masked when c<s
heatmap_matrix,ES,ES,Qwen2.5-7B-1M,4,10,,held_out_character,raw stage-by-checkpoint score; masked when c<s
heatmap_matrix,ES,ES,Qwen2.5-7B-1M,5,10,,held_out_character,raw stage-by-checkpoint score; masked when c<s
heatmap_matrix,ES,ES,Qwen2.5-7B-1M,6,10,,held_out_character,raw stage-by-checkpoint score; masked when c<s
heatmap_matrix,ES,ES,Qwen2.5-7B-1M,7,10,,held_out_character,raw stage-by-checkpoint score; masked when c<s
heatmap_matrix,ES,ES,Qwen2.5-7B-1M,8,10,,held_out_character,raw stage-by-checkpoint score; masked when c<s
heatmap_matrix,ES,ES,Qwen2.5-7B-1M,9,10,,held_out_character,raw stage-by-checkpoint score; masked when c<s
heatmap_matrix,ES,ES,Qwen2.5-7B-1M,10,10,0.019231,held_out_character,raw stage-by-checkpoint score; masked when c<s
heatmap_matrix,TR,TR,GLM-4-9B-1M,1,1,0.048780,held_out_character,raw stage-by-checkpoint score; masked when c<s
heatmap_matrix,TR,TR,GLM-4-9B-1M,2,1,0.000000,held_out_character,raw stage-by-checkpoint score; masked when c<s
heatmap_matrix,TR,TR,GLM-4-9B-1M,3,1,0.000000,held_out_character,raw stage-by-checkpoint score; masked when c<s
heatmap_matrix,TR,TR,GLM-4-9B-1M,4,1,0.000000,held_out_character,raw stage-by-checkpoint score; masked when c<s
heatmap_matrix,TR,TR,GLM-4-9B-1M,5,1,0.000000,held_out_character,raw stage-by-checkpoint score; masked when c<s
heatmap_matrix,TR,TR,GLM-4-9B-1M,6,1,0.048780,held_out_character,raw stage-by-checkpoint score; masked when c<s
heatmap_matrix,TR,TR,GLM-4-9B-1M,7,1,0.000000,held_out_character,raw stage-by-checkpoint score; masked when c<s
heatmap_matrix,TR,TR,GLM-4-9B-1M,8,1,0.024390,held_out_character,raw stage-by-checkpoint score; masked when c<s
heatmap_matrix,TR,TR,GLM-4-9B-1M,9,1,0.048780,held_out_character,raw stage-by-checkpoint score; masked when c<s
heatmap_matrix,TR,TR,GLM-4-9B-1M,10,1,0.000000,held_out_character,raw stage-by-checkpoint score; masked when c<s
heatmap_matrix,TR,TR,GLM-4-9B-1M,1,2,,held_out_character,raw stage-by-checkpoint score; masked when c<s
heatmap_matrix,TR,TR,GLM-4-9B-1M,2,2,0.113636,held_out_character,raw stage-by-checkpoint score; masked when c<s
heatmap_matrix,TR,TR,GLM-4-9B-1M,3,2,0.068182,held_out_character,raw stage-by-checkpoint score; masked when c<s
heatmap_matrix,TR,TR,GLM-4-9B-1M,4,2,0.136364,held_out_character,raw stage-by-checkpoint score; masked when c<s
heatmap_matrix,TR,TR,GLM-4-9B-1M,5,2,0.090909,held_out_character,raw stage-by-checkpoint score; masked when c<s
heatmap_matrix,TR,TR,GLM-4-9B-1M,6,2,0.090909,held_out_character,raw stage-by-checkpoint score; masked when c<s
heatmap_matrix,TR,TR,GLM-4-9B-1M,7,2,0.068182,held_out_character,raw stage-by-checkpoint score; masked when c<s
heatmap_matrix,TR,TR,GLM-4-9B-1M,8,2,0.068182,held_out_character,raw stage-by-checkpoint score; masked when c<s
heatmap_matrix,TR,TR,GLM-4-9B-1M,9,2,0.113636,held_out_character,raw stage-by-checkpoint score; masked when c<s
heatmap_matrix,TR,TR,GLM-4-9B-1M,10,2,0.068182,held_out_character,raw stage-by-checkpoint score; masked when c<s
heatmap_matrix,TR,TR,GLM-4-9B-1M,1,3,,held_out_character,raw stage-by-checkpoint score; masked when c<s
heatmap_matrix,TR,TR,GLM-4-9B-1M,2,3,,held_out_character,raw stage-by-checkpoint score; masked when c<s
heatmap_matrix,TR,TR,GLM-4-9B-1M,3,3,0.055556,held_out_character,raw stage-by-checkpoint score; masked when c<s
heatmap_matrix,TR,TR,GLM-4-9B-1M,4,3,0.027778,held_out_character,raw stage-by-checkpoint score; masked when c<s
heatmap_matrix,TR,TR,GLM-4-9B-1M,5,3,0.055556,held_out_character,raw stage-by-checkpoint score; masked when c<s
heatmap_matrix,TR,TR,GLM-4-9B-1M,6,3,0.055556,held_out_character,raw stage-by-checkpoint score; masked when c<s
heatmap_matrix,TR,TR,GLM-4-9B-1M,7,3,0.027778,held_out_character,raw stage-by-checkpoint score; masked when c<s
heatmap_matrix,TR,TR,GLM-4-9B-1M,8,3,0.000000,held_out_character,raw stage-by-checkpoint score; masked when c<s
heatmap_matrix,TR,TR,GLM-4-9B-1M,9,3,0.055556,held_out_character,raw stage-by-checkpoint score; masked when c<s
heatmap_matrix,TR,TR,GLM-4-9B-1M,10,3,0.027778,held_out_character,raw stage-by-checkpoint score; masked when c<s
heatmap_matrix,TR,TR,GLM-4-9B-1M,1,4,,held_out_character,raw stage-by-checkpoint score; masked when c<s
heatmap_matrix,TR,TR,GLM-4-9B-1M,2,4,,held_out_character,raw stage-by-checkpoint score; masked when c<s
heatmap_matrix,TR,TR,GLM-4-9B-1M,3,4,,held_out_character,raw stage-by-checkpoint score; masked when c<s
heatmap_matrix,TR,TR,GLM-4-9B-1M,4,4,0.135135,held_out_character,raw stage-by-checkpoint score; masked when c<s
heatmap_matrix,TR,TR,GLM-4-9B-1M,5,4,0.054054,held_out_character,raw stage-by-checkpoint score; masked when c<s
heatmap_matrix,TR,TR,GLM-4-9B-1M,6,4,0.081081,held_out_character,raw stage-by-checkpoint score; masked when c<s
heatmap_matrix,TR,TR,GLM-4-9B-1M,7,4,0.108108,held_out_character,raw stage-by-checkpoint score; masked when c<s
heatmap_matrix,TR,TR,GLM-4-9B-1M,8,4,0.108108,held_out_character,raw stage-by-checkpoint score; masked when c<s
heatmap_matrix,TR,TR,GLM-4-9B-1M,9,4,0.027027,held_out_character,raw stage-by-checkpoint score; masked when c<s
heatmap_matrix,TR,TR,GLM-4-9B-1M,10,4,0.081081,held_out_character,raw stage-by-checkpoint score; masked when c<s
heatmap_matrix,TR,TR,GLM-4-9B-1M,1,5,,held_out_character,raw stage-by-checkpoint score; masked when c<s
heatmap_matrix,TR,TR,GLM-4-9B-1M,2,5,,held_out_character,raw stage-by-checkpoint score; masked when c<s
heatmap_matrix,TR,TR,GLM-4-9B-1M,3,5,,held_out_character,raw stage-by-checkpoint score; masked when c<s
heatmap_matrix,TR,TR,GLM-4-9B-1M,4,5,,held_out_character,raw stage-by-checkpoint score; masked when c<s
heatmap_matrix,TR,TR,GLM-4-9B-1M,5,5,0.102564,held_out_character,raw stage-by-checkpoint score; masked when c<s
heatmap_matrix,TR,TR,GLM-4-9B-1M,6,5,0.000000,held_out_character,raw stage-by-checkpoint score; masked when c<s
heatmap_matrix,TR,TR,GLM-4-9B-1M,7,5,0.000000,held_out_character,raw stage-by-checkpoint score; masked when c<s
heatmap_matrix,TR,TR,GLM-4-9B-1M,8,5,0.051282,held_out_character,raw stage-by-checkpoint score; masked when c<s
heatmap_matrix,TR,TR,GLM-4-9B-1M,9,5,0.051282,held_out_character,raw stage-by-checkpoint score; masked when c<s
heatmap_matrix,TR,TR,GLM-4-9B-1M,10,5,0.076923,held_out_character,raw stage-by-checkpoint score; masked when c<s
heatmap_matrix,TR,TR,GLM-4-9B-1M,1,6,,held_out_character,raw stage-by-checkpoint score; masked when c<s
heatmap_matrix,TR,TR,GLM-4-9B-1M,2,6,,held_out_character,raw stage-by-checkpoint score; masked when c<s
heatmap_matrix,TR,TR,GLM-4-9B-1M,3,6,,held_out_character,raw stage-by-checkpoint score; masked when c<s
heatmap_matrix,TR,TR,GLM-4-9B-1M,4,6,,held_out_character,raw stage-by-checkpoint score; masked when c<s
heatmap_matrix,TR,TR,GLM-4-9B-1M,5,6,,held_out_character,raw stage-by-checkpoint score; masked when c<s
heatmap_matrix,TR,TR,GLM-4-9B-1M,6,6,0.088235,held_out_character,raw stage-by-checkpoint score; masked when c<s
heatmap_matrix,TR,TR,GLM-4-9B-1M,7,6,0.029412,held_out_character,raw stage-by-checkpoint score; masked when c<s
heatmap_matrix,TR,TR,GLM-4-9B-1M,8,6,0.029412,held_out_character,raw stage-by-checkpoint score; masked when c<s
heatmap_matrix,TR,TR,GLM-4-9B-1M,9,6,0.029412,held_out_character,raw stage-by-checkpoint score; masked when c<s
heatmap_matrix,TR,TR,GLM-4-9B-1M,10,6,0.029412,held_out_character,raw stage-by-checkpoint score; masked when c<s
heatmap_matrix,TR,TR,GLM-4-9B-1M,1,7,,held_out_character,raw stage-by-checkpoint score; masked when c<s
heatmap_matrix,TR,TR,GLM-4-9B-1M,2,7,,held_out_character,raw stage-by-checkpoint score; masked when c<s
heatmap_matrix,TR,TR,GLM-4-9B-1M,3,7,,held_out_character,raw stage-by-checkpoint score; masked when c<s
heatmap_matrix,TR,TR,GLM-4-9B-1M,4,7,,held_out_character,raw stage-by-checkpoint score; masked when c<s
heatmap_matrix,TR,TR,GLM-4-9B-1M,5,7,,held_out_character,raw stage-by-checkpoint score; masked when c<s
heatmap_matrix,TR,TR,GLM-4-9B-1M,6,7,,held_out_character,raw stage-by-checkpoint score; masked when c<s
heatmap_matrix,TR,TR,GLM-4-9B-1M,7,7,0.027027,held_out_character,raw stage-by-checkpoint score; masked when c<s
heatmap_matrix,TR,TR,GLM-4-9B-1M,8,7,0.027027,held_out_character,raw stage-by-checkpoint score; masked when c<s
heatmap_matrix,TR,TR,GLM-4-9B-1M,9,7,0.054054,held_out_character,raw stage-by-checkpoint score; masked when c<s
heatmap_matrix,TR,TR,GLM-4-9B-1M,10,7,0.027027,held_out_character,raw stage-by-checkpoint score; masked when c<s
heatmap_matrix,TR,TR,GLM-4-9B-1M,1,8,,held_out_character,raw stage-by-checkpoint score; masked when c<s
heatmap_matrix,TR,TR,GLM-4-9B-1M,2,8,,held_out_character,raw stage-by-checkpoint score; masked when c<s
heatmap_matrix,TR,TR,GLM-4-9B-1M,3,8,,held_out_character,raw stage-by-checkpoint score; masked when c<s
heatmap_matrix,TR,TR,GLM-4-9B-1M,4,8,,held_out_character,raw stage-by-checkpoint score; masked when c<s
heatmap_matrix,TR,TR,GLM-4-9B-1M,5,8,,held_out_character,raw stage-by-checkpoint score; masked when c<s
heatmap_matrix,TR,TR,GLM-4-9B-1M,6,8,,held_out_character,raw stage-by-checkpoint score; masked when c<s
heatmap_matrix,TR,TR,GLM-4-9B-1M,7,8,,held_out_character,raw stage-by-checkpoint score; masked when c<s
heatmap_matrix,TR,TR,GLM-4-9B-1M,8,8,0.052632,held_out_character,raw stage-by-checkpoint score; masked when c<s
heatmap_matrix,TR,TR,GLM-4-9B-1M,9,8,0.052632,held_out_character,raw stage-by-checkpoint score; masked when c<s
heatmap_matrix,TR,TR,GLM-4-9B-1M,10,8,0.131579,held_out_character,raw stage-by-checkpoint score; masked when c<s
heatmap_matrix,TR,TR,GLM-4-9B-1M,1,9,,held_out_character,raw stage-by-checkpoint score; masked when c<s
heatmap_matrix,TR,TR,GLM-4-9B-1M,2,9,,held_out_character,raw stage-by-checkpoint score; masked when c<s
heatmap_matrix,TR,TR,GLM-4-9B-1M,3,9,,held_out_character,raw stage-by-checkpoint score; masked when c<s
heatmap_matrix,TR,TR,GLM-4-9B-1M,4,9,,held_out_character,raw stage-by-checkpoint score; masked when c<s
heatmap_matrix,TR,TR,GLM-4-9B-1M,5,9,,held_out_character,raw stage-by-checkpoint score; masked when c<s
heatmap_matrix,TR,TR,GLM-4-9B-1M,6,9,,held_out_character,raw stage-by-checkpoint score; masked when c<s
heatmap_matrix,TR,TR,GLM-4-9B-1M,7,9,,held_out_character,raw stage-by-checkpoint score; masked when c<s
heatmap_matrix,TR,TR,GLM-4-9B-1M,8,9,,held_out_character,raw stage-by-checkpoint score; masked when c<s
heatmap_matrix,TR,TR,GLM-4-9B-1M,9,9,0.190476,held_out_character,raw stage-by-checkpoint score; masked when c<s
heatmap_matrix,TR,TR,GLM-4-9B-1M,10,9,0.071429,held_out_character,raw stage-by-checkpoint score; masked when c<s
heatmap_matrix,TR,TR,GLM-4-9B-1M,1,10,,held_out_character,raw stage-by-checkpoint score; masked when c<s
heatmap_matrix,TR,TR,GLM-4-9B-1M,2,10,,held_out_character,raw stage-by-checkpoint score; masked when c<s
heatmap_matrix,TR,TR,GLM-4-9B-1M,3,10,,held_out_character,raw stage-by-checkpoint score; masked when c<s
heatmap_matrix,TR,TR,GLM-4-9B-1M,4,10,,held_out_character,raw stage-by-checkpoint score; masked when c<s
heatmap_matrix,TR,TR,GLM-4-9B-1M,5,10,,held_out_character,raw stage-by-checkpoint score; masked when c<s
heatmap_matrix,TR,TR,GLM-4-9B-1M,6,10,,held_out_character,raw stage-by-checkpoint score; masked when c<s
heatmap_matrix,TR,TR,GLM-4-9B-1M,7,10,,held_out_character,raw stage-by-checkpoint score; masked when c<s
heatmap_matrix,TR,TR,GLM-4-9B-1M,8,10,,held_out_character,raw stage-by-checkpoint score; masked when c<s
heatmap_matrix,TR,TR,GLM-4-9B-1M,9,10,,held_out_character,raw stage-by-checkpoint score; masked when c<s
heatmap_matrix,TR,TR,GLM-4-9B-1M,10,10,0.075000,held_out_character,raw stage-by-checkpoint score; masked when c<s
heatmap_matrix,TR,TR,Qwen3.5-9B,1,1,0.000000,held_out_character,raw stage-by-checkpoint score; masked when c<s
heatmap_matrix,TR,TR,Qwen3.5-9B,2,1,0.000000,held_out_character,raw stage-by-checkpoint score; masked when c<s
heatmap_matrix,TR,TR,Qwen3.5-9B,3,1,0.000000,held_out_character,raw stage-by-checkpoint score; masked when c<s
heatmap_matrix,TR,TR,Qwen3.5-9B,4,1,0.024390,held_out_character,raw stage-by-checkpoint score; masked when c<s
heatmap_matrix,TR,TR,Qwen3.5-9B,5,1,0.000000,held_out_character,raw stage-by-checkpoint score; masked when c<s
heatmap_matrix,TR,TR,Qwen3.5-9B,6,1,0.000000,held_out_character,raw stage-by-checkpoint score; masked when c<s
heatmap_matrix,TR,TR,Qwen3.5-9B,7,1,0.000000,held_out_character,raw stage-by-checkpoint score; masked when c<s
heatmap_matrix,TR,TR,Qwen3.5-9B,8,1,0.024390,held_out_character,raw stage-by-checkpoint score; masked when c<s
heatmap_matrix,TR,TR,Qwen3.5-9B,9,1,0.024390,held_out_character,raw stage-by-checkpoint score; masked when c<s
heatmap_matrix,TR,TR,Qwen3.5-9B,10,1,0.024390,held_out_character,raw stage-by-checkpoint score; masked when c<s
heatmap_matrix,TR,TR,Qwen3.5-9B,1,2,,held_out_character,raw stage-by-checkpoint score; masked when c<s
heatmap_matrix,TR,TR,Qwen3.5-9B,2,2,0.068182,held_out_character,raw stage-by-checkpoint score; masked when c<s
heatmap_matrix,TR,TR,Qwen3.5-9B,3,2,0.068182,held_out_character,raw stage-by-checkpoint score; masked when c<s
heatmap_matrix,TR,TR,Qwen3.5-9B,4,2,0.068182,held_out_character,raw stage-by-checkpoint score; masked when c<s
heatmap_matrix,TR,TR,Qwen3.5-9B,5,2,0.068182,held_out_character,raw stage-by-checkpoint score; masked when c<s
heatmap_matrix,TR,TR,Qwen3.5-9B,6,2,0.068182,held_out_character,raw stage-by-checkpoint score; masked when c<s
heatmap_matrix,TR,TR,Qwen3.5-9B,7,2,0.068182,held_out_character,raw stage-by-checkpoint score; masked when c<s
heatmap_matrix,TR,TR,Qwen3.5-9B,8,2,0.113636,held_out_character,raw stage-by-checkpoint score; masked when c<s
heatmap_matrix,TR,TR,Qwen3.5-9B,9,2,0.068182,held_out_character,raw stage-by-checkpoint score; masked when c<s
heatmap_matrix,TR,TR,Qwen3.5-9B,10,2,0.045455,held_out_character,raw stage-by-checkpoint score; masked when c<s
heatmap_matrix,TR,TR,Qwen3.5-9B,1,3,,held_out_character,raw stage-by-checkpoint score; masked when c<s
heatmap_matrix,TR,TR,Qwen3.5-9B,2,3,,held_out_character,raw stage-by-checkpoint score; masked when c<s
heatmap_matrix,TR,TR,Qwen3.5-9B,3,3,0.000000,held_out_character,raw stage-by-checkpoint score; masked when c<s
heatmap_matrix,TR,TR,Qwen3.5-9B,4,3,0.027778,held_out_character,raw stage-by-checkpoint score; masked when c<s
heatmap_matrix,TR,TR,Qwen3.5-9B,5,3,0.000000,held_out_character,raw stage-by-checkpoint score; masked when c<s
heatmap_matrix,TR,TR,Qwen3.5-9B,6,3,0.000000,held_out_character,raw stage-by-checkpoint score; masked when c<s
heatmap_matrix,TR,TR,Qwen3.5-9B,7,3,0.000000,held_out_character,raw stage-by-checkpoint score; masked when c<s
heatmap_matrix,TR,TR,Qwen3.5-9B,8,3,0.000000,held_out_character,raw stage-by-checkpoint score; masked when c<s
heatmap_matrix,TR,TR,Qwen3.5-9B,9,3,0.000000,held_out_character,raw stage-by-checkpoint score; masked when c<s
heatmap_matrix,TR,TR,Qwen3.5-9B,10,3,0.000000,held_out_character,raw stage-by-checkpoint score; masked when c<s
heatmap_matrix,TR,TR,Qwen3.5-9B,1,4,,held_out_character,raw stage-by-checkpoint score; masked when c<s
heatmap_matrix,TR,TR,Qwen3.5-9B,2,4,,held_out_character,raw stage-by-checkpoint score; masked when c<s
heatmap_matrix,TR,TR,Qwen3.5-9B,3,4,,held_out_character,raw stage-by-checkpoint score; masked when c<s
heatmap_matrix,TR,TR,Qwen3.5-9B,4,4,0.027027,held_out_character,raw stage-by-checkpoint score; masked when c<s
heatmap_matrix,TR,TR,Qwen3.5-9B,5,4,0.000000,held_out_character,raw stage-by-checkpoint score; masked when c<s
heatmap_matrix,TR,TR,Qwen3.5-9B,6,4,0.054054,held_out_character,raw stage-by-checkpoint score; masked when c<s
heatmap_matrix,TR,TR,Qwen3.5-9B,7,4,0.027027,held_out_character,raw stage-by-checkpoint score; masked when c<s
heatmap_matrix,TR,TR,Qwen3.5-9B,8,4,0.054054,held_out_character,raw stage-by-checkpoint score; masked when c<s
heatmap_matrix,TR,TR,Qwen3.5-9B,9,4,0.027027,held_out_character,raw stage-by-checkpoint score; masked when c<s
heatmap_matrix,TR,TR,Qwen3.5-9B,10,4,0.081081,held_out_character,raw stage-by-checkpoint score; masked when c<s
heatmap_matrix,TR,TR,Qwen3.5-9B,1,5,,held_out_character,raw stage-by-checkpoint score; masked when c<s
heatmap_matrix,TR,TR,Qwen3.5-9B,2,5,,held_out_character,raw stage-by-checkpoint score; masked when c<s
heatmap_matrix,TR,TR,Qwen3.5-9B,3,5,,held_out_character,raw stage-by-checkpoint score; masked when c<s
heatmap_matrix,TR,TR,Qwen3.5-9B,4,5,,held_out_character,raw stage-by-checkpoint score; masked when c<s
heatmap_matrix,TR,TR,Qwen3.5-9B,5,5,0.000000,held_out_character,raw stage-by-checkpoint score; masked when c<s
heatmap_matrix,TR,TR,Qwen3.5-9B,6,5,0.000000,held_out_character,raw stage-by-checkpoint score; masked when c<s
heatmap_matrix,TR,TR,Qwen3.5-9B,7,5,0.000000,held_out_character,raw stage-by-checkpoint score; masked when c<s
heatmap_matrix,TR,TR,Qwen3.5-9B,8,5,0.000000,held_out_character,raw stage-by-checkpoint score; masked when c<s
heatmap_matrix,TR,TR,Qwen3.5-9B,9,5,0.000000,held_out_character,raw stage-by-checkpoint score; masked when c<s
heatmap_matrix,TR,TR,Qwen3.5-9B,10,5,0.000000,held_out_character,raw stage-by-checkpoint score; masked when c<s
heatmap_matrix,TR,TR,Qwen3.5-9B,1,6,,held_out_character,raw stage-by-checkpoint score; masked when c<s
heatmap_matrix,TR,TR,Qwen3.5-9B,2,6,,held_out_character,raw stage-by-checkpoint score; masked when c<s
heatmap_matrix,TR,TR,Qwen3.5-9B,3,6,,held_out_character,raw stage-by-checkpoint score; masked when c<s
heatmap_matrix,TR,TR,Qwen3.5-9B,4,6,,held_out_character,raw stage-by-checkpoint score; masked when c<s
heatmap_matrix,TR,TR,Qwen3.5-9B,5,6,,held_out_character,raw stage-by-checkpoint score; masked when c<s
heatmap_matrix,TR,TR,Qwen3.5-9B,6,6,0.029412,held_out_character,raw stage-by-checkpoint score; masked when c<s
heatmap_matrix,TR,TR,Qwen3.5-9B,7,6,0.000000,held_out_character,raw stage-by-checkpoint score; masked when c<s
heatmap_matrix,TR,TR,Qwen3.5-9B,8,6,0.000000,held_out_character,raw stage-by-checkpoint score; masked when c<s
heatmap_matrix,TR,TR,Qwen3.5-9B,9,6,0.029412,held_out_character,raw stage-by-checkpoint score; masked when c<s
heatmap_matrix,TR,TR,Qwen3.5-9B,10,6,0.029412,held_out_character,raw stage-by-checkpoint score; masked when c<s
heatmap_matrix,TR,TR,Qwen3.5-9B,1,7,,held_out_character,raw stage-by-checkpoint score; masked when c<s
heatmap_matrix,TR,TR,Qwen3.5-9B,2,7,,held_out_character,raw stage-by-checkpoint score; masked when c<s
heatmap_matrix,TR,TR,Qwen3.5-9B,3,7,,held_out_character,raw stage-by-checkpoint score; masked when c<s
heatmap_matrix,TR,TR,Qwen3.5-9B,4,7,,held_out_character,raw stage-by-checkpoint score; masked when c<s
heatmap_matrix,TR,TR,Qwen3.5-9B,5,7,,held_out_character,raw stage-by-checkpoint score; masked when c<s
heatmap_matrix,TR,TR,Qwen3.5-9B,6,7,,held_out_character,raw stage-by-checkpoint score; masked when c<s
heatmap_matrix,TR,TR,Qwen3.5-9B,7,7,0.027027,held_out_character,raw stage-by-checkpoint score; masked when c<s
heatmap_matrix,TR,TR,Qwen3.5-9B,8,7,0.000000,held_out_character,raw stage-by-checkpoint score; masked when c<s
heatmap_matrix,TR,TR,Qwen3.5-9B,9,7,0.000000,held_out_character,raw stage-by-checkpoint score; masked when c<s
heatmap_matrix,TR,TR,Qwen3.5-9B,10,7,0.000000,held_out_character,raw stage-by-checkpoint score; masked when c<s
heatmap_matrix,TR,TR,Qwen3.5-9B,1,8,,held_out_character,raw stage-by-checkpoint score; masked when c<s
heatmap_matrix,TR,TR,Qwen3.5-9B,2,8,,held_out_character,raw stage-by-checkpoint score; masked when c<s
heatmap_matrix,TR,TR,Qwen3.5-9B,3,8,,held_out_character,raw stage-by-checkpoint score; masked when c<s
heatmap_matrix,TR,TR,Qwen3.5-9B,4,8,,held_out_character,raw stage-by-checkpoint score; masked when c<s
heatmap_matrix,TR,TR,Qwen3.5-9B,5,8,,held_out_character,raw stage-by-checkpoint score; masked when c<s
heatmap_matrix,TR,TR,Qwen3.5-9B,6,8,,held_out_character,raw stage-by-checkpoint score; masked when c<s
heatmap_matrix,TR,TR,Qwen3.5-9B,7,8,,held_out_character,raw stage-by-checkpoint score; masked when c<s
heatmap_matrix,TR,TR,Qwen3.5-9B,8,8,0.078947,held_out_character,raw stage-by-checkpoint score; masked when c<s
heatmap_matrix,TR,TR,Qwen3.5-9B,9,8,0.026316,held_out_character,raw stage-by-checkpoint score; masked when c<s
heatmap_matrix,TR,TR,Qwen3.5-9B,10,8,0.026316,held_out_character,raw stage-by-checkpoint score; masked when c<s
heatmap_matrix,TR,TR,Qwen3.5-9B,1,9,,held_out_character,raw stage-by-checkpoint score; masked when c<s
heatmap_matrix,TR,TR,Qwen3.5-9B,2,9,,held_out_character,raw stage-by-checkpoint score; masked when c<s
heatmap_matrix,TR,TR,Qwen3.5-9B,3,9,,held_out_character,raw stage-by-checkpoint score; masked when c<s
heatmap_matrix,TR,TR,Qwen3.5-9B,4,9,,held_out_character,raw stage-by-checkpoint score; masked when c<s
heatmap_matrix,TR,TR,Qwen3.5-9B,5,9,,held_out_character,raw stage-by-checkpoint score; masked when c<s
heatmap_matrix,TR,TR,Qwen3.5-9B,6,9,,held_out_character,raw stage-by-checkpoint score; masked when c<s
heatmap_matrix,TR,TR,Qwen3.5-9B,7,9,,held_out_character,raw stage-by-checkpoint score; masked when c<s
heatmap_matrix,TR,TR,Qwen3.5-9B,8,9,,held_out_character,raw stage-by-checkpoint score; masked when c<s
heatmap_matrix,TR,TR,Qwen3.5-9B,9,9,0.071429,held_out_character,raw stage-by-checkpoint score; masked when c<s
heatmap_matrix,TR,TR,Qwen3.5-9B,10,9,0.023810,held_out_character,raw stage-by-checkpoint score; masked when c<s
heatmap_matrix,TR,TR,Qwen3.5-9B,1,10,,held_out_character,raw stage-by-checkpoint score; masked when c<s
heatmap_matrix,TR,TR,Qwen3.5-9B,2,10,,held_out_character,raw stage-by-checkpoint score; masked when c<s
heatmap_matrix,TR,TR,Qwen3.5-9B,3,10,,held_out_character,raw stage-by-checkpoint score; masked when c<s
heatmap_matrix,TR,TR,Qwen3.5-9B,4,10,,held_out_character,raw stage-by-checkpoint score; masked when c<s
heatmap_matrix,TR,TR,Qwen3.5-9B,5,10,,held_out_character,raw stage-by-checkpoint score; masked when c<s
heatmap_matrix,TR,TR,Qwen3.5-9B,6,10,,held_out_character,raw stage-by-checkpoint score; masked when c<s
heatmap_matrix,TR,TR,Qwen3.5-9B,7,10,,held_out_character,raw stage-by-checkpoint score; masked when c<s
heatmap_matrix,TR,TR,Qwen3.5-9B,8,10,,held_out_character,raw stage-by-checkpoint score; masked when c<s
heatmap_matrix,TR,TR,Qwen3.5-9B,9,10,,held_out_character,raw stage-by-checkpoint score; masked when c<s
heatmap_matrix,TR,TR,Qwen3.5-9B,10,10,0.000000,held_out_character,raw stage-by-checkpoint score; masked when c<s
heatmap_matrix,TR,TR,Qwen2.5-7B-1M,1,1,0.024390,held_out_character,raw stage-by-checkpoint score; masked when c<s
heatmap_matrix,TR,TR,Qwen2.5-7B-1M,2,1,0.000000,held_out_character,raw stage-by-checkpoint score; masked when c<s
heatmap_matrix,TR,TR,Qwen2.5-7B-1M,3,1,0.000000,held_out_character,raw stage-by-checkpoint score; masked when c<s
heatmap_matrix,TR,TR,Qwen2.5-7B-1M,4,1,0.000000,held_out_character,raw stage-by-checkpoint score; masked when c<s
heatmap_matrix,TR,TR,Qwen2.5-7B-1M,5,1,0.000000,held_out_character,raw stage-by-checkpoint score; masked when c<s
heatmap_matrix,TR,TR,Qwen2.5-7B-1M,6,1,0.024390,held_out_character,raw stage-by-checkpoint score; masked when c<s
heatmap_matrix,TR,TR,Qwen2.5-7B-1M,7,1,0.000000,held_out_character,raw stage-by-checkpoint score; masked when c<s
heatmap_matrix,TR,TR,Qwen2.5-7B-1M,8,1,0.000000,held_out_character,raw stage-by-checkpoint score; masked when c<s
heatmap_matrix,TR,TR,Qwen2.5-7B-1M,9,1,0.000000,held_out_character,raw stage-by-checkpoint score; masked when c<s
heatmap_matrix,TR,TR,Qwen2.5-7B-1M,10,1,0.000000,held_out_character,raw stage-by-checkpoint score; masked when c<s
heatmap_matrix,TR,TR,Qwen2.5-7B-1M,1,2,,held_out_character,raw stage-by-checkpoint score; masked when c<s
heatmap_matrix,TR,TR,Qwen2.5-7B-1M,2,2,0.022727,held_out_character,raw stage-by-checkpoint score; masked when c<s
heatmap_matrix,TR,TR,Qwen2.5-7B-1M,3,2,0.022727,held_out_character,raw stage-by-checkpoint score; masked when c<s
heatmap_matrix,TR,TR,Qwen2.5-7B-1M,4,2,0.000000,held_out_character,raw stage-by-checkpoint score; masked when c<s
heatmap_matrix,TR,TR,Qwen2.5-7B-1M,5,2,0.022727,held_out_character,raw stage-by-checkpoint score; masked when c<s
heatmap_matrix,TR,TR,Qwen2.5-7B-1M,6,2,0.045455,held_out_character,raw stage-by-checkpoint score; masked when c<s
heatmap_matrix,TR,TR,Qwen2.5-7B-1M,7,2,0.045455,held_out_character,raw stage-by-checkpoint score; masked when c<s
heatmap_matrix,TR,TR,Qwen2.5-7B-1M,8,2,0.022727,held_out_character,raw stage-by-checkpoint score; masked when c<s
heatmap_matrix,TR,TR,Qwen2.5-7B-1M,9,2,0.022727,held_out_character,raw stage-by-checkpoint score; masked when c<s
heatmap_matrix,TR,TR,Qwen2.5-7B-1M,10,2,0.045455,held_out_character,raw stage-by-checkpoint score; masked when c<s
heatmap_matrix,TR,TR,Qwen2.5-7B-1M,1,3,,held_out_character,raw stage-by-checkpoint score; masked when c<s
heatmap_matrix,TR,TR,Qwen2.5-7B-1M,2,3,,held_out_character,raw stage-by-checkpoint score; masked when c<s
heatmap_matrix,TR,TR,Qwen2.5-7B-1M,3,3,0.000000,held_out_character,raw stage-by-checkpoint score; masked when c<s
heatmap_matrix,TR,TR,Qwen2.5-7B-1M,4,3,0.000000,held_out_character,raw stage-by-checkpoint score; masked when c<s
heatmap_matrix,TR,TR,Qwen2.5-7B-1M,5,3,0.000000,held_out_character,raw stage-by-checkpoint score; masked when c<s
heatmap_matrix,TR,TR,Qwen2.5-7B-1M,6,3,0.000000,held_out_character,raw stage-by-checkpoint score; masked when c<s
heatmap_matrix,TR,TR,Qwen2.5-7B-1M,7,3,0.000000,held_out_character,raw stage-by-checkpoint score; masked when c<s
heatmap_matrix,TR,TR,Qwen2.5-7B-1M,8,3,0.027778,held_out_character,raw stage-by-checkpoint score; masked when c<s
heatmap_matrix,TR,TR,Qwen2.5-7B-1M,9,3,0.027778,held_out_character,raw stage-by-checkpoint score; masked when c<s
heatmap_matrix,TR,TR,Qwen2.5-7B-1M,10,3,0.000000,held_out_character,raw stage-by-checkpoint score; masked when c<s
heatmap_matrix,TR,TR,Qwen2.5-7B-1M,1,4,,held_out_character,raw stage-by-checkpoint score; masked when c<s
heatmap_matrix,TR,TR,Qwen2.5-7B-1M,2,4,,held_out_character,raw stage-by-checkpoint score; masked when c<s
heatmap_matrix,TR,TR,Qwen2.5-7B-1M,3,4,,held_out_character,raw stage-by-checkpoint score; masked when c<s
heatmap_matrix,TR,TR,Qwen2.5-7B-1M,4,4,0.054054,held_out_character,raw stage-by-checkpoint score; masked when c<s
heatmap_matrix,TR,TR,Qwen2.5-7B-1M,5,4,0.027027,held_out_character,raw stage-by-checkpoint score; masked when c<s
heatmap_matrix,TR,TR,Qwen2.5-7B-1M,6,4,0.027027,held_out_character,raw stage-by-checkpoint score; masked when c<s
heatmap_matrix,TR,TR,Qwen2.5-7B-1M,7,4,0.027027,held_out_character,raw stage-by-checkpoint score; masked when c<s
heatmap_matrix,TR,TR,Qwen2.5-7B-1M,8,4,0.027027,held_out_character,raw stage-by-checkpoint score; masked when c<s
heatmap_matrix,TR,TR,Qwen2.5-7B-1M,9,4,0.000000,held_out_character,raw stage-by-checkpoint score; masked when c<s
heatmap_matrix,TR,TR,Qwen2.5-7B-1M,10,4,0.054054,held_out_character,raw stage-by-checkpoint score; masked when c<s
heatmap_matrix,TR,TR,Qwen2.5-7B-1M,1,5,,held_out_character,raw stage-by-checkpoint score; masked when c<s
heatmap_matrix,TR,TR,Qwen2.5-7B-1M,2,5,,held_out_character,raw stage-by-checkpoint score; masked when c<s
heatmap_matrix,TR,TR,Qwen2.5-7B-1M,3,5,,held_out_character,raw stage-by-checkpoint score; masked when c<s
heatmap_matrix,TR,TR,Qwen2.5-7B-1M,4,5,,held_out_character,raw stage-by-checkpoint score; masked when c<s
heatmap_matrix,TR,TR,Qwen2.5-7B-1M,5,5,0.000000,held_out_character,raw stage-by-checkpoint score; masked when c<s
heatmap_matrix,TR,TR,Qwen2.5-7B-1M,6,5,0.025641,held_out_character,raw stage-by-checkpoint score; masked when c<s
heatmap_matrix,TR,TR,Qwen2.5-7B-1M,7,5,0.000000,held_out_character,raw stage-by-checkpoint score; masked when c<s
heatmap_matrix,TR,TR,Qwen2.5-7B-1M,8,5,0.000000,held_out_character,raw stage-by-checkpoint score; masked when c<s
heatmap_matrix,TR,TR,Qwen2.5-7B-1M,9,5,0.000000,held_out_character,raw stage-by-checkpoint score; masked when c<s
heatmap_matrix,TR,TR,Qwen2.5-7B-1M,10,5,0.000000,held_out_character,raw stage-by-checkpoint score; masked when c<s
heatmap_matrix,TR,TR,Qwen2.5-7B-1M,1,6,,held_out_character,raw stage-by-checkpoint score; masked when c<s
heatmap_matrix,TR,TR,Qwen2.5-7B-1M,2,6,,held_out_character,raw stage-by-checkpoint score; masked when c<s
heatmap_matrix,TR,TR,Qwen2.5-7B-1M,3,6,,held_out_character,raw stage-by-checkpoint score; masked when c<s
heatmap_matrix,TR,TR,Qwen2.5-7B-1M,4,6,,held_out_character,raw stage-by-checkpoint score; masked when c<s
heatmap_matrix,TR,TR,Qwen2.5-7B-1M,5,6,,held_out_character,raw stage-by-checkpoint score; masked when c<s
heatmap_matrix,TR,TR,Qwen2.5-7B-1M,6,6,0.000000,held_out_character,raw stage-by-checkpoint score; masked when c<s
heatmap_matrix,TR,TR,Qwen2.5-7B-1M,7,6,0.000000,held_out_character,raw stage-by-checkpoint score; masked when c<s
heatmap_matrix,TR,TR,Qwen2.5-7B-1M,8,6,0.029412,held_out_character,raw stage-by-checkpoint score; masked when c<s
heatmap_matrix,TR,TR,Qwen2.5-7B-1M,9,6,0.058824,held_out_character,raw stage-by-checkpoint score; masked when c<s
heatmap_matrix,TR,TR,Qwen2.5-7B-1M,10,6,0.029412,held_out_character,raw stage-by-checkpoint score; masked when c<s
heatmap_matrix,TR,TR,Qwen2.5-7B-1M,1,7,,held_out_character,raw stage-by-checkpoint score; masked when c<s
heatmap_matrix,TR,TR,Qwen2.5-7B-1M,2,7,,held_out_character,raw stage-by-checkpoint score; masked when c<s
heatmap_matrix,TR,TR,Qwen2.5-7B-1M,3,7,,held_out_character,raw stage-by-checkpoint score; masked when c<s
heatmap_matrix,TR,TR,Qwen2.5-7B-1M,4,7,,held_out_character,raw stage-by-checkpoint score; masked when c<s
heatmap_matrix,TR,TR,Qwen2.5-7B-1M,5,7,,held_out_character,raw stage-by-checkpoint score; masked when c<s
heatmap_matrix,TR,TR,Qwen2.5-7B-1M,6,7,,held_out_character,raw stage-by-checkpoint score; masked when c<s
heatmap_matrix,TR,TR,Qwen2.5-7B-1M,7,7,0.000000,held_out_character,raw stage-by-checkpoint score; masked when c<s
heatmap_matrix,TR,TR,Qwen2.5-7B-1M,8,7,0.000000,held_out_character,raw stage-by-checkpoint score; masked when c<s
heatmap_matrix,TR,TR,Qwen2.5-7B-1M,9,7,0.000000,held_out_character,raw stage-by-checkpoint score; masked when c<s
heatmap_matrix,TR,TR,Qwen2.5-7B-1M,10,7,0.027027,held_out_character,raw stage-by-checkpoint score; masked when c<s
heatmap_matrix,TR,TR,Qwen2.5-7B-1M,1,8,,held_out_character,raw stage-by-checkpoint score; masked when c<s
heatmap_matrix,TR,TR,Qwen2.5-7B-1M,2,8,,held_out_character,raw stage-by-checkpoint score; masked when c<s
heatmap_matrix,TR,TR,Qwen2.5-7B-1M,3,8,,held_out_character,raw stage-by-checkpoint score; masked when c<s
heatmap_matrix,TR,TR,Qwen2.5-7B-1M,4,8,,held_out_character,raw stage-by-checkpoint score; masked when c<s
heatmap_matrix,TR,TR,Qwen2.5-7B-1M,5,8,,held_out_character,raw stage-by-checkpoint score; masked when c<s
heatmap_matrix,TR,TR,Qwen2.5-7B-1M,6,8,,held_out_character,raw stage-by-checkpoint score; masked when c<s
heatmap_matrix,TR,TR,Qwen2.5-7B-1M,7,8,,held_out_character,raw stage-by-checkpoint score; masked when c<s
heatmap_matrix,TR,TR,Qwen2.5-7B-1M,8,8,0.000000,held_out_character,raw stage-by-checkpoint score; masked when c<s
heatmap_matrix,TR,TR,Qwen2.5-7B-1M,9,8,0.026316,held_out_character,raw stage-by-checkpoint score; masked when c<s
heatmap_matrix,TR,TR,Qwen2.5-7B-1M,10,8,0.052632,held_out_character,raw stage-by-checkpoint score; masked when c<s
heatmap_matrix,TR,TR,Qwen2.5-7B-1M,1,9,,held_out_character,raw stage-by-checkpoint score; masked when c<s
heatmap_matrix,TR,TR,Qwen2.5-7B-1M,2,9,,held_out_character,raw stage-by-checkpoint score; masked when c<s
heatmap_matrix,TR,TR,Qwen2.5-7B-1M,3,9,,held_out_character,raw stage-by-checkpoint score; masked when c<s
heatmap_matrix,TR,TR,Qwen2.5-7B-1M,4,9,,held_out_character,raw stage-by-checkpoint score; masked when c<s
heatmap_matrix,TR,TR,Qwen2.5-7B-1M,5,9,,held_out_character,raw stage-by-checkpoint score; masked when c<s
heatmap_matrix,TR,TR,Qwen2.5-7B-1M,6,9,,held_out_character,raw stage-by-checkpoint score; masked when c<s
heatmap_matrix,TR,TR,Qwen2.5-7B-1M,7,9,,held_out_character,raw stage-by-checkpoint score; masked when c<s
heatmap_matrix,TR,TR,Qwen2.5-7B-1M,8,9,,held_out_character,raw stage-by-checkpoint score; masked when c<s
heatmap_matrix,TR,TR,Qwen2.5-7B-1M,9,9,0.023810,held_out_character,raw stage-by-checkpoint score; masked when c<s
heatmap_matrix,TR,TR,Qwen2.5-7B-1M,10,9,0.023810,held_out_character,raw stage-by-checkpoint score; masked when c<s
heatmap_matrix,TR,TR,Qwen2.5-7B-1M,1,10,,held_out_character,raw stage-by-checkpoint score; masked when c<s
heatmap_matrix,TR,TR,Qwen2.5-7B-1M,2,10,,held_out_character,raw stage-by-checkpoint score; masked when c<s
heatmap_matrix,TR,TR,Qwen2.5-7B-1M,3,10,,held_out_character,raw stage-by-checkpoint score; masked when c<s
heatmap_matrix,TR,TR,Qwen2.5-7B-1M,4,10,,held_out_character,raw stage-by-checkpoint score; masked when c<s
heatmap_matrix,TR,TR,Qwen2.5-7B-1M,5,10,,held_out_character,raw stage-by-checkpoint score; masked when c<s
heatmap_matrix,TR,TR,Qwen2.5-7B-1M,6,10,,held_out_character,raw stage-by-checkpoint score; masked when c<s
heatmap_matrix,TR,TR,Qwen2.5-7B-1M,7,10,,held_out_character,raw stage-by-checkpoint score; masked when c<s
heatmap_matrix,TR,TR,Qwen2.5-7B-1M,8,10,,held_out_character,raw stage-by-checkpoint score; masked when c<s
heatmap_matrix,TR,TR,Qwen2.5-7B-1M,9,10,,held_out_character,raw stage-by-checkpoint score; masked when c<s
heatmap_matrix,TR,TR,Qwen2.5-7B-1M,10,10,0.000000,held_out_character,raw stage-by-checkpoint score; masked when c<s
heatmap_matrix,KU,KU,GLM-4-9B-1M,1,1,0.210526,held_out_character,raw stage-by-checkpoint score; masked when c<s
heatmap_matrix,KU,KU,GLM-4-9B-1M,2,1,0.105263,held_out_character,raw stage-by-checkpoint score; masked when c<s
heatmap_matrix,KU,KU,GLM-4-9B-1M,3,1,0.105263,held_out_character,raw stage-by-checkpoint score; masked when c<s
heatmap_matrix,KU,KU,GLM-4-9B-1M,4,1,0.105263,held_out_character,raw stage-by-checkpoint score; masked when c<s
heatmap_matrix,KU,KU,GLM-4-9B-1M,5,1,0.157895,held_out_character,raw stage-by-checkpoint score; masked when c<s
heatmap_matrix,KU,KU,GLM-4-9B-1M,6,1,0.105263,held_out_character,raw stage-by-checkpoint score; masked when c<s
heatmap_matrix,KU,KU,GLM-4-9B-1M,7,1,0.105263,held_out_character,raw stage-by-checkpoint score; masked when c<s
heatmap_matrix,KU,KU,GLM-4-9B-1M,8,1,0.000000,held_out_character,raw stage-by-checkpoint score; masked when c<s
heatmap_matrix,KU,KU,GLM-4-9B-1M,9,1,0.105263,held_out_character,raw stage-by-checkpoint score; masked when c<s
heatmap_matrix,KU,KU,GLM-4-9B-1M,10,1,0.052632,held_out_character,raw stage-by-checkpoint score; masked when c<s
heatmap_matrix,KU,KU,GLM-4-9B-1M,1,2,,held_out_character,raw stage-by-checkpoint score; masked when c<s
heatmap_matrix,KU,KU,GLM-4-9B-1M,2,2,0.461538,held_out_character,raw stage-by-checkpoint score; masked when c<s
heatmap_matrix,KU,KU,GLM-4-9B-1M,3,2,0.307692,held_out_character,raw stage-by-checkpoint score; masked when c<s
heatmap_matrix,KU,KU,GLM-4-9B-1M,4,2,0.307692,held_out_character,raw stage-by-checkpoint score; masked when c<s
heatmap_matrix,KU,KU,GLM-4-9B-1M,5,2,0.230769,held_out_character,raw stage-by-checkpoint score; masked when c<s
heatmap_matrix,KU,KU,GLM-4-9B-1M,6,2,0.230769,held_out_character,raw stage-by-checkpoint score; masked when c<s
heatmap_matrix,KU,KU,GLM-4-9B-1M,7,2,0.153846,held_out_character,raw stage-by-checkpoint score; masked when c<s
heatmap_matrix,KU,KU,GLM-4-9B-1M,8,2,0.230769,held_out_character,raw stage-by-checkpoint score; masked when c<s
heatmap_matrix,KU,KU,GLM-4-9B-1M,9,2,0.307692,held_out_character,raw stage-by-checkpoint score; masked when c<s
heatmap_matrix,KU,KU,GLM-4-9B-1M,10,2,0.384615,held_out_character,raw stage-by-checkpoint score; masked when c<s
heatmap_matrix,KU,KU,GLM-4-9B-1M,1,3,,held_out_character,raw stage-by-checkpoint score; masked when c<s
heatmap_matrix,KU,KU,GLM-4-9B-1M,2,3,,held_out_character,raw stage-by-checkpoint score; masked when c<s
heatmap_matrix,KU,KU,GLM-4-9B-1M,3,3,0.428571,held_out_character,raw stage-by-checkpoint score; masked when c<s
heatmap_matrix,KU,KU,GLM-4-9B-1M,4,3,0.285714,held_out_character,raw stage-by-checkpoint score; masked when c<s
heatmap_matrix,KU,KU,GLM-4-9B-1M,5,3,0.357143,held_out_character,raw stage-by-checkpoint score; masked when c<s
heatmap_matrix,KU,KU,GLM-4-9B-1M,6,3,0.500000,held_out_character,raw stage-by-checkpoint score; masked when c<s
heatmap_matrix,KU,KU,GLM-4-9B-1M,7,3,0.214286,held_out_character,raw stage-by-checkpoint score; masked when c<s
heatmap_matrix,KU,KU,GLM-4-9B-1M,8,3,0.214286,held_out_character,raw stage-by-checkpoint score; masked when c<s
heatmap_matrix,KU,KU,GLM-4-9B-1M,9,3,0.357143,held_out_character,raw stage-by-checkpoint score; masked when c<s
heatmap_matrix,KU,KU,GLM-4-9B-1M,10,3,0.285714,held_out_character,raw stage-by-checkpoint score; masked when c<s
heatmap_matrix,KU,KU,GLM-4-9B-1M,1,4,,held_out_character,raw stage-by-checkpoint score; masked when c<s
heatmap_matrix,KU,KU,GLM-4-9B-1M,2,4,,held_out_character,raw stage-by-checkpoint score; masked when c<s
heatmap_matrix,KU,KU,GLM-4-9B-1M,3,4,,held_out_character,raw stage-by-checkpoint score; masked when c<s
heatmap_matrix,KU,KU,GLM-4-9B-1M,4,4,0.100000,held_out_character,raw stage-by-checkpoint score; masked when c<s
heatmap_matrix,KU,KU,GLM-4-9B-1M,5,4,0.200000,held_out_character,raw stage-by-checkpoint score; masked when c<s
heatmap_matrix,KU,KU,GLM-4-9B-1M,6,4,0.100000,held_out_character,raw stage-by-checkpoint score; masked when c<s
heatmap_matrix,KU,KU,GLM-4-9B-1M,7,4,0.200000,held_out_character,raw stage-by-checkpoint score; masked when c<s
heatmap_matrix,KU,KU,GLM-4-9B-1M,8,4,0.000000,held_out_character,raw stage-by-checkpoint score; masked when c<s
heatmap_matrix,KU,KU,GLM-4-9B-1M,9,4,0.000000,held_out_character,raw stage-by-checkpoint score; masked when c<s
heatmap_matrix,KU,KU,GLM-4-9B-1M,10,4,0.000000,held_out_character,raw stage-by-checkpoint score; masked when c<s
heatmap_matrix,KU,KU,GLM-4-9B-1M,1,5,,held_out_character,raw stage-by-checkpoint score; masked when c<s
heatmap_matrix,KU,KU,GLM-4-9B-1M,2,5,,held_out_character,raw stage-by-checkpoint score; masked when c<s
heatmap_matrix,KU,KU,GLM-4-9B-1M,3,5,,held_out_character,raw stage-by-checkpoint score; masked when c<s
heatmap_matrix,KU,KU,GLM-4-9B-1M,4,5,,held_out_character,raw stage-by-checkpoint score; masked when c<s
heatmap_matrix,KU,KU,GLM-4-9B-1M,5,5,0.642857,held_out_character,raw stage-by-checkpoint score; masked when c<s
heatmap_matrix,KU,KU,GLM-4-9B-1M,6,5,0.142857,held_out_character,raw stage-by-checkpoint score; masked when c<s
heatmap_matrix,KU,KU,GLM-4-9B-1M,7,5,0.071429,held_out_character,raw stage-by-checkpoint score; masked when c<s
heatmap_matrix,KU,KU,GLM-4-9B-1M,8,5,0.142857,held_out_character,raw stage-by-checkpoint score; masked when c<s
heatmap_matrix,KU,KU,GLM-4-9B-1M,9,5,0.357143,held_out_character,raw stage-by-checkpoint score; masked when c<s
heatmap_matrix,KU,KU,GLM-4-9B-1M,10,5,0.214286,held_out_character,raw stage-by-checkpoint score; masked when c<s
heatmap_matrix,KU,KU,GLM-4-9B-1M,1,6,,held_out_character,raw stage-by-checkpoint score; masked when c<s
heatmap_matrix,KU,KU,GLM-4-9B-1M,2,6,,held_out_character,raw stage-by-checkpoint score; masked when c<s
heatmap_matrix,KU,KU,GLM-4-9B-1M,3,6,,held_out_character,raw stage-by-checkpoint score; masked when c<s
heatmap_matrix,KU,KU,GLM-4-9B-1M,4,6,,held_out_character,raw stage-by-checkpoint score; masked when c<s
heatmap_matrix,KU,KU,GLM-4-9B-1M,5,6,,held_out_character,raw stage-by-checkpoint score; masked when c<s
heatmap_matrix,KU,KU,GLM-4-9B-1M,6,6,0.210526,held_out_character,raw stage-by-checkpoint score; masked when c<s
heatmap_matrix,KU,KU,GLM-4-9B-1M,7,6,0.052632,held_out_character,raw stage-by-checkpoint score; masked when c<s
heatmap_matrix,KU,KU,GLM-4-9B-1M,8,6,0.052632,held_out_character,raw stage-by-checkpoint score; masked when c<s
heatmap_matrix,KU,KU,GLM-4-9B-1M,9,6,0.052632,held_out_character,raw stage-by-checkpoint score; masked when c<s
heatmap_matrix,KU,KU,GLM-4-9B-1M,10,6,0.000000,held_out_character,raw stage-by-checkpoint score; masked when c<s
heatmap_matrix,KU,KU,GLM-4-9B-1M,1,7,,held_out_character,raw stage-by-checkpoint score; masked when c<s
heatmap_matrix,KU,KU,GLM-4-9B-1M,2,7,,held_out_character,raw stage-by-checkpoint score; masked when c<s
heatmap_matrix,KU,KU,GLM-4-9B-1M,3,7,,held_out_character,raw stage-by-checkpoint score; masked when c<s
heatmap_matrix,KU,KU,GLM-4-9B-1M,4,7,,held_out_character,raw stage-by-checkpoint score; masked when c<s
heatmap_matrix,KU,KU,GLM-4-9B-1M,5,7,,held_out_character,raw stage-by-checkpoint score; masked when c<s
heatmap_matrix,KU,KU,GLM-4-9B-1M,6,7,,held_out_character,raw stage-by-checkpoint score; masked when c<s
heatmap_matrix,KU,KU,GLM-4-9B-1M,7,7,0.238095,held_out_character,raw stage-by-checkpoint score; masked when c<s
heatmap_matrix,KU,KU,GLM-4-9B-1M,8,7,0.095238,held_out_character,raw stage-by-checkpoint score; masked when c<s
heatmap_matrix,KU,KU,GLM-4-9B-1M,9,7,0.047619,held_out_character,raw stage-by-checkpoint score; masked when c<s
heatmap_matrix,KU,KU,GLM-4-9B-1M,10,7,0.142857,held_out_character,raw stage-by-checkpoint score; masked when c<s
heatmap_matrix,KU,KU,GLM-4-9B-1M,1,8,,held_out_character,raw stage-by-checkpoint score; masked when c<s
heatmap_matrix,KU,KU,GLM-4-9B-1M,2,8,,held_out_character,raw stage-by-checkpoint score; masked when c<s
heatmap_matrix,KU,KU,GLM-4-9B-1M,3,8,,held_out_character,raw stage-by-checkpoint score; masked when c<s
heatmap_matrix,KU,KU,GLM-4-9B-1M,4,8,,held_out_character,raw stage-by-checkpoint score; masked when c<s
heatmap_matrix,KU,KU,GLM-4-9B-1M,5,8,,held_out_character,raw stage-by-checkpoint score; masked when c<s
heatmap_matrix,KU,KU,GLM-4-9B-1M,6,8,,held_out_character,raw stage-by-checkpoint score; masked when c<s
heatmap_matrix,KU,KU,GLM-4-9B-1M,7,8,,held_out_character,raw stage-by-checkpoint score; masked when c<s
heatmap_matrix,KU,KU,GLM-4-9B-1M,8,8,0.294118,held_out_character,raw stage-by-checkpoint score; masked when c<s
heatmap_matrix,KU,KU,GLM-4-9B-1M,9,8,0.235294,held_out_character,raw stage-by-checkpoint score; masked when c<s
heatmap_matrix,KU,KU,GLM-4-9B-1M,10,8,0.058824,held_out_character,raw stage-by-checkpoint score; masked when c<s
heatmap_matrix,KU,KU,GLM-4-9B-1M,1,9,,held_out_character,raw stage-by-checkpoint score; masked when c<s
heatmap_matrix,KU,KU,GLM-4-9B-1M,2,9,,held_out_character,raw stage-by-checkpoint score; masked when c<s
heatmap_matrix,KU,KU,GLM-4-9B-1M,3,9,,held_out_character,raw stage-by-checkpoint score; masked when c<s
heatmap_matrix,KU,KU,GLM-4-9B-1M,4,9,,held_out_character,raw stage-by-checkpoint score; masked when c<s
heatmap_matrix,KU,KU,GLM-4-9B-1M,5,9,,held_out_character,raw stage-by-checkpoint score; masked when c<s
heatmap_matrix,KU,KU,GLM-4-9B-1M,6,9,,held_out_character,raw stage-by-checkpoint score; masked when c<s
heatmap_matrix,KU,KU,GLM-4-9B-1M,7,9,,held_out_character,raw stage-by-checkpoint score; masked when c<s
heatmap_matrix,KU,KU,GLM-4-9B-1M,8,9,,held_out_character,raw stage-by-checkpoint score; masked when c<s
heatmap_matrix,KU,KU,GLM-4-9B-1M,9,9,0.250000,held_out_character,raw stage-by-checkpoint score; masked when c<s
heatmap_matrix,KU,KU,GLM-4-9B-1M,10,9,0.166667,held_out_character,raw stage-by-checkpoint score; masked when c<s
heatmap_matrix,KU,KU,GLM-4-9B-1M,1,10,,held_out_character,raw stage-by-checkpoint score; masked when c<s
heatmap_matrix,KU,KU,GLM-4-9B-1M,2,10,,held_out_character,raw stage-by-checkpoint score; masked when c<s
heatmap_matrix,KU,KU,GLM-4-9B-1M,3,10,,held_out_character,raw stage-by-checkpoint score; masked when c<s
heatmap_matrix,KU,KU,GLM-4-9B-1M,4,10,,held_out_character,raw stage-by-checkpoint score; masked when c<s
heatmap_matrix,KU,KU,GLM-4-9B-1M,5,10,,held_out_character,raw stage-by-checkpoint score; masked when c<s
heatmap_matrix,KU,KU,GLM-4-9B-1M,6,10,,held_out_character,raw stage-by-checkpoint score; masked when c<s
heatmap_matrix,KU,KU,GLM-4-9B-1M,7,10,,held_out_character,raw stage-by-checkpoint score; masked when c<s
heatmap_matrix,KU,KU,GLM-4-9B-1M,8,10,,held_out_character,raw stage-by-checkpoint score; masked when c<s
heatmap_matrix,KU,KU,GLM-4-9B-1M,9,10,,held_out_character,raw stage-by-checkpoint score; masked when c<s
heatmap_matrix,KU,KU,GLM-4-9B-1M,10,10,0.066667,held_out_character,raw stage-by-checkpoint score; masked when c<s
heatmap_matrix,KU,KU,Qwen3.5-9B,1,1,0.105263,held_out_character,raw stage-by-checkpoint score; masked when c<s
heatmap_matrix,KU,KU,Qwen3.5-9B,2,1,0.105263,held_out_character,raw stage-by-checkpoint score; masked when c<s
heatmap_matrix,KU,KU,Qwen3.5-9B,3,1,0.052632,held_out_character,raw stage-by-checkpoint score; masked when c<s
heatmap_matrix,KU,KU,Qwen3.5-9B,4,1,0.105263,held_out_character,raw stage-by-checkpoint score; masked when c<s
heatmap_matrix,KU,KU,Qwen3.5-9B,5,1,0.157895,held_out_character,raw stage-by-checkpoint score; masked when c<s
heatmap_matrix,KU,KU,Qwen3.5-9B,6,1,0.210526,held_out_character,raw stage-by-checkpoint score; masked when c<s
heatmap_matrix,KU,KU,Qwen3.5-9B,7,1,0.157895,held_out_character,raw stage-by-checkpoint score; masked when c<s
heatmap_matrix,KU,KU,Qwen3.5-9B,8,1,0.157895,held_out_character,raw stage-by-checkpoint score; masked when c<s
heatmap_matrix,KU,KU,Qwen3.5-9B,9,1,0.052632,held_out_character,raw stage-by-checkpoint score; masked when c<s
heatmap_matrix,KU,KU,Qwen3.5-9B,10,1,0.157895,held_out_character,raw stage-by-checkpoint score; masked when c<s
heatmap_matrix,KU,KU,Qwen3.5-9B,1,2,,held_out_character,raw stage-by-checkpoint score; masked when c<s
heatmap_matrix,KU,KU,Qwen3.5-9B,2,2,0.384615,held_out_character,raw stage-by-checkpoint score; masked when c<s
heatmap_matrix,KU,KU,Qwen3.5-9B,3,2,0.153846,held_out_character,raw stage-by-checkpoint score; masked when c<s
heatmap_matrix,KU,KU,Qwen3.5-9B,4,2,0.307692,held_out_character,raw stage-by-checkpoint score; masked when c<s
heatmap_matrix,KU,KU,Qwen3.5-9B,5,2,0.384615,held_out_character,raw stage-by-checkpoint score; masked when c<s
heatmap_matrix,KU,KU,Qwen3.5-9B,6,2,0.307692,held_out_character,raw stage-by-checkpoint score; masked when c<s
heatmap_matrix,KU,KU,Qwen3.5-9B,7,2,0.230769,held_out_character,raw stage-by-checkpoint score; masked when c<s
heatmap_matrix,KU,KU,Qwen3.5-9B,8,2,0.307692,held_out_character,raw stage-by-checkpoint score; masked when c<s
heatmap_matrix,KU,KU,Qwen3.5-9B,9,2,0.384615,held_out_character,raw stage-by-checkpoint score; masked when c<s
heatmap_matrix,KU,KU,Qwen3.5-9B,10,2,0.461538,held_out_character,raw stage-by-checkpoint score; masked when c<s
heatmap_matrix,KU,KU,Qwen3.5-9B,1,3,,held_out_character,raw stage-by-checkpoint score; masked when c<s
heatmap_matrix,KU,KU,Qwen3.5-9B,2,3,,held_out_character,raw stage-by-checkpoint score; masked when c<s
heatmap_matrix,KU,KU,Qwen3.5-9B,3,3,0.214286,held_out_character,raw stage-by-checkpoint score; masked when c<s
heatmap_matrix,KU,KU,Qwen3.5-9B,4,3,0.357143,held_out_character,raw stage-by-checkpoint score; masked when c<s
heatmap_matrix,KU,KU,Qwen3.5-9B,5,3,0.285714,held_out_character,raw stage-by-checkpoint score; masked when c<s
heatmap_matrix,KU,KU,Qwen3.5-9B,6,3,0.357143,held_out_character,raw stage-by-checkpoint score; masked when c<s
heatmap_matrix,KU,KU,Qwen3.5-9B,7,3,0.142857,held_out_character,raw stage-by-checkpoint score; masked when c<s
heatmap_matrix,KU,KU,Qwen3.5-9B,8,3,0.214286,held_out_character,raw stage-by-checkpoint score; masked when c<s
heatmap_matrix,KU,KU,Qwen3.5-9B,9,3,0.428571,held_out_character,raw stage-by-checkpoint score; masked when c<s
heatmap_matrix,KU,KU,Qwen3.5-9B,10,3,0.285714,held_out_character,raw stage-by-checkpoint score; masked when c<s
heatmap_matrix,KU,KU,Qwen3.5-9B,1,4,,held_out_character,raw stage-by-checkpoint score; masked when c<s
heatmap_matrix,KU,KU,Qwen3.5-9B,2,4,,held_out_character,raw stage-by-checkpoint score; masked when c<s
heatmap_matrix,KU,KU,Qwen3.5-9B,3,4,,held_out_character,raw stage-by-checkpoint score; masked when c<s
heatmap_matrix,KU,KU,Qwen3.5-9B,4,4,0.100000,held_out_character,raw stage-by-checkpoint score; masked when c<s
heatmap_matrix,KU,KU,Qwen3.5-9B,5,4,0.200000,held_out_character,raw stage-by-checkpoint score; masked when c<s
heatmap_matrix,KU,KU,Qwen3.5-9B,6,4,0.300000,held_out_character,raw stage-by-checkpoint score; masked when c<s
heatmap_matrix,KU,KU,Qwen3.5-9B,7,4,0.200000,held_out_character,raw stage-by-checkpoint score; masked when c<s
heatmap_matrix,KU,KU,Qwen3.5-9B,8,4,0.100000,held_out_character,raw stage-by-checkpoint score; masked when c<s
heatmap_matrix,KU,KU,Qwen3.5-9B,9,4,0.100000,held_out_character,raw stage-by-checkpoint score; masked when c<s
heatmap_matrix,KU,KU,Qwen3.5-9B,10,4,0.000000,held_out_character,raw stage-by-checkpoint score; masked when c<s
heatmap_matrix,KU,KU,Qwen3.5-9B,1,5,,held_out_character,raw stage-by-checkpoint score; masked when c<s
heatmap_matrix,KU,KU,Qwen3.5-9B,2,5,,held_out_character,raw stage-by-checkpoint score; masked when c<s
heatmap_matrix,KU,KU,Qwen3.5-9B,3,5,,held_out_character,raw stage-by-checkpoint score; masked when c<s
heatmap_matrix,KU,KU,Qwen3.5-9B,4,5,,held_out_character,raw stage-by-checkpoint score; masked when c<s
heatmap_matrix,KU,KU,Qwen3.5-9B,5,5,0.357143,held_out_character,raw stage-by-checkpoint score; masked when c<s
heatmap_matrix,KU,KU,Qwen3.5-9B,6,5,0.142857,held_out_character,raw stage-by-checkpoint score; masked when c<s
heatmap_matrix,KU,KU,Qwen3.5-9B,7,5,0.071429,held_out_character,raw stage-by-checkpoint score; masked when c<s
heatmap_matrix,KU,KU,Qwen3.5-9B,8,5,0.142857,held_out_character,raw stage-by-checkpoint score; masked when c<s
heatmap_matrix,KU,KU,Qwen3.5-9B,9,5,0.142857,held_out_character,raw stage-by-checkpoint score; masked when c<s
heatmap_matrix,KU,KU,Qwen3.5-9B,10,5,0.071429,held_out_character,raw stage-by-checkpoint score; masked when c<s
heatmap_matrix,KU,KU,Qwen3.5-9B,1,6,,held_out_character,raw stage-by-checkpoint score; masked when c<s
heatmap_matrix,KU,KU,Qwen3.5-9B,2,6,,held_out_character,raw stage-by-checkpoint score; masked when c<s
heatmap_matrix,KU,KU,Qwen3.5-9B,3,6,,held_out_character,raw stage-by-checkpoint score; masked when c<s
heatmap_matrix,KU,KU,Qwen3.5-9B,4,6,,held_out_character,raw stage-by-checkpoint score; masked when c<s
heatmap_matrix,KU,KU,Qwen3.5-9B,5,6,,held_out_character,raw stage-by-checkpoint score; masked when c<s
heatmap_matrix,KU,KU,Qwen3.5-9B,6,6,0.105263,held_out_character,raw stage-by-checkpoint score; masked when c<s
heatmap_matrix,KU,KU,Qwen3.5-9B,7,6,0.210526,held_out_character,raw stage-by-checkpoint score; masked when c<s
heatmap_matrix,KU,KU,Qwen3.5-9B,8,6,0.157895,held_out_character,raw stage-by-checkpoint score; masked when c<s
heatmap_matrix,KU,KU,Qwen3.5-9B,9,6,0.105263,held_out_character,raw stage-by-checkpoint score; masked when c<s
heatmap_matrix,KU,KU,Qwen3.5-9B,10,6,0.052632,held_out_character,raw stage-by-checkpoint score; masked when c<s
heatmap_matrix,KU,KU,Qwen3.5-9B,1,7,,held_out_character,raw stage-by-checkpoint score; masked when c<s
heatmap_matrix,KU,KU,Qwen3.5-9B,2,7,,held_out_character,raw stage-by-checkpoint score; masked when c<s
heatmap_matrix,KU,KU,Qwen3.5-9B,3,7,,held_out_character,raw stage-by-checkpoint score; masked when c<s
heatmap_matrix,KU,KU,Qwen3.5-9B,4,7,,held_out_character,raw stage-by-checkpoint score; masked when c<s
heatmap_matrix,KU,KU,Qwen3.5-9B,5,7,,held_out_character,raw stage-by-checkpoint score; masked when c<s
heatmap_matrix,KU,KU,Qwen3.5-9B,6,7,,held_out_character,raw stage-by-checkpoint score; masked when c<s
heatmap_matrix,KU,KU,Qwen3.5-9B,7,7,0.380952,held_out_character,raw stage-by-checkpoint score; masked when c<s
heatmap_matrix,KU,KU,Qwen3.5-9B,8,7,0.238095,held_out_character,raw stage-by-checkpoint score; masked when c<s
heatmap_matrix,KU,KU,Qwen3.5-9B,9,7,0.047619,held_out_character,raw stage-by-checkpoint score; masked when c<s
heatmap_matrix,KU,KU,Qwen3.5-9B,10,7,0.190476,held_out_character,raw stage-by-checkpoint score; masked when c<s
heatmap_matrix,KU,KU,Qwen3.5-9B,1,8,,held_out_character,raw stage-by-checkpoint score; masked when c<s
heatmap_matrix,KU,KU,Qwen3.5-9B,2,8,,held_out_character,raw stage-by-checkpoint score; masked when c<s
heatmap_matrix,KU,KU,Qwen3.5-9B,3,8,,held_out_character,raw stage-by-checkpoint score; masked when c<s
heatmap_matrix,KU,KU,Qwen3.5-9B,4,8,,held_out_character,raw stage-by-checkpoint score; masked when c<s
heatmap_matrix,KU,KU,Qwen3.5-9B,5,8,,held_out_character,raw stage-by-checkpoint score; masked when c<s
heatmap_matrix,KU,KU,Qwen3.5-9B,6,8,,held_out_character,raw stage-by-checkpoint score; masked when c<s
heatmap_matrix,KU,KU,Qwen3.5-9B,7,8,,held_out_character,raw stage-by-checkpoint score; masked when c<s
heatmap_matrix,KU,KU,Qwen3.5-9B,8,8,0.235294,held_out_character,raw stage-by-checkpoint score; masked when c<s
heatmap_matrix,KU,KU,Qwen3.5-9B,9,8,0.117647,held_out_character,raw stage-by-checkpoint score; masked when c<s
heatmap_matrix,KU,KU,Qwen3.5-9B,10,8,0.176471,held_out_character,raw stage-by-checkpoint score; masked when c<s
heatmap_matrix,KU,KU,Qwen3.5-9B,1,9,,held_out_character,raw stage-by-checkpoint score; masked when c<s
heatmap_matrix,KU,KU,Qwen3.5-9B,2,9,,held_out_character,raw stage-by-checkpoint score; masked when c<s
heatmap_matrix,KU,KU,Qwen3.5-9B,3,9,,held_out_character,raw stage-by-checkpoint score; masked when c<s
heatmap_matrix,KU,KU,Qwen3.5-9B,4,9,,held_out_character,raw stage-by-checkpoint score; masked when c<s
heatmap_matrix,KU,KU,Qwen3.5-9B,5,9,,held_out_character,raw stage-by-checkpoint score; masked when c<s
heatmap_matrix,KU,KU,Qwen3.5-9B,6,9,,held_out_character,raw stage-by-checkpoint score; masked when c<s
heatmap_matrix,KU,KU,Qwen3.5-9B,7,9,,held_out_character,raw stage-by-checkpoint score; masked when c<s
heatmap_matrix,KU,KU,Qwen3.5-9B,8,9,,held_out_character,raw stage-by-checkpoint score; masked when c<s
heatmap_matrix,KU,KU,Qwen3.5-9B,9,9,0.250000,held_out_character,raw stage-by-checkpoint score; masked when c<s
heatmap_matrix,KU,KU,Qwen3.5-9B,10,9,0.250000,held_out_character,raw stage-by-checkpoint score; masked when c<s
heatmap_matrix,KU,KU,Qwen3.5-9B,1,10,,held_out_character,raw stage-by-checkpoint score; masked when c<s
heatmap_matrix,KU,KU,Qwen3.5-9B,2,10,,held_out_character,raw stage-by-checkpoint score; masked when c<s
heatmap_matrix,KU,KU,Qwen3.5-9B,3,10,,held_out_character,raw stage-by-checkpoint score; masked when c<s
heatmap_matrix,KU,KU,Qwen3.5-9B,4,10,,held_out_character,raw stage-by-checkpoint score; masked when c<s
heatmap_matrix,KU,KU,Qwen3.5-9B,5,10,,held_out_character,raw stage-by-checkpoint score; masked when c<s
heatmap_matrix,KU,KU,Qwen3.5-9B,6,10,,held_out_character,raw stage-by-checkpoint score; masked when c<s
heatmap_matrix,KU,KU,Qwen3.5-9B,7,10,,held_out_character,raw stage-by-checkpoint score; masked when c<s
heatmap_matrix,KU,KU,Qwen3.5-9B,8,10,,held_out_character,raw stage-by-checkpoint score; masked when c<s
heatmap_matrix,KU,KU,Qwen3.5-9B,9,10,,held_out_character,raw stage-by-checkpoint score; masked when c<s
heatmap_matrix,KU,KU,Qwen3.5-9B,10,10,0.133333,held_out_character,raw stage-by-checkpoint score; masked when c<s
heatmap_matrix,KU,KU,Qwen2.5-7B-1M,1,1,0.052632,held_out_character,raw stage-by-checkpoint score; masked when c<s
heatmap_matrix,KU,KU,Qwen2.5-7B-1M,2,1,0.105263,held_out_character,raw stage-by-checkpoint score; masked when c<s
heatmap_matrix,KU,KU,Qwen2.5-7B-1M,3,1,0.052632,held_out_character,raw stage-by-checkpoint score; masked when c<s
heatmap_matrix,KU,KU,Qwen2.5-7B-1M,4,1,0.105263,held_out_character,raw stage-by-checkpoint score; masked when c<s
heatmap_matrix,KU,KU,Qwen2.5-7B-1M,5,1,0.157895,held_out_character,raw stage-by-checkpoint score; masked when c<s
heatmap_matrix,KU,KU,Qwen2.5-7B-1M,6,1,0.210526,held_out_character,raw stage-by-checkpoint score; masked when c<s
heatmap_matrix,KU,KU,Qwen2.5-7B-1M,7,1,0.210526,held_out_character,raw stage-by-checkpoint score; masked when c<s
heatmap_matrix,KU,KU,Qwen2.5-7B-1M,8,1,0.157895,held_out_character,raw stage-by-checkpoint score; masked when c<s
heatmap_matrix,KU,KU,Qwen2.5-7B-1M,9,1,0.052632,held_out_character,raw stage-by-checkpoint score; masked when c<s
heatmap_matrix,KU,KU,Qwen2.5-7B-1M,10,1,0.105263,held_out_character,raw stage-by-checkpoint score; masked when c<s
heatmap_matrix,KU,KU,Qwen2.5-7B-1M,1,2,,held_out_character,raw stage-by-checkpoint score; masked when c<s
heatmap_matrix,KU,KU,Qwen2.5-7B-1M,2,2,0.307692,held_out_character,raw stage-by-checkpoint score; masked when c<s
heatmap_matrix,KU,KU,Qwen2.5-7B-1M,3,2,0.307692,held_out_character,raw stage-by-checkpoint score; masked when c<s
heatmap_matrix,KU,KU,Qwen2.5-7B-1M,4,2,0.307692,held_out_character,raw stage-by-checkpoint score; masked when c<s
heatmap_matrix,KU,KU,Qwen2.5-7B-1M,5,2,0.230769,held_out_character,raw stage-by-checkpoint score; masked when c<s
heatmap_matrix,KU,KU,Qwen2.5-7B-1M,6,2,0.384615,held_out_character,raw stage-by-checkpoint score; masked when c<s
heatmap_matrix,KU,KU,Qwen2.5-7B-1M,7,2,0.307692,held_out_character,raw stage-by-checkpoint score; masked when c<s
heatmap_matrix,KU,KU,Qwen2.5-7B-1M,8,2,0.153846,held_out_character,raw stage-by-checkpoint score; masked when c<s
heatmap_matrix,KU,KU,Qwen2.5-7B-1M,9,2,0.230769,held_out_character,raw stage-by-checkpoint score; masked when c<s
heatmap_matrix,KU,KU,Qwen2.5-7B-1M,10,2,0.307692,held_out_character,raw stage-by-checkpoint score; masked when c<s
heatmap_matrix,KU,KU,Qwen2.5-7B-1M,1,3,,held_out_character,raw stage-by-checkpoint score; masked when c<s
heatmap_matrix,KU,KU,Qwen2.5-7B-1M,2,3,,held_out_character,raw stage-by-checkpoint score; masked when c<s
heatmap_matrix,KU,KU,Qwen2.5-7B-1M,3,3,0.214286,held_out_character,raw stage-by-checkpoint score; masked when c<s
heatmap_matrix,KU,KU,Qwen2.5-7B-1M,4,3,0.357143,held_out_character,raw stage-by-checkpoint score; masked when c<s
heatmap_matrix,KU,KU,Qwen2.5-7B-1M,5,3,0.285714,held_out_character,raw stage-by-checkpoint score; masked when c<s
heatmap_matrix,KU,KU,Qwen2.5-7B-1M,6,3,0.357143,held_out_character,raw stage-by-checkpoint score; masked when c<s
heatmap_matrix,KU,KU,Qwen2.5-7B-1M,7,3,0.142857,held_out_character,raw stage-by-checkpoint score; masked when c<s
heatmap_matrix,KU,KU,Qwen2.5-7B-1M,8,3,0.357143,held_out_character,raw stage-by-checkpoint score; masked when c<s
heatmap_matrix,KU,KU,Qwen2.5-7B-1M,9,3,0.428571,held_out_character,raw stage-by-checkpoint score; masked when c<s
heatmap_matrix,KU,KU,Qwen2.5-7B-1M,10,3,0.357143,held_out_character,raw stage-by-checkpoint score; masked when c<s
heatmap_matrix,KU,KU,Qwen2.5-7B-1M,1,4,,held_out_character,raw stage-by-checkpoint score; masked when c<s
heatmap_matrix,KU,KU,Qwen2.5-7B-1M,2,4,,held_out_character,raw stage-by-checkpoint score; masked when c<s
heatmap_matrix,KU,KU,Qwen2.5-7B-1M,3,4,,held_out_character,raw stage-by-checkpoint score; masked when c<s
heatmap_matrix,KU,KU,Qwen2.5-7B-1M,4,4,0.200000,held_out_character,raw stage-by-checkpoint score; masked when c<s
heatmap_matrix,KU,KU,Qwen2.5-7B-1M,5,4,0.100000,held_out_character,raw stage-by-checkpoint score; masked when c<s
heatmap_matrix,KU,KU,Qwen2.5-7B-1M,6,4,0.000000,held_out_character,raw stage-by-checkpoint score; masked when c<s
heatmap_matrix,KU,KU,Qwen2.5-7B-1M,7,4,0.100000,held_out_character,raw stage-by-checkpoint score; masked when c<s
heatmap_matrix,KU,KU,Qwen2.5-7B-1M,8,4,0.200000,held_out_character,raw stage-by-checkpoint score; masked when c<s
heatmap_matrix,KU,KU,Qwen2.5-7B-1M,9,4,0.100000,held_out_character,raw stage-by-checkpoint score; masked when c<s
heatmap_matrix,KU,KU,Qwen2.5-7B-1M,10,4,0.200000,held_out_character,raw stage-by-checkpoint score; masked when c<s
heatmap_matrix,KU,KU,Qwen2.5-7B-1M,1,5,,held_out_character,raw stage-by-checkpoint score; masked when c<s
heatmap_matrix,KU,KU,Qwen2.5-7B-1M,2,5,,held_out_character,raw stage-by-checkpoint score; masked when c<s
heatmap_matrix,KU,KU,Qwen2.5-7B-1M,3,5,,held_out_character,raw stage-by-checkpoint score; masked when c<s
heatmap_matrix,KU,KU,Qwen2.5-7B-1M,4,5,,held_out_character,raw stage-by-checkpoint score; masked when c<s
heatmap_matrix,KU,KU,Qwen2.5-7B-1M,5,5,0.428571,held_out_character,raw stage-by-checkpoint score; masked when c<s
heatmap_matrix,KU,KU,Qwen2.5-7B-1M,6,5,0.142857,held_out_character,raw stage-by-checkpoint score; masked when c<s
heatmap_matrix,KU,KU,Qwen2.5-7B-1M,7,5,0.142857,held_out_character,raw stage-by-checkpoint score; masked when c<s
heatmap_matrix,KU,KU,Qwen2.5-7B-1M,8,5,0.000000,held_out_character,raw stage-by-checkpoint score; masked when c<s
heatmap_matrix,KU,KU,Qwen2.5-7B-1M,9,5,0.142857,held_out_character,raw stage-by-checkpoint score; masked when c<s
heatmap_matrix,KU,KU,Qwen2.5-7B-1M,10,5,0.000000,held_out_character,raw stage-by-checkpoint score; masked when c<s
heatmap_matrix,KU,KU,Qwen2.5-7B-1M,1,6,,held_out_character,raw stage-by-checkpoint score; masked when c<s
heatmap_matrix,KU,KU,Qwen2.5-7B-1M,2,6,,held_out_character,raw stage-by-checkpoint score; masked when c<s
heatmap_matrix,KU,KU,Qwen2.5-7B-1M,3,6,,held_out_character,raw stage-by-checkpoint score; masked when c<s
heatmap_matrix,KU,KU,Qwen2.5-7B-1M,4,6,,held_out_character,raw stage-by-checkpoint score; masked when c<s
heatmap_matrix,KU,KU,Qwen2.5-7B-1M,5,6,,held_out_character,raw stage-by-checkpoint score; masked when c<s
heatmap_matrix,KU,KU,Qwen2.5-7B-1M,6,6,0.210526,held_out_character,raw stage-by-checkpoint score; masked when c<s
heatmap_matrix,KU,KU,Qwen2.5-7B-1M,7,6,0.157895,held_out_character,raw stage-by-checkpoint score; masked when c<s
heatmap_matrix,KU,KU,Qwen2.5-7B-1M,8,6,0.052632,held_out_character,raw stage-by-checkpoint score; masked when c<s
heatmap_matrix,KU,KU,Qwen2.5-7B-1M,9,6,0.157895,held_out_character,raw stage-by-checkpoint score; masked when c<s
heatmap_matrix,KU,KU,Qwen2.5-7B-1M,10,6,0.105263,held_out_character,raw stage-by-checkpoint score; masked when c<s
heatmap_matrix,KU,KU,Qwen2.5-7B-1M,1,7,,held_out_character,raw stage-by-checkpoint score; masked when c<s
heatmap_matrix,KU,KU,Qwen2.5-7B-1M,2,7,,held_out_character,raw stage-by-checkpoint score; masked when c<s
heatmap_matrix,KU,KU,Qwen2.5-7B-1M,3,7,,held_out_character,raw stage-by-checkpoint score; masked when c<s
heatmap_matrix,KU,KU,Qwen2.5-7B-1M,4,7,,held_out_character,raw stage-by-checkpoint score; masked when c<s
heatmap_matrix,KU,KU,Qwen2.5-7B-1M,5,7,,held_out_character,raw stage-by-checkpoint score; masked when c<s
heatmap_matrix,KU,KU,Qwen2.5-7B-1M,6,7,,held_out_character,raw stage-by-checkpoint score; masked when c<s
heatmap_matrix,KU,KU,Qwen2.5-7B-1M,7,7,0.142857,held_out_character,raw stage-by-checkpoint score; masked when c<s
heatmap_matrix,KU,KU,Qwen2.5-7B-1M,8,7,0.095238,held_out_character,raw stage-by-checkpoint score; masked when c<s
heatmap_matrix,KU,KU,Qwen2.5-7B-1M,9,7,0.190476,held_out_character,raw stage-by-checkpoint score; masked when c<s
heatmap_matrix,KU,KU,Qwen2.5-7B-1M,10,7,0.000000,held_out_character,raw stage-by-checkpoint score; masked when c<s
heatmap_matrix,KU,KU,Qwen2.5-7B-1M,1,8,,held_out_character,raw stage-by-checkpoint score; masked when c<s
heatmap_matrix,KU,KU,Qwen2.5-7B-1M,2,8,,held_out_character,raw stage-by-checkpoint score; masked when c<s
heatmap_matrix,KU,KU,Qwen2.5-7B-1M,3,8,,held_out_character,raw stage-by-checkpoint score; masked when c<s
heatmap_matrix,KU,KU,Qwen2.5-7B-1M,4,8,,held_out_character,raw stage-by-checkpoint score; masked when c<s
heatmap_matrix,KU,KU,Qwen2.5-7B-1M,5,8,,held_out_character,raw stage-by-checkpoint score; masked when c<s
heatmap_matrix,KU,KU,Qwen2.5-7B-1M,6,8,,held_out_character,raw stage-by-checkpoint score; masked when c<s
heatmap_matrix,KU,KU,Qwen2.5-7B-1M,7,8,,held_out_character,raw stage-by-checkpoint score; masked when c<s
heatmap_matrix,KU,KU,Qwen2.5-7B-1M,8,8,0.058824,held_out_character,raw stage-by-checkpoint score; masked when c<s
heatmap_matrix,KU,KU,Qwen2.5-7B-1M,9,8,0.058824,held_out_character,raw stage-by-checkpoint score; masked when c<s
heatmap_matrix,KU,KU,Qwen2.5-7B-1M,10,8,0.235294,held_out_character,raw stage-by-checkpoint score; masked when c<s
heatmap_matrix,KU,KU,Qwen2.5-7B-1M,1,9,,held_out_character,raw stage-by-checkpoint score; masked when c<s
heatmap_matrix,KU,KU,Qwen2.5-7B-1M,2,9,,held_out_character,raw stage-by-checkpoint score; masked when c<s
heatmap_matrix,KU,KU,Qwen2.5-7B-1M,3,9,,held_out_character,raw stage-by-checkpoint score; masked when c<s
heatmap_matrix,KU,KU,Qwen2.5-7B-1M,4,9,,held_out_character,raw stage-by-checkpoint score; masked when c<s
heatmap_matrix,KU,KU,Qwen2.5-7B-1M,5,9,,held_out_character,raw stage-by-checkpoint score; masked when c<s
heatmap_matrix,KU,KU,Qwen2.5-7B-1M,6,9,,held_out_character,raw stage-by-checkpoint score; masked when c<s
heatmap_matrix,KU,KU,Qwen2.5-7B-1M,7,9,,held_out_character,raw stage-by-checkpoint score; masked when c<s
heatmap_matrix,KU,KU,Qwen2.5-7B-1M,8,9,,held_out_character,raw stage-by-checkpoint score; masked when c<s
heatmap_matrix,KU,KU,Qwen2.5-7B-1M,9,9,0.250000,held_out_character,raw stage-by-checkpoint score; masked when c<s
heatmap_matrix,KU,KU,Qwen2.5-7B-1M,10,9,0.166667,held_out_character,raw stage-by-checkpoint score; masked when c<s
heatmap_matrix,KU,KU,Qwen2.5-7B-1M,1,10,,held_out_character,raw stage-by-checkpoint score; masked when c<s
heatmap_matrix,KU,KU,Qwen2.5-7B-1M,2,10,,held_out_character,raw stage-by-checkpoint score; masked when c<s
heatmap_matrix,KU,KU,Qwen2.5-7B-1M,3,10,,held_out_character,raw stage-by-checkpoint score; masked when c<s
heatmap_matrix,KU,KU,Qwen2.5-7B-1M,4,10,,held_out_character,raw stage-by-checkpoint score; masked when c<s
heatmap_matrix,KU,KU,Qwen2.5-7B-1M,5,10,,held_out_character,raw stage-by-checkpoint score; masked when c<s
heatmap_matrix,KU,KU,Qwen2.5-7B-1M,6,10,,held_out_character,raw stage-by-checkpoint score; masked when c<s
heatmap_matrix,KU,KU,Qwen2.5-7B-1M,7,10,,held_out_character,raw stage-by-checkpoint score; masked when c<s
heatmap_matrix,KU,KU,Qwen2.5-7B-1M,8,10,,held_out_character,raw stage-by-checkpoint score; masked when c<s
heatmap_matrix,KU,KU,Qwen2.5-7B-1M,9,10,,held_out_character,raw stage-by-checkpoint score; masked when c<s
heatmap_matrix,KU,KU,Qwen2.5-7B-1M,10,10,0.133333,held_out_character,raw stage-by-checkpoint score; masked when c<s
heatmap_matrix,MA,MA,GLM-4-9B-1M,1,1,0.133333,held_out_character,raw stage-by-checkpoint score; masked when c<s
heatmap_matrix,MA,MA,GLM-4-9B-1M,2,1,0.066667,held_out_character,raw stage-by-checkpoint score; masked when c<s
heatmap_matrix,MA,MA,GLM-4-9B-1M,3,1,0.033333,held_out_character,raw stage-by-checkpoint score; masked when c<s
heatmap_matrix,MA,MA,GLM-4-9B-1M,4,1,0.033333,held_out_character,raw stage-by-checkpoint score; masked when c<s
heatmap_matrix,MA,MA,GLM-4-9B-1M,5,1,0.100000,held_out_character,raw stage-by-checkpoint score; masked when c<s
heatmap_matrix,MA,MA,GLM-4-9B-1M,6,1,0.066667,held_out_character,raw stage-by-checkpoint score; masked when c<s
heatmap_matrix,MA,MA,GLM-4-9B-1M,7,1,0.033333,held_out_character,raw stage-by-checkpoint score; masked when c<s
heatmap_matrix,MA,MA,GLM-4-9B-1M,8,1,0.100000,held_out_character,raw stage-by-checkpoint score; masked when c<s
heatmap_matrix,MA,MA,GLM-4-9B-1M,9,1,0.066667,held_out_character,raw stage-by-checkpoint score; masked when c<s
heatmap_matrix,MA,MA,GLM-4-9B-1M,10,1,0.100000,held_out_character,raw stage-by-checkpoint score; masked when c<s
heatmap_matrix,MA,MA,GLM-4-9B-1M,1,2,,held_out_character,raw stage-by-checkpoint score; masked when c<s
heatmap_matrix,MA,MA,GLM-4-9B-1M,2,2,0.250000,held_out_character,raw stage-by-checkpoint score; masked when c<s
heatmap_matrix,MA,MA,GLM-4-9B-1M,3,2,0.166667,held_out_character,raw stage-by-checkpoint score; masked when c<s
heatmap_matrix,MA,MA,GLM-4-9B-1M,4,2,0.333333,held_out_character,raw stage-by-checkpoint score; masked when c<s
heatmap_matrix,MA,MA,GLM-4-9B-1M,5,2,0.166667,held_out_character,raw stage-by-checkpoint score; masked when c<s
heatmap_matrix,MA,MA,GLM-4-9B-1M,6,2,0.000000,held_out_character,raw stage-by-checkpoint score; masked when c<s
heatmap_matrix,MA,MA,GLM-4-9B-1M,7,2,0.166667,held_out_character,raw stage-by-checkpoint score; masked when c<s
heatmap_matrix,MA,MA,GLM-4-9B-1M,8,2,0.000000,held_out_character,raw stage-by-checkpoint score; masked when c<s
heatmap_matrix,MA,MA,GLM-4-9B-1M,9,2,0.166667,held_out_character,raw stage-by-checkpoint score; masked when c<s
heatmap_matrix,MA,MA,GLM-4-9B-1M,10,2,0.000000,held_out_character,raw stage-by-checkpoint score; masked when c<s
heatmap_matrix,MA,MA,GLM-4-9B-1M,1,3,,held_out_character,raw stage-by-checkpoint score; masked when c<s
heatmap_matrix,MA,MA,GLM-4-9B-1M,2,3,,held_out_character,raw stage-by-checkpoint score; masked when c<s
heatmap_matrix,MA,MA,GLM-4-9B-1M,3,3,0.000000,held_out_character,raw stage-by-checkpoint score; masked when c<s
heatmap_matrix,MA,MA,GLM-4-9B-1M,4,3,0.076923,held_out_character,raw stage-by-checkpoint score; masked when c<s
heatmap_matrix,MA,MA,GLM-4-9B-1M,5,3,0.076923,held_out_character,raw stage-by-checkpoint score; masked when c<s
heatmap_matrix,MA,MA,GLM-4-9B-1M,6,3,0.038462,held_out_character,raw stage-by-checkpoint score; masked when c<s
heatmap_matrix,MA,MA,GLM-4-9B-1M,7,3,0.153846,held_out_character,raw stage-by-checkpoint score; masked when c<s
heatmap_matrix,MA,MA,GLM-4-9B-1M,8,3,0.000000,held_out_character,raw stage-by-checkpoint score; masked when c<s
heatmap_matrix,MA,MA,GLM-4-9B-1M,9,3,0.115385,held_out_character,raw stage-by-checkpoint score; masked when c<s
heatmap_matrix,MA,MA,GLM-4-9B-1M,10,3,0.038462,held_out_character,raw stage-by-checkpoint score; masked when c<s
heatmap_matrix,MA,MA,GLM-4-9B-1M,1,4,,held_out_character,raw stage-by-checkpoint score; masked when c<s
heatmap_matrix,MA,MA,GLM-4-9B-1M,2,4,,held_out_character,raw stage-by-checkpoint score; masked when c<s
heatmap_matrix,MA,MA,GLM-4-9B-1M,3,4,,held_out_character,raw stage-by-checkpoint score; masked when c<s
heatmap_matrix,MA,MA,GLM-4-9B-1M,4,4,0.250000,held_out_character,raw stage-by-checkpoint score; masked when c<s
heatmap_matrix,MA,MA,GLM-4-9B-1M,5,4,0.166667,held_out_character,raw stage-by-checkpoint score; masked when c<s
heatmap_matrix,MA,MA,GLM-4-9B-1M,6,4,0.083333,held_out_character,raw stage-by-checkpoint score; masked when c<s
heatmap_matrix,MA,MA,GLM-4-9B-1M,7,4,0.166667,held_out_character,raw stage-by-checkpoint score; masked when c<s
heatmap_matrix,MA,MA,GLM-4-9B-1M,8,4,0.166667,held_out_character,raw stage-by-checkpoint score; masked when c<s
heatmap_matrix,MA,MA,GLM-4-9B-1M,9,4,0.083333,held_out_character,raw stage-by-checkpoint score; masked when c<s
heatmap_matrix,MA,MA,GLM-4-9B-1M,10,4,0.166667,held_out_character,raw stage-by-checkpoint score; masked when c<s
heatmap_matrix,MA,MA,GLM-4-9B-1M,1,5,,held_out_character,raw stage-by-checkpoint score; masked when c<s
heatmap_matrix,MA,MA,GLM-4-9B-1M,2,5,,held_out_character,raw stage-by-checkpoint score; masked when c<s
heatmap_matrix,MA,MA,GLM-4-9B-1M,3,5,,held_out_character,raw stage-by-checkpoint score; masked when c<s
heatmap_matrix,MA,MA,GLM-4-9B-1M,4,5,,held_out_character,raw stage-by-checkpoint score; masked when c<s
heatmap_matrix,MA,MA,GLM-4-9B-1M,5,5,0.000000,held_out_character,raw stage-by-checkpoint score; masked when c<s
heatmap_matrix,MA,MA,GLM-4-9B-1M,6,5,0.000000,held_out_character,raw stage-by-checkpoint score; masked when c<s
heatmap_matrix,MA,MA,GLM-4-9B-1M,7,5,0.000000,held_out_character,raw stage-by-checkpoint score; masked when c<s
heatmap_matrix,MA,MA,GLM-4-9B-1M,8,5,0.055556,held_out_character,raw stage-by-checkpoint score; masked when c<s
heatmap_matrix,MA,MA,GLM-4-9B-1M,9,5,0.000000,held_out_character,raw stage-by-checkpoint score; masked when c<s
heatmap_matrix,MA,MA,GLM-4-9B-1M,10,5,0.055556,held_out_character,raw stage-by-checkpoint score; masked when c<s
heatmap_matrix,MA,MA,GLM-4-9B-1M,1,6,,held_out_character,raw stage-by-checkpoint score; masked when c<s
heatmap_matrix,MA,MA,GLM-4-9B-1M,2,6,,held_out_character,raw stage-by-checkpoint score; masked when c<s
heatmap_matrix,MA,MA,GLM-4-9B-1M,3,6,,held_out_character,raw stage-by-checkpoint score; masked when c<s
heatmap_matrix,MA,MA,GLM-4-9B-1M,4,6,,held_out_character,raw stage-by-checkpoint score; masked when c<s
heatmap_matrix,MA,MA,GLM-4-9B-1M,5,6,,held_out_character,raw stage-by-checkpoint score; masked when c<s
heatmap_matrix,MA,MA,GLM-4-9B-1M,6,6,0.100000,held_out_character,raw stage-by-checkpoint score; masked when c<s
heatmap_matrix,MA,MA,GLM-4-9B-1M,7,6,0.100000,held_out_character,raw stage-by-checkpoint score; masked when c<s
heatmap_matrix,MA,MA,GLM-4-9B-1M,8,6,0.033333,held_out_character,raw stage-by-checkpoint score; masked when c<s
heatmap_matrix,MA,MA,GLM-4-9B-1M,9,6,0.066667,held_out_character,raw stage-by-checkpoint score; masked when c<s
heatmap_matrix,MA,MA,GLM-4-9B-1M,10,6,0.033333,held_out_character,raw stage-by-checkpoint score; masked when c<s
heatmap_matrix,MA,MA,GLM-4-9B-1M,1,7,,held_out_character,raw stage-by-checkpoint score; masked when c<s
heatmap_matrix,MA,MA,GLM-4-9B-1M,2,7,,held_out_character,raw stage-by-checkpoint score; masked when c<s
heatmap_matrix,MA,MA,GLM-4-9B-1M,3,7,,held_out_character,raw stage-by-checkpoint score; masked when c<s
heatmap_matrix,MA,MA,GLM-4-9B-1M,4,7,,held_out_character,raw stage-by-checkpoint score; masked when c<s
heatmap_matrix,MA,MA,GLM-4-9B-1M,5,7,,held_out_character,raw stage-by-checkpoint score; masked when c<s
heatmap_matrix,MA,MA,GLM-4-9B-1M,6,7,,held_out_character,raw stage-by-checkpoint score; masked when c<s
heatmap_matrix,MA,MA,GLM-4-9B-1M,7,7,0.083333,held_out_character,raw stage-by-checkpoint score; masked when c<s
heatmap_matrix,MA,MA,GLM-4-9B-1M,8,7,0.166667,held_out_character,raw stage-by-checkpoint score; masked when c<s
heatmap_matrix,MA,MA,GLM-4-9B-1M,9,7,0.062500,held_out_character,raw stage-by-checkpoint score; masked when c<s
heatmap_matrix,MA,MA,GLM-4-9B-1M,10,7,0.020833,held_out_character,raw stage-by-checkpoint score; masked when c<s
heatmap_matrix,MA,MA,GLM-4-9B-1M,1,8,,held_out_character,raw stage-by-checkpoint score; masked when c<s
heatmap_matrix,MA,MA,GLM-4-9B-1M,2,8,,held_out_character,raw stage-by-checkpoint score; masked when c<s
heatmap_matrix,MA,MA,GLM-4-9B-1M,3,8,,held_out_character,raw stage-by-checkpoint score; masked when c<s
heatmap_matrix,MA,MA,GLM-4-9B-1M,4,8,,held_out_character,raw stage-by-checkpoint score; masked when c<s
heatmap_matrix,MA,MA,GLM-4-9B-1M,5,8,,held_out_character,raw stage-by-checkpoint score; masked when c<s
heatmap_matrix,MA,MA,GLM-4-9B-1M,6,8,,held_out_character,raw stage-by-checkpoint score; masked when c<s
heatmap_matrix,MA,MA,GLM-4-9B-1M,7,8,,held_out_character,raw stage-by-checkpoint score; masked when c<s
heatmap_matrix,MA,MA,GLM-4-9B-1M,8,8,0.055556,held_out_character,raw stage-by-checkpoint score; masked when c<s
heatmap_matrix,MA,MA,GLM-4-9B-1M,9,8,0.111111,held_out_character,raw stage-by-checkpoint score; masked when c<s
heatmap_matrix,MA,MA,GLM-4-9B-1M,10,8,0.000000,held_out_character,raw stage-by-checkpoint score; masked when c<s
heatmap_matrix,MA,MA,GLM-4-9B-1M,1,9,,held_out_character,raw stage-by-checkpoint score; masked when c<s
heatmap_matrix,MA,MA,GLM-4-9B-1M,2,9,,held_out_character,raw stage-by-checkpoint score; masked when c<s
heatmap_matrix,MA,MA,GLM-4-9B-1M,3,9,,held_out_character,raw stage-by-checkpoint score; masked when c<s
heatmap_matrix,MA,MA,GLM-4-9B-1M,4,9,,held_out_character,raw stage-by-checkpoint score; masked when c<s
heatmap_matrix,MA,MA,GLM-4-9B-1M,5,9,,held_out_character,raw stage-by-checkpoint score; masked when c<s
heatmap_matrix,MA,MA,GLM-4-9B-1M,6,9,,held_out_character,raw stage-by-checkpoint score; masked when c<s
heatmap_matrix,MA,MA,GLM-4-9B-1M,7,9,,held_out_character,raw stage-by-checkpoint score; masked when c<s
heatmap_matrix,MA,MA,GLM-4-9B-1M,8,9,,held_out_character,raw stage-by-checkpoint score; masked when c<s
heatmap_matrix,MA,MA,GLM-4-9B-1M,9,9,0.100000,held_out_character,raw stage-by-checkpoint score; masked when c<s
heatmap_matrix,MA,MA,GLM-4-9B-1M,10,9,0.300000,held_out_character,raw stage-by-checkpoint score; masked when c<s
heatmap_matrix,MA,MA,GLM-4-9B-1M,1,10,,held_out_character,raw stage-by-checkpoint score; masked when c<s
heatmap_matrix,MA,MA,GLM-4-9B-1M,2,10,,held_out_character,raw stage-by-checkpoint score; masked when c<s
heatmap_matrix,MA,MA,GLM-4-9B-1M,3,10,,held_out_character,raw stage-by-checkpoint score; masked when c<s
heatmap_matrix,MA,MA,GLM-4-9B-1M,4,10,,held_out_character,raw stage-by-checkpoint score; masked when c<s
heatmap_matrix,MA,MA,GLM-4-9B-1M,5,10,,held_out_character,raw stage-by-checkpoint score; masked when c<s
heatmap_matrix,MA,MA,GLM-4-9B-1M,6,10,,held_out_character,raw stage-by-checkpoint score; masked when c<s
heatmap_matrix,MA,MA,GLM-4-9B-1M,7,10,,held_out_character,raw stage-by-checkpoint score; masked when c<s
heatmap_matrix,MA,MA,GLM-4-9B-1M,8,10,,held_out_character,raw stage-by-checkpoint score; masked when c<s
heatmap_matrix,MA,MA,GLM-4-9B-1M,9,10,,held_out_character,raw stage-by-checkpoint score; masked when c<s
heatmap_matrix,MA,MA,GLM-4-9B-1M,10,10,0.115385,held_out_character,raw stage-by-checkpoint score; masked when c<s
heatmap_matrix,MA,MA,Qwen3.5-9B,1,1,0.266667,held_out_character,raw stage-by-checkpoint score; masked when c<s
heatmap_matrix,MA,MA,Qwen3.5-9B,2,1,0.233333,held_out_character,raw stage-by-checkpoint score; masked when c<s
heatmap_matrix,MA,MA,Qwen3.5-9B,3,1,0.166667,held_out_character,raw stage-by-checkpoint score; masked when c<s
heatmap_matrix,MA,MA,Qwen3.5-9B,4,1,0.133333,held_out_character,raw stage-by-checkpoint score; masked when c<s
heatmap_matrix,MA,MA,Qwen3.5-9B,5,1,0.133333,held_out_character,raw stage-by-checkpoint score; masked when c<s
heatmap_matrix,MA,MA,Qwen3.5-9B,6,1,0.200000,held_out_character,raw stage-by-checkpoint score; masked when c<s
heatmap_matrix,MA,MA,Qwen3.5-9B,7,1,0.166667,held_out_character,raw stage-by-checkpoint score; masked when c<s
heatmap_matrix,MA,MA,Qwen3.5-9B,8,1,0.233333,held_out_character,raw stage-by-checkpoint score; masked when c<s
heatmap_matrix,MA,MA,Qwen3.5-9B,9,1,0.233333,held_out_character,raw stage-by-checkpoint score; masked when c<s
heatmap_matrix,MA,MA,Qwen3.5-9B,10,1,0.100000,held_out_character,raw stage-by-checkpoint score; masked when c<s
heatmap_matrix,MA,MA,Qwen3.5-9B,1,2,,held_out_character,raw stage-by-checkpoint score; masked when c<s
heatmap_matrix,MA,MA,Qwen3.5-9B,2,2,0.000000,held_out_character,raw stage-by-checkpoint score; masked when c<s
heatmap_matrix,MA,MA,Qwen3.5-9B,3,2,0.166667,held_out_character,raw stage-by-checkpoint score; masked when c<s
heatmap_matrix,MA,MA,Qwen3.5-9B,4,2,0.166667,held_out_character,raw stage-by-checkpoint score; masked when c<s
heatmap_matrix,MA,MA,Qwen3.5-9B,5,2,0.000000,held_out_character,raw stage-by-checkpoint score; masked when c<s
heatmap_matrix,MA,MA,Qwen3.5-9B,6,2,0.083333,held_out_character,raw stage-by-checkpoint score; masked when c<s
heatmap_matrix,MA,MA,Qwen3.5-9B,7,2,0.000000,held_out_character,raw stage-by-checkpoint score; masked when c<s
heatmap_matrix,MA,MA,Qwen3.5-9B,8,2,0.000000,held_out_character,raw stage-by-checkpoint score; masked when c<s
heatmap_matrix,MA,MA,Qwen3.5-9B,9,2,0.083333,held_out_character,raw stage-by-checkpoint score; masked when c<s
heatmap_matrix,MA,MA,Qwen3.5-9B,10,2,0.000000,held_out_character,raw stage-by-checkpoint score; masked when c<s
heatmap_matrix,MA,MA,Qwen3.5-9B,1,3,,held_out_character,raw stage-by-checkpoint score; masked when c<s
heatmap_matrix,MA,MA,Qwen3.5-9B,2,3,,held_out_character,raw stage-by-checkpoint score; masked when c<s
heatmap_matrix,MA,MA,Qwen3.5-9B,3,3,0.115385,held_out_character,raw stage-by-checkpoint score; masked when c<s
heatmap_matrix,MA,MA,Qwen3.5-9B,4,3,0.115385,held_out_character,raw stage-by-checkpoint score; masked when c<s
heatmap_matrix,MA,MA,Qwen3.5-9B,5,3,0.192308,held_out_character,raw stage-by-checkpoint score; masked when c<s
heatmap_matrix,MA,MA,Qwen3.5-9B,6,3,0.115385,held_out_character,raw stage-by-checkpoint score; masked when c<s
heatmap_matrix,MA,MA,Qwen3.5-9B,7,3,0.230769,held_out_character,raw stage-by-checkpoint score; masked when c<s
heatmap_matrix,MA,MA,Qwen3.5-9B,8,3,0.038462,held_out_character,raw stage-by-checkpoint score; masked when c<s
heatmap_matrix,MA,MA,Qwen3.5-9B,9,3,0.115385,held_out_character,raw stage-by-checkpoint score; masked when c<s
heatmap_matrix,MA,MA,Qwen3.5-9B,10,3,0.076923,held_out_character,raw stage-by-checkpoint score; masked when c<s
heatmap_matrix,MA,MA,Qwen3.5-9B,1,4,,held_out_character,raw stage-by-checkpoint score; masked when c<s
heatmap_matrix,MA,MA,Qwen3.5-9B,2,4,,held_out_character,raw stage-by-checkpoint score; masked when c<s
heatmap_matrix,MA,MA,Qwen3.5-9B,3,4,,held_out_character,raw stage-by-checkpoint score; masked when c<s
heatmap_matrix,MA,MA,Qwen3.5-9B,4,4,0.333333,held_out_character,raw stage-by-checkpoint score; masked when c<s
heatmap_matrix,MA,MA,Qwen3.5-9B,5,4,0.333333,held_out_character,raw stage-by-checkpoint score; masked when c<s
heatmap_matrix,MA,MA,Qwen3.5-9B,6,4,0.166667,held_out_character,raw stage-by-checkpoint score; masked when c<s
heatmap_matrix,MA,MA,Qwen3.5-9B,7,4,0.083333,held_out_character,raw stage-by-checkpoint score; masked when c<s
heatmap_matrix,MA,MA,Qwen3.5-9B,8,4,0.166667,held_out_character,raw stage-by-checkpoint score; masked when c<s
heatmap_matrix,MA,MA,Qwen3.5-9B,9,4,0.250000,held_out_character,raw stage-by-checkpoint score; masked when c<s
heatmap_matrix,MA,MA,Qwen3.5-9B,10,4,0.166667,held_out_character,raw stage-by-checkpoint score; masked when c<s
heatmap_matrix,MA,MA,Qwen3.5-9B,1,5,,held_out_character,raw stage-by-checkpoint score; masked when c<s
heatmap_matrix,MA,MA,Qwen3.5-9B,2,5,,held_out_character,raw stage-by-checkpoint score; masked when c<s
heatmap_matrix,MA,MA,Qwen3.5-9B,3,5,,held_out_character,raw stage-by-checkpoint score; masked when c<s
heatmap_matrix,MA,MA,Qwen3.5-9B,4,5,,held_out_character,raw stage-by-checkpoint score; masked when c<s
heatmap_matrix,MA,MA,Qwen3.5-9B,5,5,0.111111,held_out_character,raw stage-by-checkpoint score; masked when c<s
heatmap_matrix,MA,MA,Qwen3.5-9B,6,5,0.277778,held_out_character,raw stage-by-checkpoint score; masked when c<s
heatmap_matrix,MA,MA,Qwen3.5-9B,7,5,0.111111,held_out_character,raw stage-by-checkpoint score; masked when c<s
heatmap_matrix,MA,MA,Qwen3.5-9B,8,5,0.000000,held_out_character,raw stage-by-checkpoint score; masked when c<s
heatmap_matrix,MA,MA,Qwen3.5-9B,9,5,0.166667,held_out_character,raw stage-by-checkpoint score; masked when c<s
heatmap_matrix,MA,MA,Qwen3.5-9B,10,5,0.055556,held_out_character,raw stage-by-checkpoint score; masked when c<s
heatmap_matrix,MA,MA,Qwen3.5-9B,1,6,,held_out_character,raw stage-by-checkpoint score; masked when c<s
heatmap_matrix,MA,MA,Qwen3.5-9B,2,6,,held_out_character,raw stage-by-checkpoint score; masked when c<s
heatmap_matrix,MA,MA,Qwen3.5-9B,3,6,,held_out_character,raw stage-by-checkpoint score; masked when c<s
heatmap_matrix,MA,MA,Qwen3.5-9B,4,6,,held_out_character,raw stage-by-checkpoint score; masked when c<s
heatmap_matrix,MA,MA,Qwen3.5-9B,5,6,,held_out_character,raw stage-by-checkpoint score; masked when c<s
heatmap_matrix,MA,MA,Qwen3.5-9B,6,6,0.300000,held_out_character,raw stage-by-checkpoint score; masked when c<s
heatmap_matrix,MA,MA,Qwen3.5-9B,7,6,0.166667,held_out_character,raw stage-by-checkpoint score; masked when c<s
heatmap_matrix,MA,MA,Qwen3.5-9B,8,6,0.166667,held_out_character,raw stage-by-checkpoint score; masked when c<s
heatmap_matrix,MA,MA,Qwen3.5-9B,9,6,0.133333,held_out_character,raw stage-by-checkpoint score; masked when c<s
heatmap_matrix,MA,MA,Qwen3.5-9B,10,6,0.266667,held_out_character,raw stage-by-checkpoint score; masked when c<s
heatmap_matrix,MA,MA,Qwen3.5-9B,1,7,,held_out_character,raw stage-by-checkpoint score; masked when c<s
heatmap_matrix,MA,MA,Qwen3.5-9B,2,7,,held_out_character,raw stage-by-checkpoint score; masked when c<s
heatmap_matrix,MA,MA,Qwen3.5-9B,3,7,,held_out_character,raw stage-by-checkpoint score; masked when c<s
heatmap_matrix,MA,MA,Qwen3.5-9B,4,7,,held_out_character,raw stage-by-checkpoint score; masked when c<s
heatmap_matrix,MA,MA,Qwen3.5-9B,5,7,,held_out_character,raw stage-by-checkpoint score; masked when c<s
heatmap_matrix,MA,MA,Qwen3.5-9B,6,7,,held_out_character,raw stage-by-checkpoint score; masked when c<s
heatmap_matrix,MA,MA,Qwen3.5-9B,7,7,0.291667,held_out_character,raw stage-by-checkpoint score; masked when c<s
heatmap_matrix,MA,MA,Qwen3.5-9B,8,7,0.187500,held_out_character,raw stage-by-checkpoint score; masked when c<s
heatmap_matrix,MA,MA,Qwen3.5-9B,9,7,0.083333,held_out_character,raw stage-by-checkpoint score; masked when c<s
heatmap_matrix,MA,MA,Qwen3.5-9B,10,7,0.104167,held_out_character,raw stage-by-checkpoint score; masked when c<s
heatmap_matrix,MA,MA,Qwen3.5-9B,1,8,,held_out_character,raw stage-by-checkpoint score; masked when c<s
heatmap_matrix,MA,MA,Qwen3.5-9B,2,8,,held_out_character,raw stage-by-checkpoint score; masked when c<s
heatmap_matrix,MA,MA,Qwen3.5-9B,3,8,,held_out_character,raw stage-by-checkpoint score; masked when c<s
heatmap_matrix,MA,MA,Qwen3.5-9B,4,8,,held_out_character,raw stage-by-checkpoint score; masked when c<s
heatmap_matrix,MA,MA,Qwen3.5-9B,5,8,,held_out_character,raw stage-by-checkpoint score; masked when c<s
heatmap_matrix,MA,MA,Qwen3.5-9B,6,8,,held_out_character,raw stage-by-checkpoint score; masked when c<s
heatmap_matrix,MA,MA,Qwen3.5-9B,7,8,,held_out_character,raw stage-by-checkpoint score; masked when c<s
heatmap_matrix,MA,MA,Qwen3.5-9B,8,8,0.277778,held_out_character,raw stage-by-checkpoint score; masked when c<s
heatmap_matrix,MA,MA,Qwen3.5-9B,9,8,0.277778,held_out_character,raw stage-by-checkpoint score; masked when c<s
heatmap_matrix,MA,MA,Qwen3.5-9B,10,8,0.111111,held_out_character,raw stage-by-checkpoint score; masked when c<s
heatmap_matrix,MA,MA,Qwen3.5-9B,1,9,,held_out_character,raw stage-by-checkpoint score; masked when c<s
heatmap_matrix,MA,MA,Qwen3.5-9B,2,9,,held_out_character,raw stage-by-checkpoint score; masked when c<s
heatmap_matrix,MA,MA,Qwen3.5-9B,3,9,,held_out_character,raw stage-by-checkpoint score; masked when c<s
heatmap_matrix,MA,MA,Qwen3.5-9B,4,9,,held_out_character,raw stage-by-checkpoint score; masked when c<s
heatmap_matrix,MA,MA,Qwen3.5-9B,5,9,,held_out_character,raw stage-by-checkpoint score; masked when c<s
heatmap_matrix,MA,MA,Qwen3.5-9B,6,9,,held_out_character,raw stage-by-checkpoint score; masked when c<s
heatmap_matrix,MA,MA,Qwen3.5-9B,7,9,,held_out_character,raw stage-by-checkpoint score; masked when c<s
heatmap_matrix,MA,MA,Qwen3.5-9B,8,9,,held_out_character,raw stage-by-checkpoint score; masked when c<s
heatmap_matrix,MA,MA,Qwen3.5-9B,9,9,0.150000,held_out_character,raw stage-by-checkpoint score; masked when c<s
heatmap_matrix,MA,MA,Qwen3.5-9B,10,9,0.100000,held_out_character,raw stage-by-checkpoint score; masked when c<s
heatmap_matrix,MA,MA,Qwen3.5-9B,1,10,,held_out_character,raw stage-by-checkpoint score; masked when c<s
heatmap_matrix,MA,MA,Qwen3.5-9B,2,10,,held_out_character,raw stage-by-checkpoint score; masked when c<s
heatmap_matrix,MA,MA,Qwen3.5-9B,3,10,,held_out_character,raw stage-by-checkpoint score; masked when c<s
heatmap_matrix,MA,MA,Qwen3.5-9B,4,10,,held_out_character,raw stage-by-checkpoint score; masked when c<s
heatmap_matrix,MA,MA,Qwen3.5-9B,5,10,,held_out_character,raw stage-by-checkpoint score; masked when c<s
heatmap_matrix,MA,MA,Qwen3.5-9B,6,10,,held_out_character,raw stage-by-checkpoint score; masked when c<s
heatmap_matrix,MA,MA,Qwen3.5-9B,7,10,,held_out_character,raw stage-by-checkpoint score; masked when c<s
heatmap_matrix,MA,MA,Qwen3.5-9B,8,10,,held_out_character,raw stage-by-checkpoint score; masked when c<s
heatmap_matrix,MA,MA,Qwen3.5-9B,9,10,,held_out_character,raw stage-by-checkpoint score; masked when c<s
heatmap_matrix,MA,MA,Qwen3.5-9B,10,10,0.269231,held_out_character,raw stage-by-checkpoint score; masked when c<s
heatmap_matrix,MA,MA,Qwen2.5-7B-1M,1,1,0.133333,held_out_character,raw stage-by-checkpoint score; masked when c<s
heatmap_matrix,MA,MA,Qwen2.5-7B-1M,2,1,0.133333,held_out_character,raw stage-by-checkpoint score; masked when c<s
heatmap_matrix,MA,MA,Qwen2.5-7B-1M,3,1,0.133333,held_out_character,raw stage-by-checkpoint score; masked when c<s
heatmap_matrix,MA,MA,Qwen2.5-7B-1M,4,1,0.166667,held_out_character,raw stage-by-checkpoint score; masked when c<s
heatmap_matrix,MA,MA,Qwen2.5-7B-1M,5,1,0.166667,held_out_character,raw stage-by-checkpoint score; masked when c<s
heatmap_matrix,MA,MA,Qwen2.5-7B-1M,6,1,0.100000,held_out_character,raw stage-by-checkpoint score; masked when c<s
heatmap_matrix,MA,MA,Qwen2.5-7B-1M,7,1,0.000000,held_out_character,raw stage-by-checkpoint score; masked when c<s
heatmap_matrix,MA,MA,Qwen2.5-7B-1M,8,1,0.066667,held_out_character,raw stage-by-checkpoint score; masked when c<s
heatmap_matrix,MA,MA,Qwen2.5-7B-1M,9,1,0.166667,held_out_character,raw stage-by-checkpoint score; masked when c<s
heatmap_matrix,MA,MA,Qwen2.5-7B-1M,10,1,0.066667,held_out_character,raw stage-by-checkpoint score; masked when c<s
heatmap_matrix,MA,MA,Qwen2.5-7B-1M,1,2,,held_out_character,raw stage-by-checkpoint score; masked when c<s
heatmap_matrix,MA,MA,Qwen2.5-7B-1M,2,2,0.000000,held_out_character,raw stage-by-checkpoint score; masked when c<s
heatmap_matrix,MA,MA,Qwen2.5-7B-1M,3,2,0.083333,held_out_character,raw stage-by-checkpoint score; masked when c<s
heatmap_matrix,MA,MA,Qwen2.5-7B-1M,4,2,0.000000,held_out_character,raw stage-by-checkpoint score; masked when c<s
heatmap_matrix,MA,MA,Qwen2.5-7B-1M,5,2,0.166667,held_out_character,raw stage-by-checkpoint score; masked when c<s
heatmap_matrix,MA,MA,Qwen2.5-7B-1M,6,2,0.166667,held_out_character,raw stage-by-checkpoint score; masked when c<s
heatmap_matrix,MA,MA,Qwen2.5-7B-1M,7,2,0.000000,held_out_character,raw stage-by-checkpoint score; masked when c<s
heatmap_matrix,MA,MA,Qwen2.5-7B-1M,8,2,0.083333,held_out_character,raw stage-by-checkpoint score; masked when c<s
heatmap_matrix,MA,MA,Qwen2.5-7B-1M,9,2,0.166667,held_out_character,raw stage-by-checkpoint score; masked when c<s
heatmap_matrix,MA,MA,Qwen2.5-7B-1M,10,2,0.000000,held_out_character,raw stage-by-checkpoint score; masked when c<s
heatmap_matrix,MA,MA,Qwen2.5-7B-1M,1,3,,held_out_character,raw stage-by-checkpoint score; masked when c<s
heatmap_matrix,MA,MA,Qwen2.5-7B-1M,2,3,,held_out_character,raw stage-by-checkpoint score; masked when c<s
heatmap_matrix,MA,MA,Qwen2.5-7B-1M,3,3,0.000000,held_out_character,raw stage-by-checkpoint score; masked when c<s
heatmap_matrix,MA,MA,Qwen2.5-7B-1M,4,3,0.000000,held_out_character,raw stage-by-checkpoint score; masked when c<s
heatmap_matrix,MA,MA,Qwen2.5-7B-1M,5,3,0.038462,held_out_character,raw stage-by-checkpoint score; masked when c<s
heatmap_matrix,MA,MA,Qwen2.5-7B-1M,6,3,0.038462,held_out_character,raw stage-by-checkpoint score; masked when c<s
heatmap_matrix,MA,MA,Qwen2.5-7B-1M,7,3,0.000000,held_out_character,raw stage-by-checkpoint score; masked when c<s
heatmap_matrix,MA,MA,Qwen2.5-7B-1M,8,3,0.038462,held_out_character,raw stage-by-checkpoint score; masked when c<s
heatmap_matrix,MA,MA,Qwen2.5-7B-1M,9,3,0.038462,held_out_character,raw stage-by-checkpoint score; masked when c<s
heatmap_matrix,MA,MA,Qwen2.5-7B-1M,10,3,0.000000,held_out_character,raw stage-by-checkpoint score; masked when c<s
heatmap_matrix,MA,MA,Qwen2.5-7B-1M,1,4,,held_out_character,raw stage-by-checkpoint score; masked when c<s
heatmap_matrix,MA,MA,Qwen2.5-7B-1M,2,4,,held_out_character,raw stage-by-checkpoint score; masked when c<s
heatmap_matrix,MA,MA,Qwen2.5-7B-1M,3,4,,held_out_character,raw stage-by-checkpoint score; masked when c<s
heatmap_matrix,MA,MA,Qwen2.5-7B-1M,4,4,0.250000,held_out_character,raw stage-by-checkpoint score; masked when c<s
heatmap_matrix,MA,MA,Qwen2.5-7B-1M,5,4,0.166667,held_out_character,raw stage-by-checkpoint score; masked when c<s
heatmap_matrix,MA,MA,Qwen2.5-7B-1M,6,4,0.166667,held_out_character,raw stage-by-checkpoint score; masked when c<s
heatmap_matrix,MA,MA,Qwen2.5-7B-1M,7,4,0.000000,held_out_character,raw stage-by-checkpoint score; masked when c<s
heatmap_matrix,MA,MA,Qwen2.5-7B-1M,8,4,0.166667,held_out_character,raw stage-by-checkpoint score; masked when c<s
heatmap_matrix,MA,MA,Qwen2.5-7B-1M,9,4,0.083333,held_out_character,raw stage-by-checkpoint score; masked when c<s
heatmap_matrix,MA,MA,Qwen2.5-7B-1M,10,4,0.000000,held_out_character,raw stage-by-checkpoint score; masked when c<s
heatmap_matrix,MA,MA,Qwen2.5-7B-1M,1,5,,held_out_character,raw stage-by-checkpoint score; masked when c<s
heatmap_matrix,MA,MA,Qwen2.5-7B-1M,2,5,,held_out_character,raw stage-by-checkpoint score; masked when c<s
heatmap_matrix,MA,MA,Qwen2.5-7B-1M,3,5,,held_out_character,raw stage-by-checkpoint score; masked when c<s
heatmap_matrix,MA,MA,Qwen2.5-7B-1M,4,5,,held_out_character,raw stage-by-checkpoint score; masked when c<s
heatmap_matrix,MA,MA,Qwen2.5-7B-1M,5,5,0.166667,held_out_character,raw stage-by-checkpoint score; masked when c<s
heatmap_matrix,MA,MA,Qwen2.5-7B-1M,6,5,0.055556,held_out_character,raw stage-by-checkpoint score; masked when c<s
heatmap_matrix,MA,MA,Qwen2.5-7B-1M,7,5,0.111111,held_out_character,raw stage-by-checkpoint score; masked when c<s
heatmap_matrix,MA,MA,Qwen2.5-7B-1M,8,5,0.000000,held_out_character,raw stage-by-checkpoint score; masked when c<s
heatmap_matrix,MA,MA,Qwen2.5-7B-1M,9,5,0.000000,held_out_character,raw stage-by-checkpoint score; masked when c<s
heatmap_matrix,MA,MA,Qwen2.5-7B-1M,10,5,0.111111,held_out_character,raw stage-by-checkpoint score; masked when c<s
heatmap_matrix,MA,MA,Qwen2.5-7B-1M,1,6,,held_out_character,raw stage-by-checkpoint score; masked when c<s
heatmap_matrix,MA,MA,Qwen2.5-7B-1M,2,6,,held_out_character,raw stage-by-checkpoint score; masked when c<s
heatmap_matrix,MA,MA,Qwen2.5-7B-1M,3,6,,held_out_character,raw stage-by-checkpoint score; masked when c<s
heatmap_matrix,MA,MA,Qwen2.5-7B-1M,4,6,,held_out_character,raw stage-by-checkpoint score; masked when c<s
heatmap_matrix,MA,MA,Qwen2.5-7B-1M,5,6,,held_out_character,raw stage-by-checkpoint score; masked when c<s
heatmap_matrix,MA,MA,Qwen2.5-7B-1M,6,6,0.000000,held_out_character,raw stage-by-checkpoint score; masked when c<s
heatmap_matrix,MA,MA,Qwen2.5-7B-1M,7,6,0.066667,held_out_character,raw stage-by-checkpoint score; masked when c<s
heatmap_matrix,MA,MA,Qwen2.5-7B-1M,8,6,0.100000,held_out_character,raw stage-by-checkpoint score; masked when c<s
heatmap_matrix,MA,MA,Qwen2.5-7B-1M,9,6,0.066667,held_out_character,raw stage-by-checkpoint score; masked when c<s
heatmap_matrix,MA,MA,Qwen2.5-7B-1M,10,6,0.233333,held_out_character,raw stage-by-checkpoint score; masked when c<s
heatmap_matrix,MA,MA,Qwen2.5-7B-1M,1,7,,held_out_character,raw stage-by-checkpoint score; masked when c<s
heatmap_matrix,MA,MA,Qwen2.5-7B-1M,2,7,,held_out_character,raw stage-by-checkpoint score; masked when c<s
heatmap_matrix,MA,MA,Qwen2.5-7B-1M,3,7,,held_out_character,raw stage-by-checkpoint score; masked when c<s
heatmap_matrix,MA,MA,Qwen2.5-7B-1M,4,7,,held_out_character,raw stage-by-checkpoint score; masked when c<s
heatmap_matrix,MA,MA,Qwen2.5-7B-1M,5,7,,held_out_character,raw stage-by-checkpoint score; masked when c<s
heatmap_matrix,MA,MA,Qwen2.5-7B-1M,6,7,,held_out_character,raw stage-by-checkpoint score; masked when c<s
heatmap_matrix,MA,MA,Qwen2.5-7B-1M,7,7,0.166667,held_out_character,raw stage-by-checkpoint score; masked when c<s
heatmap_matrix,MA,MA,Qwen2.5-7B-1M,8,7,0.083333,held_out_character,raw stage-by-checkpoint score; masked when c<s
heatmap_matrix,MA,MA,Qwen2.5-7B-1M,9,7,0.104167,held_out_character,raw stage-by-checkpoint score; masked when c<s
heatmap_matrix,MA,MA,Qwen2.5-7B-1M,10,7,0.062500,held_out_character,raw stage-by-checkpoint score; masked when c<s
heatmap_matrix,MA,MA,Qwen2.5-7B-1M,1,8,,held_out_character,raw stage-by-checkpoint score; masked when c<s
heatmap_matrix,MA,MA,Qwen2.5-7B-1M,2,8,,held_out_character,raw stage-by-checkpoint score; masked when c<s
heatmap_matrix,MA,MA,Qwen2.5-7B-1M,3,8,,held_out_character,raw stage-by-checkpoint score; masked when c<s
heatmap_matrix,MA,MA,Qwen2.5-7B-1M,4,8,,held_out_character,raw stage-by-checkpoint score; masked when c<s
heatmap_matrix,MA,MA,Qwen2.5-7B-1M,5,8,,held_out_character,raw stage-by-checkpoint score; masked when c<s
heatmap_matrix,MA,MA,Qwen2.5-7B-1M,6,8,,held_out_character,raw stage-by-checkpoint score; masked when c<s
heatmap_matrix,MA,MA,Qwen2.5-7B-1M,7,8,,held_out_character,raw stage-by-checkpoint score; masked when c<s
heatmap_matrix,MA,MA,Qwen2.5-7B-1M,8,8,0.111111,held_out_character,raw stage-by-checkpoint score; masked when c<s
heatmap_matrix,MA,MA,Qwen2.5-7B-1M,9,8,0.166667,held_out_character,raw stage-by-checkpoint score; masked when c<s
heatmap_matrix,MA,MA,Qwen2.5-7B-1M,10,8,0.055556,held_out_character,raw stage-by-checkpoint score; masked when c<s
heatmap_matrix,MA,MA,Qwen2.5-7B-1M,1,9,,held_out_character,raw stage-by-checkpoint score; masked when c<s
heatmap_matrix,MA,MA,Qwen2.5-7B-1M,2,9,,held_out_character,raw stage-by-checkpoint score; masked when c<s
heatmap_matrix,MA,MA,Qwen2.5-7B-1M,3,9,,held_out_character,raw stage-by-checkpoint score; masked when c<s
heatmap_matrix,MA,MA,Qwen2.5-7B-1M,4,9,,held_out_character,raw stage-by-checkpoint score; masked when c<s
heatmap_matrix,MA,MA,Qwen2.5-7B-1M,5,9,,held_out_character,raw stage-by-checkpoint score; masked when c<s
heatmap_matrix,MA,MA,Qwen2.5-7B-1M,6,9,,held_out_character,raw stage-by-checkpoint score; masked when c<s
heatmap_matrix,MA,MA,Qwen2.5-7B-1M,7,9,,held_out_character,raw stage-by-checkpoint score; masked when c<s
heatmap_matrix,MA,MA,Qwen2.5-7B-1M,8,9,,held_out_character,raw stage-by-checkpoint score; masked when c<s
heatmap_matrix,MA,MA,Qwen2.5-7B-1M,9,9,0.050000,held_out_character,raw stage-by-checkpoint score; masked when c<s
heatmap_matrix,MA,MA,Qwen2.5-7B-1M,10,9,0.000000,held_out_character,raw stage-by-checkpoint score; masked when c<s
heatmap_matrix,MA,MA,Qwen2.5-7B-1M,1,10,,held_out_character,raw stage-by-checkpoint score; masked when c<s
heatmap_matrix,MA,MA,Qwen2.5-7B-1M,2,10,,held_out_character,raw stage-by-checkpoint score; masked when c<s
heatmap_matrix,MA,MA,Qwen2.5-7B-1M,3,10,,held_out_character,raw stage-by-checkpoint score; masked when c<s
heatmap_matrix,MA,MA,Qwen2.5-7B-1M,4,10,,held_out_character,raw stage-by-checkpoint score; masked when c<s
heatmap_matrix,MA,MA,Qwen2.5-7B-1M,5,10,,held_out_character,raw stage-by-checkpoint score; masked when c<s
heatmap_matrix,MA,MA,Qwen2.5-7B-1M,6,10,,held_out_character,raw stage-by-checkpoint score; masked when c<s
heatmap_matrix,MA,MA,Qwen2.5-7B-1M,7,10,,held_out_character,raw stage-by-checkpoint score; masked when c<s
heatmap_matrix,MA,MA,Qwen2.5-7B-1M,8,10,,held_out_character,raw stage-by-checkpoint score; masked when c<s
heatmap_matrix,MA,MA,Qwen2.5-7B-1M,9,10,,held_out_character,raw stage-by-checkpoint score; masked when c<s
heatmap_matrix,MA,MA,Qwen2.5-7B-1M,10,10,0.115385,held_out_character,raw stage-by-checkpoint score; masked when c<s
