model_name,checkpoint_stage,eval_stage,task_type,task_name_long,task_score,num_examples,invalid_json_count,invalid_json_rate,split_type
GLM-4-9B-1M,1,1,IE,Information Extraction,0.473684,57,0,0.000000,held_out_character
GLM-4-9B-1M,1,1,MSR,Multi-session Reasoning,0.089286,56,0,0.000000,held_out_character
GLM-4-9B-1M,1,1,ES,Event Summarization,0.052083,48,3,0.062500,held_out_character
GLM-4-9B-1M,1,1,TR,Temporal Reasoning,0.048780,41,0,0.000000,held_out_character
GLM-4-9B-1M,1,1,KU,Knowledge Updating,0.210526,19,0,0.000000,held_out_character
GLM-4-9B-1M,1,1,MA,Memory Arbitration,0.133333,15,0,0.000000,held_out_character
GLM-4-9B-1M,2,1,IE,Information Extraction,0.350877,57,0,0.000000,held_out_character
GLM-4-9B-1M,2,1,MSR,Multi-session Reasoning,0.071429,56,1,0.017857,held_out_character
GLM-4-9B-1M,2,1,ES,Event Summarization,0.010417,48,0,0.000000,held_out_character
GLM-4-9B-1M,2,1,TR,Temporal Reasoning,0.000000,41,0,0.000000,held_out_character
GLM-4-9B-1M,2,1,KU,Knowledge Updating,0.105263,19,0,0.000000,held_out_character
GLM-4-9B-1M,2,1,MA,Memory Arbitration,0.066667,15,0,0.000000,held_out_character
GLM-4-9B-1M,2,2,IE,Information Extraction,0.442623,61,0,0.000000,held_out_character
GLM-4-9B-1M,2,2,MSR,Multi-session Reasoning,0.155172,58,1,0.017241,held_out_character
GLM-4-9B-1M,2,2,ES,Event Summarization,0.009615,52,2,0.038462,held_out_character
GLM-4-9B-1M,2,2,TR,Temporal Reasoning,0.113636,44,0,0.000000,held_out_character
GLM-4-9B-1M,2,2,KU,Knowledge Updating,0.461538,13,0,0.000000,held_out_character
GLM-4-9B-1M,2,2,MA,Memory Arbitration,0.250000,6,0,0.000000,held_out_character
GLM-4-9B-1M,3,1,IE,Information Extraction,0.298246,57,0,0.000000,held_out_character
GLM-4-9B-1M,3,1,MSR,Multi-session Reasoning,0.053571,56,4,0.071429,held_out_character
GLM-4-9B-1M,3,1,ES,Event Summarization,0.020833,48,1,0.020833,held_out_character
GLM-4-9B-1M,3,1,TR,Temporal Reasoning,0.000000,41,0,0.000000,held_out_character
GLM-4-9B-1M,3,1,KU,Knowledge Updating,0.105263,19,0,0.000000,held_out_character
GLM-4-9B-1M,3,1,MA,Memory Arbitration,0.033333,15,0,0.000000,held_out_character
GLM-4-9B-1M,3,2,IE,Information Extraction,0.360656,61,0,0.000000,held_out_character
GLM-4-9B-1M,3,2,MSR,Multi-session Reasoning,0.103448,58,1,0.017241,held_out_character
GLM-4-9B-1M,3,2,ES,Event Summarization,0.009615,52,4,0.076923,held_out_character
GLM-4-9B-1M,3,2,TR,Temporal Reasoning,0.068182,44,0,0.000000,held_out_character
GLM-4-9B-1M,3,2,KU,Knowledge Updating,0.307692,13,0,0.000000,held_out_character
GLM-4-9B-1M,3,2,MA,Memory Arbitration,0.166667,6,0,0.000000,held_out_character
GLM-4-9B-1M,3,3,IE,Information Extraction,0.438596,57,0,0.000000,held_out_character
GLM-4-9B-1M,3,3,MSR,Multi-session Reasoning,0.157895,57,1,0.017544,held_out_character
GLM-4-9B-1M,3,3,ES,Event Summarization,0.020000,50,3,0.060000,held_out_character
GLM-4-9B-1M,3,3,TR,Temporal Reasoning,0.055556,36,0,0.000000,held_out_character
GLM-4-9B-1M,3,3,KU,Knowledge Updating,0.428571,14,0,0.000000,held_out_character
GLM-4-9B-1M,3,3,MA,Memory Arbitration,0.000000,13,0,0.000000,held_out_character
GLM-4-9B-1M,4,1,IE,Information Extraction,0.263158,57,0,0.000000,held_out_character
GLM-4-9B-1M,4,1,MSR,Multi-session Reasoning,0.053571,56,0,0.000000,held_out_character
GLM-4-9B-1M,4,1,ES,Event Summarization,0.010417,48,0,0.000000,held_out_character
GLM-4-9B-1M,4,1,TR,Temporal Reasoning,0.000000,41,0,0.000000,held_out_character
GLM-4-9B-1M,4,1,KU,Knowledge Updating,0.105263,19,0,0.000000,held_out_character
GLM-4-9B-1M,4,1,MA,Memory Arbitration,0.033333,15,1,0.066667,held_out_character
GLM-4-9B-1M,4,2,IE,Information Extraction,0.229508,61,0,0.000000,held_out_character
GLM-4-9B-1M,4,2,MSR,Multi-session Reasoning,0.034483,58,0,0.000000,held_out_character
GLM-4-9B-1M,4,2,ES,Event Summarization,0.038462,52,0,0.000000,held_out_character
GLM-4-9B-1M,4,2,TR,Temporal Reasoning,0.136364,44,0,0.000000,held_out_character
GLM-4-9B-1M,4,2,KU,Knowledge Updating,0.307692,13,0,0.000000,held_out_character
GLM-4-9B-1M,4,2,MA,Memory Arbitration,0.333333,6,1,0.166667,held_out_character
GLM-4-9B-1M,4,3,IE,Information Extraction,0.350877,57,0,0.000000,held_out_character
GLM-4-9B-1M,4,3,MSR,Multi-session Reasoning,0.105263,57,0,0.000000,held_out_character
GLM-4-9B-1M,4,3,ES,Event Summarization,0.000000,50,1,0.020000,held_out_character
GLM-4-9B-1M,4,3,TR,Temporal Reasoning,0.027778,36,0,0.000000,held_out_character
GLM-4-9B-1M,4,3,KU,Knowledge Updating,0.285714,14,0,0.000000,held_out_character
GLM-4-9B-1M,4,3,MA,Memory Arbitration,0.076923,13,1,0.076923,held_out_character
GLM-4-9B-1M,4,4,IE,Information Extraction,0.416667,60,0,0.000000,held_out_character
GLM-4-9B-1M,4,4,MSR,Multi-session Reasoning,0.186441,59,0,0.000000,held_out_character
GLM-4-9B-1M,4,4,ES,Event Summarization,0.000000,54,0,0.000000,held_out_character
GLM-4-9B-1M,4,4,TR,Temporal Reasoning,0.135135,37,0,0.000000,held_out_character
GLM-4-9B-1M,4,4,KU,Knowledge Updating,0.100000,10,0,0.000000,held_out_character
GLM-4-9B-1M,4,4,MA,Memory Arbitration,0.250000,6,0,0.000000,held_out_character
GLM-4-9B-1M,5,1,IE,Information Extraction,0.245614,57,0,0.000000,held_out_character
GLM-4-9B-1M,5,1,MSR,Multi-session Reasoning,0.089286,56,0,0.000000,held_out_character
GLM-4-9B-1M,5,1,ES,Event Summarization,0.000000,48,0,0.000000,held_out_character
GLM-4-9B-1M,5,1,TR,Temporal Reasoning,0.000000,41,0,0.000000,held_out_character
GLM-4-9B-1M,5,1,KU,Knowledge Updating,0.157895,19,0,0.000000,held_out_character
GLM-4-9B-1M,5,1,MA,Memory Arbitration,0.100000,15,0,0.000000,held_out_character
GLM-4-9B-1M,5,2,IE,Information Extraction,0.163934,61,0,0.000000,held_out_character
GLM-4-9B-1M,5,2,MSR,Multi-session Reasoning,0.094828,58,0,0.000000,held_out_character
GLM-4-9B-1M,5,2,ES,Event Summarization,0.009615,52,1,0.019231,held_out_character
GLM-4-9B-1M,5,2,TR,Temporal Reasoning,0.090909,44,0,0.000000,held_out_character
GLM-4-9B-1M,5,2,KU,Knowledge Updating,0.230769,13,0,0.000000,held_out_character
GLM-4-9B-1M,5,2,MA,Memory Arbitration,0.166667,6,0,0.000000,held_out_character
GLM-4-9B-1M,5,3,IE,Information Extraction,0.192982,57,0,0.000000,held_out_character
GLM-4-9B-1M,5,3,MSR,Multi-session Reasoning,0.035088,57,0,0.000000,held_out_character
GLM-4-9B-1M,5,3,ES,Event Summarization,0.000000,50,3,0.060000,held_out_character
GLM-4-9B-1M,5,3,TR,Temporal Reasoning,0.055556,36,0,0.000000,held_out_character
GLM-4-9B-1M,5,3,KU,Knowledge Updating,0.357143,14,0,0.000000,held_out_character
GLM-4-9B-1M,5,3,MA,Memory Arbitration,0.076923,13,0,0.000000,held_out_character
GLM-4-9B-1M,5,4,IE,Information Extraction,0.250000,60,0,0.000000,held_out_character
GLM-4-9B-1M,5,4,MSR,Multi-session Reasoning,0.110169,59,0,0.000000,held_out_character
GLM-4-9B-1M,5,4,ES,Event Summarization,0.000000,54,1,0.018519,held_out_character
GLM-4-9B-1M,5,4,TR,Temporal Reasoning,0.054054,37,0,0.000000,held_out_character
GLM-4-9B-1M,5,4,KU,Knowledge Updating,0.200000,10,0,0.000000,held_out_character
GLM-4-9B-1M,5,4,MA,Memory Arbitration,0.166667,6,0,0.000000,held_out_character
GLM-4-9B-1M,5,5,IE,Information Extraction,0.396552,58,0,0.000000,held_out_character
GLM-4-9B-1M,5,5,MSR,Multi-session Reasoning,0.169492,59,0,0.000000,held_out_character
GLM-4-9B-1M,5,5,ES,Event Summarization,0.000000,50,2,0.040000,held_out_character
GLM-4-9B-1M,5,5,TR,Temporal Reasoning,0.102564,39,0,0.000000,held_out_character
GLM-4-9B-1M,5,5,KU,Knowledge Updating,0.642857,14,0,0.000000,held_out_character
GLM-4-9B-1M,5,5,MA,Memory Arbitration,0.000000,9,0,0.000000,held_out_character
GLM-4-9B-1M,6,1,IE,Information Extraction,0.245614,57,0,0.000000,held_out_character
GLM-4-9B-1M,6,1,MSR,Multi-session Reasoning,0.098214,56,0,0.000000,held_out_character
GLM-4-9B-1M,6,1,ES,Event Summarization,0.020833,48,0,0.000000,held_out_character
GLM-4-9B-1M,6,1,TR,Temporal Reasoning,0.048780,41,0,0.000000,held_out_character
GLM-4-9B-1M,6,1,KU,Knowledge Updating,0.105263,19,0,0.000000,held_out_character
GLM-4-9B-1M,6,1,MA,Memory Arbitration,0.066667,15,0,0.000000,held_out_character
GLM-4-9B-1M,6,2,IE,Information Extraction,0.147541,61,0,0.000000,held_out_character
GLM-4-9B-1M,6,2,MSR,Multi-session Reasoning,0.077586,58,0,0.000000,held_out_character
GLM-4-9B-1M,6,2,ES,Event Summarization,0.009615,52,0,0.000000,held_out_character
GLM-4-9B-1M,6,2,TR,Temporal Reasoning,0.090909,44,0,0.000000,held_out_character
GLM-4-9B-1M,6,2,KU,Knowledge Updating,0.230769,13,0,0.000000,held_out_character
GLM-4-9B-1M,6,2,MA,Memory Arbitration,0.000000,6,0,0.000000,held_out_character
GLM-4-9B-1M,6,3,IE,Information Extraction,0.228070,57,0,0.000000,held_out_character
GLM-4-9B-1M,6,3,MSR,Multi-session Reasoning,0.096491,57,0,0.000000,held_out_character
GLM-4-9B-1M,6,3,ES,Event Summarization,0.010000,50,0,0.000000,held_out_character
GLM-4-9B-1M,6,3,TR,Temporal Reasoning,0.055556,36,0,0.000000,held_out_character
GLM-4-9B-1M,6,3,KU,Knowledge Updating,0.500000,14,0,0.000000,held_out_character
GLM-4-9B-1M,6,3,MA,Memory Arbitration,0.038462,13,2,0.153846,held_out_character
GLM-4-9B-1M,6,4,IE,Information Extraction,0.166667,60,0,0.000000,held_out_character
GLM-4-9B-1M,6,4,MSR,Multi-session Reasoning,0.084746,59,0,0.000000,held_out_character
GLM-4-9B-1M,6,4,ES,Event Summarization,0.000000,54,0,0.000000,held_out_character
GLM-4-9B-1M,6,4,TR,Temporal Reasoning,0.081081,37,0,0.000000,held_out_character
GLM-4-9B-1M,6,4,KU,Knowledge Updating,0.100000,10,0,0.000000,held_out_character
GLM-4-9B-1M,6,4,MA,Memory Arbitration,0.083333,6,0,0.000000,held_out_character
GLM-4-9B-1M,6,5,IE,Information Extraction,0.224138,58,0,0.000000,held_out_character
GLM-4-9B-1M,6,5,MSR,Multi-session Reasoning,0.144068,59,0,0.000000,held_out_character
GLM-4-9B-1M,6,5,ES,Event Summarization,0.000000,50,0,0.000000,held_out_character
GLM-4-9B-1M,6,5,TR,Temporal Reasoning,0.000000,39,0,0.000000,held_out_character
GLM-4-9B-1M,6,5,KU,Knowledge Updating,0.142857,14,0,0.000000,held_out_character
GLM-4-9B-1M,6,5,MA,Memory Arbitration,0.000000,9,0,0.000000,held_out_character
GLM-4-9B-1M,6,6,IE,Information Extraction,0.440678,59,0,0.000000,held_out_character
GLM-4-9B-1M,6,6,MSR,Multi-session Reasoning,0.166667,57,0,0.000000,held_out_character
GLM-4-9B-1M,6,6,ES,Event Summarization,0.000000,51,0,0.000000,held_out_character
GLM-4-9B-1M,6,6,TR,Temporal Reasoning,0.088235,34,0,0.000000,held_out_character
GLM-4-9B-1M,6,6,KU,Knowledge Updating,0.210526,19,0,0.000000,held_out_character
GLM-4-9B-1M,6,6,MA,Memory Arbitration,0.100000,15,0,0.000000,held_out_character
GLM-4-9B-1M,7,1,IE,Information Extraction,0.245614,57,0,0.000000,held_out_character
GLM-4-9B-1M,7,1,MSR,Multi-session Reasoning,0.080357,56,0,0.000000,held_out_character
GLM-4-9B-1M,7,1,ES,Event Summarization,0.000000,48,1,0.020833,held_out_character
GLM-4-9B-1M,7,1,TR,Temporal Reasoning,0.000000,41,0,0.000000,held_out_character
GLM-4-9B-1M,7,1,KU,Knowledge Updating,0.105263,19,0,0.000000,held_out_character
GLM-4-9B-1M,7,1,MA,Memory Arbitration,0.033333,15,0,0.000000,held_out_character
GLM-4-9B-1M,7,2,IE,Information Extraction,0.147541,61,0,0.000000,held_out_character
GLM-4-9B-1M,7,2,MSR,Multi-session Reasoning,0.060345,58,0,0.000000,held_out_character
GLM-4-9B-1M,7,2,ES,Event Summarization,0.009615,52,3,0.057692,held_out_character
GLM-4-9B-1M,7,2,TR,Temporal Reasoning,0.068182,44,0,0.000000,held_out_character
GLM-4-9B-1M,7,2,KU,Knowledge Updating,0.153846,13,0,0.000000,held_out_character
GLM-4-9B-1M,7,2,MA,Memory Arbitration,0.166667,6,0,0.000000,held_out_character
GLM-4-9B-1M,7,3,IE,Information Extraction,0.192982,57,0,0.000000,held_out_character
GLM-4-9B-1M,7,3,MSR,Multi-session Reasoning,0.026316,57,0,0.000000,held_out_character
GLM-4-9B-1M,7,3,ES,Event Summarization,0.010000,50,2,0.040000,held_out_character
GLM-4-9B-1M,7,3,TR,Temporal Reasoning,0.027778,36,0,0.000000,held_out_character
GLM-4-9B-1M,7,3,KU,Knowledge Updating,0.214286,14,0,0.000000,held_out_character
GLM-4-9B-1M,7,3,MA,Memory Arbitration,0.153846,13,0,0.000000,held_out_character
GLM-4-9B-1M,7,4,IE,Information Extraction,0.133333,60,0,0.000000,held_out_character
GLM-4-9B-1M,7,4,MSR,Multi-session Reasoning,0.118644,59,0,0.000000,held_out_character
GLM-4-9B-1M,7,4,ES,Event Summarization,0.000000,54,0,0.000000,held_out_character
GLM-4-9B-1M,7,4,TR,Temporal Reasoning,0.108108,37,0,0.000000,held_out_character
GLM-4-9B-1M,7,4,KU,Knowledge Updating,0.200000,10,0,0.000000,held_out_character
GLM-4-9B-1M,7,4,MA,Memory Arbitration,0.166667,6,0,0.000000,held_out_character
GLM-4-9B-1M,7,5,IE,Information Extraction,0.172414,58,0,0.000000,held_out_character
GLM-4-9B-1M,7,5,MSR,Multi-session Reasoning,0.067797,59,0,0.000000,held_out_character
GLM-4-9B-1M,7,5,ES,Event Summarization,0.010000,50,1,0.020000,held_out_character
GLM-4-9B-1M,7,5,TR,Temporal Reasoning,0.000000,39,0,0.000000,held_out_character
GLM-4-9B-1M,7,5,KU,Knowledge Updating,0.071429,14,0,0.000000,held_out_character
GLM-4-9B-1M,7,5,MA,Memory Arbitration,0.000000,9,1,0.111111,held_out_character
GLM-4-9B-1M,7,6,IE,Information Extraction,0.288136,59,0,0.000000,held_out_character
GLM-4-9B-1M,7,6,MSR,Multi-session Reasoning,0.131579,57,0,0.000000,held_out_character
GLM-4-9B-1M,7,6,ES,Event Summarization,0.019608,51,1,0.019608,held_out_character
GLM-4-9B-1M,7,6,TR,Temporal Reasoning,0.029412,34,0,0.000000,held_out_character
GLM-4-9B-1M,7,6,KU,Knowledge Updating,0.052632,19,0,0.000000,held_out_character
GLM-4-9B-1M,7,6,MA,Memory Arbitration,0.100000,15,0,0.000000,held_out_character
GLM-4-9B-1M,7,7,IE,Information Extraction,0.490909,55,0,0.000000,held_out_character
GLM-4-9B-1M,7,7,MSR,Multi-session Reasoning,0.181034,58,0,0.000000,held_out_character
GLM-4-9B-1M,7,7,ES,Event Summarization,0.031250,48,1,0.020833,held_out_character
GLM-4-9B-1M,7,7,TR,Temporal Reasoning,0.027027,37,0,0.000000,held_out_character
GLM-4-9B-1M,7,7,KU,Knowledge Updating,0.238095,21,0,0.000000,held_out_character
GLM-4-9B-1M,7,7,MA,Memory Arbitration,0.083333,24,0,0.000000,held_out_character
GLM-4-9B-1M,8,1,IE,Information Extraction,0.228070,57,0,0.000000,held_out_character
GLM-4-9B-1M,8,1,MSR,Multi-session Reasoning,0.071429,56,0,0.000000,held_out_character
GLM-4-9B-1M,8,1,ES,Event Summarization,0.000000,48,1,0.020833,held_out_character
GLM-4-9B-1M,8,1,TR,Temporal Reasoning,0.024390,41,0,0.000000,held_out_character
GLM-4-9B-1M,8,1,KU,Knowledge Updating,0.000000,19,0,0.000000,held_out_character
GLM-4-9B-1M,8,1,MA,Memory Arbitration,0.100000,15,0,0.000000,held_out_character
GLM-4-9B-1M,8,2,IE,Information Extraction,0.245902,61,0,0.000000,held_out_character
GLM-4-9B-1M,8,2,MSR,Multi-session Reasoning,0.086207,58,1,0.017241,held_out_character
GLM-4-9B-1M,8,2,ES,Event Summarization,0.009615,52,1,0.019231,held_out_character
GLM-4-9B-1M,8,2,TR,Temporal Reasoning,0.068182,44,0,0.000000,held_out_character
GLM-4-9B-1M,8,2,KU,Knowledge Updating,0.230769,13,0,0.000000,held_out_character
GLM-4-9B-1M,8,2,MA,Memory Arbitration,0.000000,6,0,0.000000,held_out_character
GLM-4-9B-1M,8,3,IE,Information Extraction,0.263158,57,0,0.000000,held_out_character
GLM-4-9B-1M,8,3,MSR,Multi-session Reasoning,0.061404,57,0,0.000000,held_out_character
GLM-4-9B-1M,8,3,ES,Event Summarization,0.000000,50,2,0.040000,held_out_character
GLM-4-9B-1M,8,3,TR,Temporal Reasoning,0.000000,36,0,0.000000,held_out_character
GLM-4-9B-1M,8,3,KU,Knowledge Updating,0.214286,14,0,0.000000,held_out_character
GLM-4-9B-1M,8,3,MA,Memory Arbitration,0.000000,13,0,0.000000,held_out_character
GLM-4-9B-1M,8,4,IE,Information Extraction,0.166667,60,0,0.000000,held_out_character
GLM-4-9B-1M,8,4,MSR,Multi-session Reasoning,0.076271,59,1,0.016949,held_out_character
GLM-4-9B-1M,8,4,ES,Event Summarization,0.000000,54,3,0.055556,held_out_character
GLM-4-9B-1M,8,4,TR,Temporal Reasoning,0.108108,37,0,0.000000,held_out_character
GLM-4-9B-1M,8,4,KU,Knowledge Updating,0.000000,10,0,0.000000,held_out_character
GLM-4-9B-1M,8,4,MA,Memory Arbitration,0.166667,6,0,0.000000,held_out_character
GLM-4-9B-1M,8,5,IE,Information Extraction,0.137931,58,0,0.000000,held_out_character
GLM-4-9B-1M,8,5,MSR,Multi-session Reasoning,0.025424,59,0,0.000000,held_out_character
GLM-4-9B-1M,8,5,ES,Event Summarization,0.000000,50,2,0.040000,held_out_character
GLM-4-9B-1M,8,5,TR,Temporal Reasoning,0.051282,39,0,0.000000,held_out_character
GLM-4-9B-1M,8,5,KU,Knowledge Updating,0.142857,14,1,0.071429,held_out_character
GLM-4-9B-1M,8,5,MA,Memory Arbitration,0.055556,9,0,0.000000,held_out_character
GLM-4-9B-1M,8,6,IE,Information Extraction,0.305085,59,0,0.000000,held_out_character
GLM-4-9B-1M,8,6,MSR,Multi-session Reasoning,0.078947,57,0,0.000000,held_out_character
GLM-4-9B-1M,8,6,ES,Event Summarization,0.009804,51,0,0.000000,held_out_character
GLM-4-9B-1M,8,6,TR,Temporal Reasoning,0.029412,34,0,0.000000,held_out_character
GLM-4-9B-1M,8,6,KU,Knowledge Updating,0.052632,19,0,0.000000,held_out_character
GLM-4-9B-1M,8,6,MA,Memory Arbitration,0.033333,15,0,0.000000,held_out_character
GLM-4-9B-1M,8,7,IE,Information Extraction,0.436364,55,0,0.000000,held_out_character
GLM-4-9B-1M,8,7,MSR,Multi-session Reasoning,0.137931,58,0,0.000000,held_out_character
GLM-4-9B-1M,8,7,ES,Event Summarization,0.000000,48,0,0.000000,held_out_character
GLM-4-9B-1M,8,7,TR,Temporal Reasoning,0.027027,37,0,0.000000,held_out_character
GLM-4-9B-1M,8,7,KU,Knowledge Updating,0.095238,21,1,0.047619,held_out_character
GLM-4-9B-1M,8,7,MA,Memory Arbitration,0.166667,24,0,0.000000,held_out_character
GLM-4-9B-1M,8,8,IE,Information Extraction,0.338983,59,0,0.000000,held_out_character
GLM-4-9B-1M,8,8,MSR,Multi-session Reasoning,0.107143,56,1,0.017857,held_out_character
GLM-4-9B-1M,8,8,ES,Event Summarization,0.000000,49,0,0.000000,held_out_character
GLM-4-9B-1M,8,8,TR,Temporal Reasoning,0.052632,38,0,0.000000,held_out_character
GLM-4-9B-1M,8,8,KU,Knowledge Updating,0.294118,17,0,0.000000,held_out_character
GLM-4-9B-1M,8,8,MA,Memory Arbitration,0.055556,9,0,0.000000,held_out_character
GLM-4-9B-1M,9,1,IE,Information Extraction,0.315789,57,0,0.000000,held_out_character
GLM-4-9B-1M,9,1,MSR,Multi-session Reasoning,0.044643,56,1,0.017857,held_out_character
GLM-4-9B-1M,9,1,ES,Event Summarization,0.000000,48,1,0.020833,held_out_character
GLM-4-9B-1M,9,1,TR,Temporal Reasoning,0.048780,41,0,0.000000,held_out_character
GLM-4-9B-1M,9,1,KU,Knowledge Updating,0.105263,19,0,0.000000,held_out_character
GLM-4-9B-1M,9,1,MA,Memory Arbitration,0.066667,15,0,0.000000,held_out_character
GLM-4-9B-1M,9,2,IE,Information Extraction,0.196721,61,0,0.000000,held_out_character
GLM-4-9B-1M,9,2,MSR,Multi-session Reasoning,0.077586,58,1,0.017241,held_out_character
GLM-4-9B-1M,9,2,ES,Event Summarization,0.028846,52,0,0.000000,held_out_character
GLM-4-9B-1M,9,2,TR,Temporal Reasoning,0.113636,44,0,0.000000,held_out_character
GLM-4-9B-1M,9,2,KU,Knowledge Updating,0.307692,13,0,0.000000,held_out_character
GLM-4-9B-1M,9,2,MA,Memory Arbitration,0.166667,6,0,0.000000,held_out_character
GLM-4-9B-1M,9,3,IE,Information Extraction,0.140351,57,0,0.000000,held_out_character
GLM-4-9B-1M,9,3,MSR,Multi-session Reasoning,0.043860,57,0,0.000000,held_out_character
GLM-4-9B-1M,9,3,ES,Event Summarization,0.020000,50,1,0.020000,held_out_character
GLM-4-9B-1M,9,3,TR,Temporal Reasoning,0.055556,36,0,0.000000,held_out_character
GLM-4-9B-1M,9,3,KU,Knowledge Updating,0.357143,14,0,0.000000,held_out_character
GLM-4-9B-1M,9,3,MA,Memory Arbitration,0.115385,13,0,0.000000,held_out_character
GLM-4-9B-1M,9,4,IE,Information Extraction,0.150000,60,0,0.000000,held_out_character
GLM-4-9B-1M,9,4,MSR,Multi-session Reasoning,0.067797,59,1,0.016949,held_out_character
GLM-4-9B-1M,9,4,ES,Event Summarization,0.009259,54,0,0.000000,held_out_character
GLM-4-9B-1M,9,4,TR,Temporal Reasoning,0.027027,37,0,0.000000,held_out_character
GLM-4-9B-1M,9,4,KU,Knowledge Updating,0.000000,10,0,0.000000,held_out_character
GLM-4-9B-1M,9,4,MA,Memory Arbitration,0.083333,6,0,0.000000,held_out_character
GLM-4-9B-1M,9,5,IE,Information Extraction,0.086207,58,0,0.000000,held_out_character
GLM-4-9B-1M,9,5,MSR,Multi-session Reasoning,0.076271,59,0,0.000000,held_out_character
GLM-4-9B-1M,9,5,ES,Event Summarization,0.020000,50,1,0.020000,held_out_character
GLM-4-9B-1M,9,5,TR,Temporal Reasoning,0.051282,39,0,0.000000,held_out_character
GLM-4-9B-1M,9,5,KU,Knowledge Updating,0.357143,14,0,0.000000,held_out_character
GLM-4-9B-1M,9,5,MA,Memory Arbitration,0.000000,9,0,0.000000,held_out_character
GLM-4-9B-1M,9,6,IE,Information Extraction,0.220339,59,0,0.000000,held_out_character
GLM-4-9B-1M,9,6,MSR,Multi-session Reasoning,0.114035,57,0,0.000000,held_out_character
GLM-4-9B-1M,9,6,ES,Event Summarization,0.049020,51,1,0.019608,held_out_character
GLM-4-9B-1M,9,6,TR,Temporal Reasoning,0.029412,34,0,0.000000,held_out_character
GLM-4-9B-1M,9,6,KU,Knowledge Updating,0.052632,19,0,0.000000,held_out_character
GLM-4-9B-1M,9,6,MA,Memory Arbitration,0.066667,15,0,0.000000,held_out_character
GLM-4-9B-1M,9,7,IE,Information Extraction,0.272727,55,0,0.000000,held_out_character
GLM-4-9B-1M,9,7,MSR,Multi-session Reasoning,0.112069,58,0,0.000000,held_out_character
GLM-4-9B-1M,9,7,ES,Event Summarization,0.000000,48,2,0.041667,held_out_character
GLM-4-9B-1M,9,7,TR,Temporal Reasoning,0.054054,37,0,0.000000,held_out_character
GLM-4-9B-1M,9,7,KU,Knowledge Updating,0.047619,21,0,0.000000,held_out_character
GLM-4-9B-1M,9,7,MA,Memory Arbitration,0.062500,24,0,0.000000,held_out_character
GLM-4-9B-1M,9,8,IE,Information Extraction,0.220339,59,0,0.000000,held_out_character
GLM-4-9B-1M,9,8,MSR,Multi-session Reasoning,0.026786,56,0,0.000000,held_out_character
GLM-4-9B-1M,9,8,ES,Event Summarization,0.010204,49,0,0.000000,held_out_character
GLM-4-9B-1M,9,8,TR,Temporal Reasoning,0.052632,38,0,0.000000,held_out_character
GLM-4-9B-1M,9,8,KU,Knowledge Updating,0.235294,17,0,0.000000,held_out_character
GLM-4-9B-1M,9,8,MA,Memory Arbitration,0.111111,9,0,0.000000,held_out_character
GLM-4-9B-1M,9,9,IE,Information Extraction,0.310345,58,0,0.000000,held_out_character
GLM-4-9B-1M,9,9,MSR,Multi-session Reasoning,0.149123,57,0,0.000000,held_out_character
GLM-4-9B-1M,9,9,ES,Event Summarization,0.009259,54,1,0.018519,held_out_character
GLM-4-9B-1M,9,9,TR,Temporal Reasoning,0.190476,42,0,0.000000,held_out_character
GLM-4-9B-1M,9,9,KU,Knowledge Updating,0.250000,12,0,0.000000,held_out_character
GLM-4-9B-1M,9,9,MA,Memory Arbitration,0.100000,10,0,0.000000,held_out_character
GLM-4-9B-1M,10,1,IE,Information Extraction,0.228070,57,0,0.000000,held_out_character
GLM-4-9B-1M,10,1,MSR,Multi-session Reasoning,0.062500,56,0,0.000000,held_out_character
GLM-4-9B-1M,10,1,ES,Event Summarization,0.010417,48,2,0.041667,held_out_character
GLM-4-9B-1M,10,1,TR,Temporal Reasoning,0.000000,41,0,0.000000,held_out_character
GLM-4-9B-1M,10,1,KU,Knowledge Updating,0.052632,19,0,0.000000,held_out_character
GLM-4-9B-1M,10,1,MA,Memory Arbitration,0.100000,15,0,0.000000,held_out_character
GLM-4-9B-1M,10,2,IE,Information Extraction,0.213115,61,0,0.000000,held_out_character
GLM-4-9B-1M,10,2,MSR,Multi-session Reasoning,0.068966,58,1,0.017241,held_out_character
GLM-4-9B-1M,10,2,ES,Event Summarization,0.019231,52,2,0.038462,held_out_character
GLM-4-9B-1M,10,2,TR,Temporal Reasoning,0.068182,44,0,0.000000,held_out_character
GLM-4-9B-1M,10,2,KU,Knowledge Updating,0.384615,13,0,0.000000,held_out_character
GLM-4-9B-1M,10,2,MA,Memory Arbitration,0.000000,6,0,0.000000,held_out_character
GLM-4-9B-1M,10,3,IE,Information Extraction,0.192982,57,0,0.000000,held_out_character
GLM-4-9B-1M,10,3,MSR,Multi-session Reasoning,0.070175,57,0,0.000000,held_out_character
GLM-4-9B-1M,10,3,ES,Event Summarization,0.020000,50,0,0.000000,held_out_character
GLM-4-9B-1M,10,3,TR,Temporal Reasoning,0.027778,36,0,0.000000,held_out_character
GLM-4-9B-1M,10,3,KU,Knowledge Updating,0.285714,14,0,0.000000,held_out_character
GLM-4-9B-1M,10,3,MA,Memory Arbitration,0.038462,13,0,0.000000,held_out_character
GLM-4-9B-1M,10,4,IE,Information Extraction,0.150000,60,0,0.000000,held_out_character
GLM-4-9B-1M,10,4,MSR,Multi-session Reasoning,0.067797,59,0,0.000000,held_out_character
GLM-4-9B-1M,10,4,ES,Event Summarization,0.000000,54,1,0.018519,held_out_character
GLM-4-9B-1M,10,4,TR,Temporal Reasoning,0.081081,37,0,0.000000,held_out_character
GLM-4-9B-1M,10,4,KU,Knowledge Updating,0.000000,10,0,0.000000,held_out_character
GLM-4-9B-1M,10,4,MA,Memory Arbitration,0.166667,6,0,0.000000,held_out_character
GLM-4-9B-1M,10,5,IE,Information Extraction,0.086207,58,0,0.000000,held_out_character
GLM-4-9B-1M,10,5,MSR,Multi-session Reasoning,0.118644,59,0,0.000000,held_out_character
GLM-4-9B-1M,10,5,ES,Event Summarization,0.030000,50,0,0.000000,held_out_character
GLM-4-9B-1M,10,5,TR,Temporal Reasoning,0.076923,39,0,0.000000,held_out_character
GLM-4-9B-1M,10,5,KU,Knowledge Updating,0.214286,14,0,0.000000,held_out_character
GLM-4-9B-1M,10,5,MA,Memory Arbitration,0.055556,9,1,0.111111,held_out_character
GLM-4-9B-1M,10,6,IE,Information Extraction,0.220339,59,1,0.016949,held_out_character
GLM-4-9B-1M,10,6,MSR,Multi-session Reasoning,0.096491,57,0,0.000000,held_out_character
GLM-4-9B-1M,10,6,ES,Event Summarization,0.009804,51,0,0.000000,held_out_character
GLM-4-9B-1M,10,6,TR,Temporal Reasoning,0.029412,34,0,0.000000,held_out_character
GLM-4-9B-1M,10,6,KU,Knowledge Updating,0.000000,19,0,0.000000,held_out_character
GLM-4-9B-1M,10,6,MA,Memory Arbitration,0.033333,15,0,0.000000,held_out_character
GLM-4-9B-1M,10,7,IE,Information Extraction,0.200000,55,0,0.000000,held_out_character
GLM-4-9B-1M,10,7,MSR,Multi-session Reasoning,0.077586,58,1,0.017241,held_out_character
GLM-4-9B-1M,10,7,ES,Event Summarization,0.020833,48,2,0.041667,held_out_character
GLM-4-9B-1M,10,7,TR,Temporal Reasoning,0.027027,37,0,0.000000,held_out_character
GLM-4-9B-1M,10,7,KU,Knowledge Updating,0.142857,21,0,0.000000,held_out_character
GLM-4-9B-1M,10,7,MA,Memory Arbitration,0.020833,24,0,0.000000,held_out_character
GLM-4-9B-1M,10,8,IE,Information Extraction,0.271186,59,0,0.000000,held_out_character
GLM-4-9B-1M,10,8,MSR,Multi-session Reasoning,0.107143,56,0,0.000000,held_out_character
GLM-4-9B-1M,10,8,ES,Event Summarization,0.000000,49,0,0.000000,held_out_character
GLM-4-9B-1M,10,8,TR,Temporal Reasoning,0.131579,38,0,0.000000,held_out_character
GLM-4-9B-1M,10,8,KU,Knowledge Updating,0.058824,17,0,0.000000,held_out_character
GLM-4-9B-1M,10,8,MA,Memory Arbitration,0.000000,9,0,0.000000,held_out_character
GLM-4-9B-1M,10,9,IE,Information Extraction,0.224138,58,0,0.000000,held_out_character
GLM-4-9B-1M,10,9,MSR,Multi-session Reasoning,0.105263,57,3,0.052632,held_out_character
GLM-4-9B-1M,10,9,ES,Event Summarization,0.009259,54,0,0.000000,held_out_character
GLM-4-9B-1M,10,9,TR,Temporal Reasoning,0.071429,42,0,0.000000,held_out_character
GLM-4-9B-1M,10,9,KU,Knowledge Updating,0.166667,12,0,0.000000,held_out_character
GLM-4-9B-1M,10,9,MA,Memory Arbitration,0.300000,10,0,0.000000,held_out_character
GLM-4-9B-1M,10,10,IE,Information Extraction,0.355932,59,0,0.000000,held_out_character
GLM-4-9B-1M,10,10,MSR,Multi-session Reasoning,0.175000,60,0,0.000000,held_out_character
GLM-4-9B-1M,10,10,ES,Event Summarization,0.028846,52,0,0.000000,held_out_character
GLM-4-9B-1M,10,10,TR,Temporal Reasoning,0.075000,40,0,0.000000,held_out_character
GLM-4-9B-1M,10,10,KU,Knowledge Updating,0.066667,15,0,0.000000,held_out_character
GLM-4-9B-1M,10,10,MA,Memory Arbitration,0.115385,13,0,0.000000,held_out_character
GLM-4-9B-1M,1,1,IE,Information Extraction,0.638655,238,0,0.000000,supervised_character
GLM-4-9B-1M,1,1,MSR,Multi-session Reasoning,0.133475,236,4,0.016949,supervised_character
GLM-4-9B-1M,1,1,ES,Event Summarization,0.011905,210,7,0.033333,supervised_character
GLM-4-9B-1M,1,1,TR,Temporal Reasoning,0.098592,142,0,0.000000,supervised_character
GLM-4-9B-1M,1,1,KU,Knowledge Updating,0.229508,61,0,0.000000,supervised_character
GLM-4-9B-1M,1,1,MA,Memory Arbitration,0.184211,57,2,0.035088,supervised_character
GLM-4-9B-1M,2,1,IE,Information Extraction,0.315126,238,0,0.000000,supervised_character
GLM-4-9B-1M,2,1,MSR,Multi-session Reasoning,0.076271,236,1,0.004237,supervised_character
GLM-4-9B-1M,2,1,ES,Event Summarization,0.007143,210,3,0.014286,supervised_character
GLM-4-9B-1M,2,1,TR,Temporal Reasoning,0.070423,142,0,0.000000,supervised_character
GLM-4-9B-1M,2,1,KU,Knowledge Updating,0.147541,61,0,0.000000,supervised_character
GLM-4-9B-1M,2,1,MA,Memory Arbitration,0.105263,57,2,0.035088,supervised_character
GLM-4-9B-1M,2,2,IE,Information Extraction,0.597458,236,0,0.000000,supervised_character
GLM-4-9B-1M,2,2,MSR,Multi-session Reasoning,0.116883,231,2,0.008658,supervised_character
GLM-4-9B-1M,2,2,ES,Event Summarization,0.002463,203,10,0.049261,supervised_character
GLM-4-9B-1M,2,2,TR,Temporal Reasoning,0.164773,176,0,0.000000,supervised_character
GLM-4-9B-1M,2,2,KU,Knowledge Updating,0.259259,54,0,0.000000,supervised_character
GLM-4-9B-1M,2,2,MA,Memory Arbitration,0.152778,36,1,0.027778,supervised_character
GLM-4-9B-1M,3,1,IE,Information Extraction,0.273109,238,0,0.000000,supervised_character
GLM-4-9B-1M,3,1,MSR,Multi-session Reasoning,0.099576,236,4,0.016949,supervised_character
GLM-4-9B-1M,3,1,ES,Event Summarization,0.002381,210,16,0.076190,supervised_character
GLM-4-9B-1M,3,1,TR,Temporal Reasoning,0.056338,142,0,0.000000,supervised_character
GLM-4-9B-1M,3,1,KU,Knowledge Updating,0.098361,61,0,0.000000,supervised_character
GLM-4-9B-1M,3,1,MA,Memory Arbitration,0.096491,57,4,0.070175,supervised_character
GLM-4-9B-1M,3,2,IE,Information Extraction,0.381356,236,0,0.000000,supervised_character
GLM-4-9B-1M,3,2,MSR,Multi-session Reasoning,0.093074,231,3,0.012987,supervised_character
GLM-4-9B-1M,3,2,ES,Event Summarization,0.002463,203,15,0.073892,supervised_character
GLM-4-9B-1M,3,2,TR,Temporal Reasoning,0.062500,176,0,0.000000,supervised_character
GLM-4-9B-1M,3,2,KU,Knowledge Updating,0.166667,54,0,0.000000,supervised_character
GLM-4-9B-1M,3,2,MA,Memory Arbitration,0.069444,36,2,0.055556,supervised_character
GLM-4-9B-1M,3,3,IE,Information Extraction,0.604348,230,0,0.000000,supervised_character
GLM-4-9B-1M,3,3,MSR,Multi-session Reasoning,0.123932,234,1,0.004274,supervised_character
GLM-4-9B-1M,3,3,ES,Event Summarization,0.012077,207,11,0.053140,supervised_character
GLM-4-9B-1M,3,3,TR,Temporal Reasoning,0.186335,161,0,0.000000,supervised_character
GLM-4-9B-1M,3,3,KU,Knowledge Updating,0.369231,65,0,0.000000,supervised_character
GLM-4-9B-1M,3,3,MA,Memory Arbitration,0.037037,54,0,0.000000,supervised_character
GLM-4-9B-1M,4,1,IE,Information Extraction,0.210084,238,0,0.000000,supervised_character
GLM-4-9B-1M,4,1,MSR,Multi-session Reasoning,0.080508,236,4,0.016949,supervised_character
GLM-4-9B-1M,4,1,ES,Event Summarization,0.007143,210,7,0.033333,supervised_character
GLM-4-9B-1M,4,1,TR,Temporal Reasoning,0.049296,142,0,0.000000,supervised_character
GLM-4-9B-1M,4,1,KU,Knowledge Updating,0.081967,61,0,0.000000,supervised_character
GLM-4-9B-1M,4,1,MA,Memory Arbitration,0.096491,57,2,0.035088,supervised_character
GLM-4-9B-1M,4,2,IE,Information Extraction,0.305085,236,0,0.000000,supervised_character
GLM-4-9B-1M,4,2,MSR,Multi-session Reasoning,0.075758,231,1,0.004329,supervised_character
GLM-4-9B-1M,4,2,ES,Event Summarization,0.000000,203,3,0.014778,supervised_character
GLM-4-9B-1M,4,2,TR,Temporal Reasoning,0.022727,176,0,0.000000,supervised_character
GLM-4-9B-1M,4,2,KU,Knowledge Updating,0.148148,54,0,0.000000,supervised_character
GLM-4-9B-1M,4,2,MA,Memory Arbitration,0.097222,36,1,0.027778,supervised_character
GLM-4-9B-1M,4,3,IE,Information Extraction,0.386957,230,0,0.000000,supervised_character
GLM-4-9B-1M,4,3,MSR,Multi-session Reasoning,0.098291,234,1,0.004274,supervised_character
GLM-4-9B-1M,4,3,ES,Event Summarization,0.014493,207,3,0.014493,supervised_character
GLM-4-9B-1M,4,3,TR,Temporal Reasoning,0.068323,161,0,0.000000,supervised_character
GLM-4-9B-1M,4,3,KU,Knowledge Updating,0.153846,65,0,0.000000,supervised_character
GLM-4-9B-1M,4,3,MA,Memory Arbitration,0.064815,54,1,0.018519,supervised_character
GLM-4-9B-1M,4,4,IE,Information Extraction,0.588745,231,0,0.000000,supervised_character
GLM-4-9B-1M,4,4,MSR,Multi-session Reasoning,0.165217,230,2,0.008696,supervised_character
GLM-4-9B-1M,4,4,ES,Event Summarization,0.007500,200,4,0.020000,supervised_character
GLM-4-9B-1M,4,4,TR,Temporal Reasoning,0.133333,165,0,0.000000,supervised_character
GLM-4-9B-1M,4,4,KU,Knowledge Updating,0.394366,71,1,0.014085,supervised_character
GLM-4-9B-1M,4,4,MA,Memory Arbitration,0.078125,64,1,0.015625,supervised_character
GLM-4-9B-1M,5,1,IE,Information Extraction,0.201681,238,0,0.000000,supervised_character
GLM-4-9B-1M,5,1,MSR,Multi-session Reasoning,0.078390,236,2,0.008475,supervised_character
GLM-4-9B-1M,5,1,ES,Event Summarization,0.014286,210,2,0.009524,supervised_character
GLM-4-9B-1M,5,1,TR,Temporal Reasoning,0.042254,142,0,0.000000,supervised_character
GLM-4-9B-1M,5,1,KU,Knowledge Updating,0.098361,61,1,0.016393,supervised_character
GLM-4-9B-1M,5,1,MA,Memory Arbitration,0.070175,57,1,0.017544,supervised_character
GLM-4-9B-1M,5,2,IE,Information Extraction,0.279661,236,0,0.000000,supervised_character
GLM-4-9B-1M,5,2,MSR,Multi-session Reasoning,0.088745,231,1,0.004329,supervised_character
GLM-4-9B-1M,5,2,ES,Event Summarization,0.004926,203,3,0.014778,supervised_character
GLM-4-9B-1M,5,2,TR,Temporal Reasoning,0.039773,176,0,0.000000,supervised_character
GLM-4-9B-1M,5,2,KU,Knowledge Updating,0.166667,54,0,0.000000,supervised_character
GLM-4-9B-1M,5,2,MA,Memory Arbitration,0.152778,36,1,0.027778,supervised_character
GLM-4-9B-1M,5,3,IE,Information Extraction,0.300000,230,0,0.000000,supervised_character
GLM-4-9B-1M,5,3,MSR,Multi-session Reasoning,0.094017,234,0,0.000000,supervised_character
GLM-4-9B-1M,5,3,ES,Event Summarization,0.012077,207,1,0.004831,supervised_character
GLM-4-9B-1M,5,3,TR,Temporal Reasoning,0.049689,161,0,0.000000,supervised_character
GLM-4-9B-1M,5,3,KU,Knowledge Updating,0.246154,65,0,0.000000,supervised_character
GLM-4-9B-1M,5,3,MA,Memory Arbitration,0.064815,54,1,0.018519,supervised_character
GLM-4-9B-1M,5,4,IE,Information Extraction,0.380952,231,0,0.000000,supervised_character
GLM-4-9B-1M,5,4,MSR,Multi-session Reasoning,0.110870,230,0,0.000000,supervised_character
GLM-4-9B-1M,5,4,ES,Event Summarization,0.005000,200,6,0.030000,supervised_character
GLM-4-9B-1M,5,4,TR,Temporal Reasoning,0.072727,165,0,0.000000,supervised_character
GLM-4-9B-1M,5,4,KU,Knowledge Updating,0.253521,71,0,0.000000,supervised_character
GLM-4-9B-1M,5,4,MA,Memory Arbitration,0.125000,64,3,0.046875,supervised_character
GLM-4-9B-1M,5,5,IE,Information Extraction,0.523404,235,0,0.000000,supervised_character
GLM-4-9B-1M,5,5,MSR,Multi-session Reasoning,0.184549,233,0,0.000000,supervised_character
GLM-4-9B-1M,5,5,ES,Event Summarization,0.015385,195,2,0.010256,supervised_character
GLM-4-9B-1M,5,5,TR,Temporal Reasoning,0.109677,155,0,0.000000,supervised_character
GLM-4-9B-1M,5,5,KU,Knowledge Updating,0.214286,70,0,0.000000,supervised_character
GLM-4-9B-1M,5,5,MA,Memory Arbitration,0.122951,61,0,0.000000,supervised_character
GLM-4-9B-1M,6,1,IE,Information Extraction,0.205882,238,0,0.000000,supervised_character
GLM-4-9B-1M,6,1,MSR,Multi-session Reasoning,0.120763,236,3,0.012712,supervised_character
GLM-4-9B-1M,6,1,ES,Event Summarization,0.002381,210,4,0.019048,supervised_character
GLM-4-9B-1M,6,1,TR,Temporal Reasoning,0.070423,142,0,0.000000,supervised_character
GLM-4-9B-1M,6,1,KU,Knowledge Updating,0.032787,61,0,0.000000,supervised_character
GLM-4-9B-1M,6,1,MA,Memory Arbitration,0.131579,57,2,0.035088,supervised_character
GLM-4-9B-1M,6,2,IE,Information Extraction,0.250000,236,0,0.000000,supervised_character
GLM-4-9B-1M,6,2,MSR,Multi-session Reasoning,0.077922,231,0,0.000000,supervised_character
GLM-4-9B-1M,6,2,ES,Event Summarization,0.002463,203,5,0.024631,supervised_character
GLM-4-9B-1M,6,2,TR,Temporal Reasoning,0.028409,176,0,0.000000,supervised_character
GLM-4-9B-1M,6,2,KU,Knowledge Updating,0.092593,54,0,0.000000,supervised_character
GLM-4-9B-1M,6,2,MA,Memory Arbitration,0.111111,36,0,0.000000,supervised_character
GLM-4-9B-1M,6,3,IE,Information Extraction,0.278261,230,0,0.000000,supervised_character
GLM-4-9B-1M,6,3,MSR,Multi-session Reasoning,0.098291,234,2,0.008547,supervised_character
GLM-4-9B-1M,6,3,ES,Event Summarization,0.009662,207,1,0.004831,supervised_character
GLM-4-9B-1M,6,3,TR,Temporal Reasoning,0.055901,161,0,0.000000,supervised_character
GLM-4-9B-1M,6,3,KU,Knowledge Updating,0.138462,65,0,0.000000,supervised_character
GLM-4-9B-1M,6,3,MA,Memory Arbitration,0.046296,54,1,0.018519,supervised_character
GLM-4-9B-1M,6,4,IE,Information Extraction,0.320346,231,0,0.000000,supervised_character
GLM-4-9B-1M,6,4,MSR,Multi-session Reasoning,0.097826,230,1,0.004348,supervised_character
GLM-4-9B-1M,6,4,ES,Event Summarization,0.017500,200,5,0.025000,supervised_character
GLM-4-9B-1M,6,4,TR,Temporal Reasoning,0.078788,165,0,0.000000,supervised_character
GLM-4-9B-1M,6,4,KU,Knowledge Updating,0.197183,71,0,0.000000,supervised_character
GLM-4-9B-1M,6,4,MA,Memory Arbitration,0.148438,64,2,0.031250,supervised_character
GLM-4-9B-1M,6,5,IE,Information Extraction,0.327660,235,0,0.000000,supervised_character
GLM-4-9B-1M,6,5,MSR,Multi-session Reasoning,0.098712,233,1,0.004292,supervised_character
GLM-4-9B-1M,6,5,ES,Event Summarization,0.005128,195,5,0.025641,supervised_character
GLM-4-9B-1M,6,5,TR,Temporal Reasoning,0.058065,155,0,0.000000,supervised_character
GLM-4-9B-1M,6,5,KU,Knowledge Updating,0.100000,70,0,0.000000,supervised_character
GLM-4-9B-1M,6,5,MA,Memory Arbitration,0.090164,61,1,0.016393,supervised_character
GLM-4-9B-1M,6,6,IE,Information Extraction,0.528634,227,0,0.000000,supervised_character
GLM-4-9B-1M,6,6,MSR,Multi-session Reasoning,0.161017,236,0,0.000000,supervised_character
GLM-4-9B-1M,6,6,ES,Event Summarization,0.019231,208,4,0.019231,supervised_character
GLM-4-9B-1M,6,6,TR,Temporal Reasoning,0.136986,146,0,0.000000,supervised_character
GLM-4-9B-1M,6,6,KU,Knowledge Updating,0.214286,70,0,0.000000,supervised_character
GLM-4-9B-1M,6,6,MA,Memory Arbitration,0.054545,55,0,0.000000,supervised_character
GLM-4-9B-1M,7,1,IE,Information Extraction,0.193277,238,1,0.004202,supervised_character
GLM-4-9B-1M,7,1,MSR,Multi-session Reasoning,0.074153,236,0,0.000000,supervised_character
GLM-4-9B-1M,7,1,ES,Event Summarization,0.002381,210,3,0.014286,supervised_character
GLM-4-9B-1M,7,1,TR,Temporal Reasoning,0.056338,142,0,0.000000,supervised_character
GLM-4-9B-1M,7,1,KU,Knowledge Updating,0.081967,61,0,0.000000,supervised_character
GLM-4-9B-1M,7,1,MA,Memory Arbitration,0.070175,57,0,0.000000,supervised_character
GLM-4-9B-1M,7,2,IE,Information Extraction,0.237288,236,0,0.000000,supervised_character
GLM-4-9B-1M,7,2,MSR,Multi-session Reasoning,0.077922,231,0,0.000000,supervised_character
GLM-4-9B-1M,7,2,ES,Event Summarization,0.004926,203,1,0.004926,supervised_character
GLM-4-9B-1M,7,2,TR,Temporal Reasoning,0.011364,176,0,0.000000,supervised_character
GLM-4-9B-1M,7,2,KU,Knowledge Updating,0.111111,54,0,0.000000,supervised_character
GLM-4-9B-1M,7,2,MA,Memory Arbitration,0.083333,36,2,0.055556,supervised_character
GLM-4-9B-1M,7,3,IE,Information Extraction,0.221739,230,0,0.000000,supervised_character
GLM-4-9B-1M,7,3,MSR,Multi-session Reasoning,0.096154,234,1,0.004274,supervised_character
GLM-4-9B-1M,7,3,ES,Event Summarization,0.009662,207,6,0.028986,supervised_character
GLM-4-9B-1M,7,3,TR,Temporal Reasoning,0.049689,161,0,0.000000,supervised_character
GLM-4-9B-1M,7,3,KU,Knowledge Updating,0.200000,65,0,0.000000,supervised_character
GLM-4-9B-1M,7,3,MA,Memory Arbitration,0.046296,54,0,0.000000,supervised_character
GLM-4-9B-1M,7,4,IE,Information Extraction,0.242424,231,0,0.000000,supervised_character
GLM-4-9B-1M,7,4,MSR,Multi-session Reasoning,0.082609,230,0,0.000000,supervised_character
GLM-4-9B-1M,7,4,ES,Event Summarization,0.007500,200,5,0.025000,supervised_character
GLM-4-9B-1M,7,4,TR,Temporal Reasoning,0.054545,165,0,0.000000,supervised_character
GLM-4-9B-1M,7,4,KU,Knowledge Updating,0.169014,71,0,0.000000,supervised_character
GLM-4-9B-1M,7,4,MA,Memory Arbitration,0.093750,64,2,0.031250,supervised_character
GLM-4-9B-1M,7,5,IE,Information Extraction,0.293617,235,0,0.000000,supervised_character
GLM-4-9B-1M,7,5,MSR,Multi-session Reasoning,0.107296,233,1,0.004292,supervised_character
GLM-4-9B-1M,7,5,ES,Event Summarization,0.002564,195,4,0.020513,supervised_character
GLM-4-9B-1M,7,5,TR,Temporal Reasoning,0.019355,155,0,0.000000,supervised_character
GLM-4-9B-1M,7,5,KU,Knowledge Updating,0.128571,70,0,0.000000,supervised_character
GLM-4-9B-1M,7,5,MA,Memory Arbitration,0.081967,61,0,0.000000,supervised_character
GLM-4-9B-1M,7,6,IE,Information Extraction,0.312775,227,0,0.000000,supervised_character
GLM-4-9B-1M,7,6,MSR,Multi-session Reasoning,0.103814,236,1,0.004237,supervised_character
GLM-4-9B-1M,7,6,ES,Event Summarization,0.002404,208,3,0.014423,supervised_character
GLM-4-9B-1M,7,6,TR,Temporal Reasoning,0.047945,146,0,0.000000,supervised_character
GLM-4-9B-1M,7,6,KU,Knowledge Updating,0.214286,70,0,0.000000,supervised_character
GLM-4-9B-1M,7,6,MA,Memory Arbitration,0.118182,55,1,0.018182,supervised_character
GLM-4-9B-1M,7,7,IE,Information Extraction,0.521552,232,0,0.000000,supervised_character
GLM-4-9B-1M,7,7,MSR,Multi-session Reasoning,0.155172,232,1,0.004310,supervised_character
GLM-4-9B-1M,7,7,ES,Event Summarization,0.017327,202,4,0.019802,supervised_character
GLM-4-9B-1M,7,7,TR,Temporal Reasoning,0.111111,162,0,0.000000,supervised_character
GLM-4-9B-1M,7,7,KU,Knowledge Updating,0.287671,73,0,0.000000,supervised_character
GLM-4-9B-1M,7,7,MA,Memory Arbitration,0.101562,64,0,0.000000,supervised_character
GLM-4-9B-1M,8,1,IE,Information Extraction,0.189076,238,1,0.004202,supervised_character
GLM-4-9B-1M,8,1,MSR,Multi-session Reasoning,0.103814,236,2,0.008475,supervised_character
GLM-4-9B-1M,8,1,ES,Event Summarization,0.016667,210,8,0.038095,supervised_character
GLM-4-9B-1M,8,1,TR,Temporal Reasoning,0.028169,142,0,0.000000,supervised_character
GLM-4-9B-1M,8,1,KU,Knowledge Updating,0.081967,61,0,0.000000,supervised_character
GLM-4-9B-1M,8,1,MA,Memory Arbitration,0.131579,57,0,0.000000,supervised_character
GLM-4-9B-1M,8,2,IE,Information Extraction,0.245763,236,0,0.000000,supervised_character
GLM-4-9B-1M,8,2,MSR,Multi-session Reasoning,0.077922,231,0,0.000000,supervised_character
GLM-4-9B-1M,8,2,ES,Event Summarization,0.004926,203,3,0.014778,supervised_character
GLM-4-9B-1M,8,2,TR,Temporal Reasoning,0.005682,176,0,0.000000,supervised_character
GLM-4-9B-1M,8,2,KU,Knowledge Updating,0.074074,54,0,0.000000,supervised_character
GLM-4-9B-1M,8,2,MA,Memory Arbitration,0.166667,36,0,0.000000,supervised_character
GLM-4-9B-1M,8,3,IE,Information Extraction,0.230435,230,0,0.000000,supervised_character
GLM-4-9B-1M,8,3,MSR,Multi-session Reasoning,0.085470,234,0,0.000000,supervised_character
GLM-4-9B-1M,8,3,ES,Event Summarization,0.012077,207,9,0.043478,supervised_character
GLM-4-9B-1M,8,3,TR,Temporal Reasoning,0.062112,161,0,0.000000,supervised_character
GLM-4-9B-1M,8,3,KU,Knowledge Updating,0.184615,65,0,0.000000,supervised_character
GLM-4-9B-1M,8,3,MA,Memory Arbitration,0.046296,54,0,0.000000,supervised_character
GLM-4-9B-1M,8,4,IE,Information Extraction,0.259740,231,0,0.000000,supervised_character
GLM-4-9B-1M,8,4,MSR,Multi-session Reasoning,0.073913,230,2,0.008696,supervised_character
GLM-4-9B-1M,8,4,ES,Event Summarization,0.002500,200,7,0.035000,supervised_character
GLM-4-9B-1M,8,4,TR,Temporal Reasoning,0.066667,165,0,0.000000,supervised_character
GLM-4-9B-1M,8,4,KU,Knowledge Updating,0.183099,71,0,0.000000,supervised_character
GLM-4-9B-1M,8,4,MA,Memory Arbitration,0.117188,64,1,0.015625,supervised_character
GLM-4-9B-1M,8,5,IE,Information Extraction,0.255319,235,0,0.000000,supervised_character
GLM-4-9B-1M,8,5,MSR,Multi-session Reasoning,0.079399,233,1,0.004292,supervised_character
GLM-4-9B-1M,8,5,ES,Event Summarization,0.002564,195,2,0.010256,supervised_character
GLM-4-9B-1M,8,5,TR,Temporal Reasoning,0.045161,155,0,0.000000,supervised_character
GLM-4-9B-1M,8,5,KU,Knowledge Updating,0.085714,70,0,0.000000,supervised_character
GLM-4-9B-1M,8,5,MA,Memory Arbitration,0.081967,61,1,0.016393,supervised_character
GLM-4-9B-1M,8,6,IE,Information Extraction,0.352423,227,0,0.000000,supervised_character
GLM-4-9B-1M,8,6,MSR,Multi-session Reasoning,0.093220,236,0,0.000000,supervised_character
GLM-4-9B-1M,8,6,ES,Event Summarization,0.012019,208,7,0.033654,supervised_character
GLM-4-9B-1M,8,6,TR,Temporal Reasoning,0.061644,146,0,0.000000,supervised_character
GLM-4-9B-1M,8,6,KU,Knowledge Updating,0.085714,70,0,0.000000,supervised_character
GLM-4-9B-1M,8,6,MA,Memory Arbitration,0.127273,55,1,0.018182,supervised_character
GLM-4-9B-1M,8,7,IE,Information Extraction,0.383621,232,0,0.000000,supervised_character
GLM-4-9B-1M,8,7,MSR,Multi-session Reasoning,0.122845,232,0,0.000000,supervised_character
GLM-4-9B-1M,8,7,ES,Event Summarization,0.012376,202,3,0.014851,supervised_character
GLM-4-9B-1M,8,7,TR,Temporal Reasoning,0.037037,162,0,0.000000,supervised_character
GLM-4-9B-1M,8,7,KU,Knowledge Updating,0.260274,73,0,0.000000,supervised_character
GLM-4-9B-1M,8,7,MA,Memory Arbitration,0.062500,64,0,0.000000,supervised_character
GLM-4-9B-1M,8,8,IE,Information Extraction,0.565217,230,0,0.000000,supervised_character
GLM-4-9B-1M,8,8,MSR,Multi-session Reasoning,0.135021,237,1,0.004219,supervised_character
GLM-4-9B-1M,8,8,ES,Event Summarization,0.014563,206,6,0.029126,supervised_character
GLM-4-9B-1M,8,8,TR,Temporal Reasoning,0.172185,151,0,0.000000,supervised_character
GLM-4-9B-1M,8,8,KU,Knowledge Updating,0.365079,63,0,0.000000,supervised_character
GLM-4-9B-1M,8,8,MA,Memory Arbitration,0.156250,48,0,0.000000,supervised_character
GLM-4-9B-1M,9,1,IE,Information Extraction,0.172269,238,0,0.000000,supervised_character
GLM-4-9B-1M,9,1,MSR,Multi-session Reasoning,0.099576,236,0,0.000000,supervised_character
GLM-4-9B-1M,9,1,ES,Event Summarization,0.007143,210,2,0.009524,supervised_character
GLM-4-9B-1M,9,1,TR,Temporal Reasoning,0.021127,142,0,0.000000,supervised_character
GLM-4-9B-1M,9,1,KU,Knowledge Updating,0.081967,61,0,0.000000,supervised_character
GLM-4-9B-1M,9,1,MA,Memory Arbitration,0.087719,57,0,0.000000,supervised_character
GLM-4-9B-1M,9,2,IE,Information Extraction,0.220339,236,0,0.000000,supervised_character
GLM-4-9B-1M,9,2,MSR,Multi-session Reasoning,0.073593,231,1,0.004329,supervised_character
GLM-4-9B-1M,9,2,ES,Event Summarization,0.000000,203,3,0.014778,supervised_character
GLM-4-9B-1M,9,2,TR,Temporal Reasoning,0.017045,176,0,0.000000,supervised_character
GLM-4-9B-1M,9,2,KU,Knowledge Updating,0.148148,54,0,0.000000,supervised_character
GLM-4-9B-1M,9,2,MA,Memory Arbitration,0.097222,36,0,0.000000,supervised_character
GLM-4-9B-1M,9,3,IE,Information Extraction,0.243478,230,0,0.000000,supervised_character
GLM-4-9B-1M,9,3,MSR,Multi-session Reasoning,0.081197,234,2,0.008547,supervised_character
GLM-4-9B-1M,9,3,ES,Event Summarization,0.009662,207,3,0.014493,supervised_character
GLM-4-9B-1M,9,3,TR,Temporal Reasoning,0.049689,161,0,0.000000,supervised_character
GLM-4-9B-1M,9,3,KU,Knowledge Updating,0.169231,65,0,0.000000,supervised_character
GLM-4-9B-1M,9,3,MA,Memory Arbitration,0.055556,54,0,0.000000,supervised_character
GLM-4-9B-1M,9,4,IE,Information Extraction,0.207792,231,0,0.000000,supervised_character
GLM-4-9B-1M,9,4,MSR,Multi-session Reasoning,0.082609,230,3,0.013043,supervised_character
GLM-4-9B-1M,9,4,ES,Event Summarization,0.005000,200,5,0.025000,supervised_character
GLM-4-9B-1M,9,4,TR,Temporal Reasoning,0.036364,165,0,0.000000,supervised_character
GLM-4-9B-1M,9,4,KU,Knowledge Updating,0.169014,71,0,0.000000,supervised_character
GLM-4-9B-1M,9,4,MA,Memory Arbitration,0.101562,64,0,0.000000,supervised_character
GLM-4-9B-1M,9,5,IE,Information Extraction,0.225532,235,0,0.000000,supervised_character
GLM-4-9B-1M,9,5,MSR,Multi-session Reasoning,0.070815,233,1,0.004292,supervised_character
GLM-4-9B-1M,9,5,ES,Event Summarization,0.000000,195,1,0.005128,supervised_character
GLM-4-9B-1M,9,5,TR,Temporal Reasoning,0.025806,155,0,0.000000,supervised_character
GLM-4-9B-1M,9,5,KU,Knowledge Updating,0.114286,70,0,0.000000,supervised_character
GLM-4-9B-1M,9,5,MA,Memory Arbitration,0.098361,61,1,0.016393,supervised_character
GLM-4-9B-1M,9,6,IE,Information Extraction,0.273128,227,0,0.000000,supervised_character
GLM-4-9B-1M,9,6,MSR,Multi-session Reasoning,0.067797,236,2,0.008475,supervised_character
GLM-4-9B-1M,9,6,ES,Event Summarization,0.004808,208,2,0.009615,supervised_character
GLM-4-9B-1M,9,6,TR,Temporal Reasoning,0.027397,146,0,0.000000,supervised_character
GLM-4-9B-1M,9,6,KU,Knowledge Updating,0.085714,70,0,0.000000,supervised_character
GLM-4-9B-1M,9,6,MA,Memory Arbitration,0.072727,55,0,0.000000,supervised_character
GLM-4-9B-1M,9,7,IE,Information Extraction,0.280172,232,0,0.000000,supervised_character
GLM-4-9B-1M,9,7,MSR,Multi-session Reasoning,0.088362,232,3,0.012931,supervised_character
GLM-4-9B-1M,9,7,ES,Event Summarization,0.007426,202,4,0.019802,supervised_character
GLM-4-9B-1M,9,7,TR,Temporal Reasoning,0.030864,162,0,0.000000,supervised_character
GLM-4-9B-1M,9,7,KU,Knowledge Updating,0.191781,73,0,0.000000,supervised_character
GLM-4-9B-1M,9,7,MA,Memory Arbitration,0.093750,64,0,0.000000,supervised_character
GLM-4-9B-1M,9,8,IE,Information Extraction,0.330435,230,0,0.000000,supervised_character
GLM-4-9B-1M,9,8,MSR,Multi-session Reasoning,0.082278,237,2,0.008439,supervised_character
GLM-4-9B-1M,9,8,ES,Event Summarization,0.004854,206,4,0.019417,supervised_character
GLM-4-9B-1M,9,8,TR,Temporal Reasoning,0.052980,151,0,0.000000,supervised_character
GLM-4-9B-1M,9,8,KU,Knowledge Updating,0.095238,63,0,0.000000,supervised_character
GLM-4-9B-1M,9,8,MA,Memory Arbitration,0.125000,48,0,0.000000,supervised_character
GLM-4-9B-1M,9,9,IE,Information Extraction,0.512931,232,0,0.000000,supervised_character
GLM-4-9B-1M,9,9,MSR,Multi-session Reasoning,0.165254,236,1,0.004237,supervised_character
GLM-4-9B-1M,9,9,ES,Event Summarization,0.009662,207,5,0.024155,supervised_character
GLM-4-9B-1M,9,9,TR,Temporal Reasoning,0.191083,157,0,0.000000,supervised_character
GLM-4-9B-1M,9,9,KU,Knowledge Updating,0.372881,59,0,0.000000,supervised_character
GLM-4-9B-1M,9,9,MA,Memory Arbitration,0.102273,44,0,0.000000,supervised_character
GLM-4-9B-1M,10,1,IE,Information Extraction,0.210084,238,0,0.000000,supervised_character
GLM-4-9B-1M,10,1,MSR,Multi-session Reasoning,0.108051,236,1,0.004237,supervised_character
GLM-4-9B-1M,10,1,ES,Event Summarization,0.007143,210,1,0.004762,supervised_character
GLM-4-9B-1M,10,1,TR,Temporal Reasoning,0.042254,142,0,0.000000,supervised_character
GLM-4-9B-1M,10,1,KU,Knowledge Updating,0.081967,61,0,0.000000,supervised_character
GLM-4-9B-1M,10,1,MA,Memory Arbitration,0.043860,57,0,0.000000,supervised_character
GLM-4-9B-1M,10,2,IE,Information Extraction,0.250000,236,0,0.000000,supervised_character
GLM-4-9B-1M,10,2,MSR,Multi-session Reasoning,0.064935,231,3,0.012987,supervised_character
GLM-4-9B-1M,10,2,ES,Event Summarization,0.004926,203,2,0.009852,supervised_character
GLM-4-9B-1M,10,2,TR,Temporal Reasoning,0.022727,176,0,0.000000,supervised_character
GLM-4-9B-1M,10,2,KU,Knowledge Updating,0.055556,54,0,0.000000,supervised_character
GLM-4-9B-1M,10,2,MA,Memory Arbitration,0.097222,36,0,0.000000,supervised_character
GLM-4-9B-1M,10,3,IE,Information Extraction,0.221739,230,0,0.000000,supervised_character
GLM-4-9B-1M,10,3,MSR,Multi-session Reasoning,0.074786,234,1,0.004274,supervised_character
GLM-4-9B-1M,10,3,ES,Event Summarization,0.021739,207,4,0.019324,supervised_character
GLM-4-9B-1M,10,3,TR,Temporal Reasoning,0.080745,161,0,0.000000,supervised_character
GLM-4-9B-1M,10,3,KU,Knowledge Updating,0.200000,65,0,0.000000,supervised_character
GLM-4-9B-1M,10,3,MA,Memory Arbitration,0.046296,54,0,0.000000,supervised_character
GLM-4-9B-1M,10,4,IE,Information Extraction,0.212121,231,0,0.000000,supervised_character
GLM-4-9B-1M,10,4,MSR,Multi-session Reasoning,0.060870,230,3,0.013043,supervised_character
GLM-4-9B-1M,10,4,ES,Event Summarization,0.007500,200,2,0.010000,supervised_character
GLM-4-9B-1M,10,4,TR,Temporal Reasoning,0.042424,165,0,0.000000,supervised_character
GLM-4-9B-1M,10,4,KU,Knowledge Updating,0.169014,71,0,0.000000,supervised_character
GLM-4-9B-1M,10,4,MA,Memory Arbitration,0.132812,64,0,0.000000,supervised_character
GLM-4-9B-1M,10,5,IE,Information Extraction,0.217021,235,0,0.000000,supervised_character
GLM-4-9B-1M,10,5,MSR,Multi-session Reasoning,0.075107,233,0,0.000000,supervised_character
GLM-4-9B-1M,10,5,ES,Event Summarization,0.005128,195,2,0.010256,supervised_character
GLM-4-9B-1M,10,5,TR,Temporal Reasoning,0.032258,155,0,0.000000,supervised_character
GLM-4-9B-1M,10,5,KU,Knowledge Updating,0.171429,70,0,0.000000,supervised_character
GLM-4-9B-1M,10,5,MA,Memory Arbitration,0.073770,61,0,0.000000,supervised_character
GLM-4-9B-1M,10,6,IE,Information Extraction,0.233480,227,0,0.000000,supervised_character
GLM-4-9B-1M,10,6,MSR,Multi-session Reasoning,0.078390,236,2,0.008475,supervised_character
GLM-4-9B-1M,10,6,ES,Event Summarization,0.014423,208,0,0.000000,supervised_character
GLM-4-9B-1M,10,6,TR,Temporal Reasoning,0.041096,146,0,0.000000,supervised_character
GLM-4-9B-1M,10,6,KU,Knowledge Updating,0.114286,70,0,0.000000,supervised_character
GLM-4-9B-1M,10,6,MA,Memory Arbitration,0.063636,55,0,0.000000,supervised_character
GLM-4-9B-1M,10,7,IE,Information Extraction,0.241379,232,0,0.000000,supervised_character
GLM-4-9B-1M,10,7,MSR,Multi-session Reasoning,0.094828,232,1,0.004310,supervised_character
GLM-4-9B-1M,10,7,ES,Event Summarization,0.000000,202,2,0.009901,supervised_character
GLM-4-9B-1M,10,7,TR,Temporal Reasoning,0.024691,162,0,0.000000,supervised_character
GLM-4-9B-1M,10,7,KU,Knowledge Updating,0.219178,73,0,0.000000,supervised_character
GLM-4-9B-1M,10,7,MA,Memory Arbitration,0.070312,64,0,0.000000,supervised_character
GLM-4-9B-1M,10,8,IE,Information Extraction,0.308696,230,0,0.000000,supervised_character
GLM-4-9B-1M,10,8,MSR,Multi-session Reasoning,0.113924,237,3,0.012658,supervised_character
GLM-4-9B-1M,10,8,ES,Event Summarization,0.016990,206,2,0.009709,supervised_character
GLM-4-9B-1M,10,8,TR,Temporal Reasoning,0.066225,151,0,0.000000,supervised_character
GLM-4-9B-1M,10,8,KU,Knowledge Updating,0.174603,63,0,0.000000,supervised_character
GLM-4-9B-1M,10,8,MA,Memory Arbitration,0.125000,48,0,0.000000,supervised_character
GLM-4-9B-1M,10,9,IE,Information Extraction,0.323276,232,0,0.000000,supervised_character
GLM-4-9B-1M,10,9,MSR,Multi-session Reasoning,0.112288,236,1,0.004237,supervised_character
GLM-4-9B-1M,10,9,ES,Event Summarization,0.000000,207,1,0.004831,supervised_character
GLM-4-9B-1M,10,9,TR,Temporal Reasoning,0.076433,157,0,0.000000,supervised_character
GLM-4-9B-1M,10,9,KU,Knowledge Updating,0.237288,59,0,0.000000,supervised_character
GLM-4-9B-1M,10,9,MA,Memory Arbitration,0.102273,44,0,0.000000,supervised_character
GLM-4-9B-1M,10,10,IE,Information Extraction,0.599138,232,0,0.000000,supervised_character
GLM-4-9B-1M,10,10,MSR,Multi-session Reasoning,0.146552,232,0,0.000000,supervised_character
GLM-4-9B-1M,10,10,ES,Event Summarization,0.020202,198,3,0.015152,supervised_character
GLM-4-9B-1M,10,10,TR,Temporal Reasoning,0.145833,144,0,0.000000,supervised_character
GLM-4-9B-1M,10,10,KU,Knowledge Updating,0.197531,81,0,0.000000,supervised_character
GLM-4-9B-1M,10,10,MA,Memory Arbitration,0.133333,60,1,0.016667,supervised_character
Qwen2.5-7B-1M,1,1,IE,Information Extraction,0.298246,57,0,0.000000,held_out_character
Qwen2.5-7B-1M,1,1,MSR,Multi-session Reasoning,0.062500,56,5,0.089286,held_out_character
Qwen2.5-7B-1M,1,1,ES,Event Summarization,0.000000,48,3,0.062500,held_out_character
Qwen2.5-7B-1M,1,1,TR,Temporal Reasoning,0.024390,41,0,0.000000,held_out_character
Qwen2.5-7B-1M,1,1,KU,Knowledge Updating,0.052632,19,0,0.000000,held_out_character
Qwen2.5-7B-1M,1,1,MA,Memory Arbitration,0.133333,15,0,0.000000,held_out_character
Qwen2.5-7B-1M,2,1,IE,Information Extraction,0.263158,57,0,0.000000,held_out_character
Qwen2.5-7B-1M,2,1,MSR,Multi-session Reasoning,0.080357,56,4,0.071429,held_out_character
Qwen2.5-7B-1M,2,1,ES,Event Summarization,0.010417,48,2,0.041667,held_out_character
Qwen2.5-7B-1M,2,1,TR,Temporal Reasoning,0.000000,41,0,0.000000,held_out_character
Qwen2.5-7B-1M,2,1,KU,Knowledge Updating,0.105263,19,0,0.000000,held_out_character
Qwen2.5-7B-1M,2,1,MA,Memory Arbitration,0.133333,15,0,0.000000,held_out_character
Qwen2.5-7B-1M,2,2,IE,Information Extraction,0.393443,61,0,0.000000,held_out_character
Qwen2.5-7B-1M,2,2,MSR,Multi-session Reasoning,0.094828,58,4,0.068966,held_out_character
Qwen2.5-7B-1M,2,2,ES,Event Summarization,0.009615,52,0,0.000000,held_out_character
Qwen2.5-7B-1M,2,2,TR,Temporal Reasoning,0.022727,44,0,0.000000,held_out_character
Qwen2.5-7B-1M,2,2,KU,Knowledge Updating,0.307692,13,0,0.000000,held_out_character
Qwen2.5-7B-1M,2,2,MA,Memory Arbitration,0.000000,6,0,0.000000,held_out_character
Qwen2.5-7B-1M,3,1,IE,Information Extraction,0.175439,57,0,0.000000,held_out_character
Qwen2.5-7B-1M,3,1,MSR,Multi-session Reasoning,0.098214,56,5,0.089286,held_out_character
Qwen2.5-7B-1M,3,1,ES,Event Summarization,0.020833,48,0,0.000000,held_out_character
Qwen2.5-7B-1M,3,1,TR,Temporal Reasoning,0.000000,41,0,0.000000,held_out_character
Qwen2.5-7B-1M,3,1,KU,Knowledge Updating,0.052632,19,0,0.000000,held_out_character
Qwen2.5-7B-1M,3,1,MA,Memory Arbitration,0.133333,15,1,0.066667,held_out_character
Qwen2.5-7B-1M,3,2,IE,Information Extraction,0.278689,61,0,0.000000,held_out_character
Qwen2.5-7B-1M,3,2,MSR,Multi-session Reasoning,0.060345,58,5,0.086207,held_out_character
Qwen2.5-7B-1M,3,2,ES,Event Summarization,0.000000,52,2,0.038462,held_out_character
Qwen2.5-7B-1M,3,2,TR,Temporal Reasoning,0.022727,44,0,0.000000,held_out_character
Qwen2.5-7B-1M,3,2,KU,Knowledge Updating,0.307692,13,0,0.000000,held_out_character
Qwen2.5-7B-1M,3,2,MA,Memory Arbitration,0.083333,6,0,0.000000,held_out_character
Qwen2.5-7B-1M,3,3,IE,Information Extraction,0.280702,57,0,0.000000,held_out_character
Qwen2.5-7B-1M,3,3,MSR,Multi-session Reasoning,0.131579,57,6,0.105263,held_out_character
Qwen2.5-7B-1M,3,3,ES,Event Summarization,0.000000,50,1,0.020000,held_out_character
Qwen2.5-7B-1M,3,3,TR,Temporal Reasoning,0.000000,36,0,0.000000,held_out_character
Qwen2.5-7B-1M,3,3,KU,Knowledge Updating,0.214286,14,0,0.000000,held_out_character
Qwen2.5-7B-1M,3,3,MA,Memory Arbitration,0.000000,13,0,0.000000,held_out_character
Qwen2.5-7B-1M,4,1,IE,Information Extraction,0.245614,57,1,0.017544,held_out_character
Qwen2.5-7B-1M,4,1,MSR,Multi-session Reasoning,0.062500,56,4,0.071429,held_out_character
Qwen2.5-7B-1M,4,1,ES,Event Summarization,0.010417,48,2,0.041667,held_out_character
Qwen2.5-7B-1M,4,1,TR,Temporal Reasoning,0.000000,41,0,0.000000,held_out_character
Qwen2.5-7B-1M,4,1,KU,Knowledge Updating,0.105263,19,0,0.000000,held_out_character
Qwen2.5-7B-1M,4,1,MA,Memory Arbitration,0.166667,15,2,0.133333,held_out_character
Qwen2.5-7B-1M,4,2,IE,Information Extraction,0.278689,61,0,0.000000,held_out_character
Qwen2.5-7B-1M,4,2,MSR,Multi-session Reasoning,0.086207,58,2,0.034483,held_out_character
Qwen2.5-7B-1M,4,2,ES,Event Summarization,0.009615,52,2,0.038462,held_out_character
Qwen2.5-7B-1M,4,2,TR,Temporal Reasoning,0.000000,44,0,0.000000,held_out_character
Qwen2.5-7B-1M,4,2,KU,Knowledge Updating,0.307692,13,0,0.000000,held_out_character
Qwen2.5-7B-1M,4,2,MA,Memory Arbitration,0.000000,6,0,0.000000,held_out_character
Qwen2.5-7B-1M,4,3,IE,Information Extraction,0.192982,57,0,0.000000,held_out_character
Qwen2.5-7B-1M,4,3,MSR,Multi-session Reasoning,0.096491,57,3,0.052632,held_out_character
Qwen2.5-7B-1M,4,3,ES,Event Summarization,0.000000,50,1,0.020000,held_out_character
Qwen2.5-7B-1M,4,3,TR,Temporal Reasoning,0.000000,36,0,0.000000,held_out_character
Qwen2.5-7B-1M,4,3,KU,Knowledge Updating,0.357143,14,0,0.000000,held_out_character
Qwen2.5-7B-1M,4,3,MA,Memory Arbitration,0.000000,13,1,0.076923,held_out_character
Qwen2.5-7B-1M,4,4,IE,Information Extraction,0.383333,60,0,0.000000,held_out_character
Qwen2.5-7B-1M,4,4,MSR,Multi-session Reasoning,0.101695,59,1,0.016949,held_out_character
Qwen2.5-7B-1M,4,4,ES,Event Summarization,0.000000,54,5,0.092593,held_out_character
Qwen2.5-7B-1M,4,4,TR,Temporal Reasoning,0.054054,37,0,0.000000,held_out_character
Qwen2.5-7B-1M,4,4,KU,Knowledge Updating,0.200000,10,0,0.000000,held_out_character
Qwen2.5-7B-1M,4,4,MA,Memory Arbitration,0.250000,6,0,0.000000,held_out_character
Qwen2.5-7B-1M,5,1,IE,Information Extraction,0.280702,57,0,0.000000,held_out_character
Qwen2.5-7B-1M,5,1,MSR,Multi-session Reasoning,0.089286,56,2,0.035714,held_out_character
Qwen2.5-7B-1M,5,1,ES,Event Summarization,0.000000,48,1,0.020833,held_out_character
Qwen2.5-7B-1M,5,1,TR,Temporal Reasoning,0.000000,41,0,0.000000,held_out_character
Qwen2.5-7B-1M,5,1,KU,Knowledge Updating,0.157895,19,0,0.000000,held_out_character
Qwen2.5-7B-1M,5,1,MA,Memory Arbitration,0.166667,15,4,0.266667,held_out_character
Qwen2.5-7B-1M,5,2,IE,Information Extraction,0.229508,61,0,0.000000,held_out_character
Qwen2.5-7B-1M,5,2,MSR,Multi-session Reasoning,0.051724,58,5,0.086207,held_out_character
Qwen2.5-7B-1M,5,2,ES,Event Summarization,0.009615,52,3,0.057692,held_out_character
Qwen2.5-7B-1M,5,2,TR,Temporal Reasoning,0.022727,44,0,0.000000,held_out_character
Qwen2.5-7B-1M,5,2,KU,Knowledge Updating,0.230769,13,0,0.000000,held_out_character
Qwen2.5-7B-1M,5,2,MA,Memory Arbitration,0.166667,6,0,0.000000,held_out_character
Qwen2.5-7B-1M,5,3,IE,Information Extraction,0.175439,57,0,0.000000,held_out_character
Qwen2.5-7B-1M,5,3,MSR,Multi-session Reasoning,0.114035,57,7,0.122807,held_out_character
Qwen2.5-7B-1M,5,3,ES,Event Summarization,0.000000,50,2,0.040000,held_out_character
Qwen2.5-7B-1M,5,3,TR,Temporal Reasoning,0.000000,36,0,0.000000,held_out_character
Qwen2.5-7B-1M,5,3,KU,Knowledge Updating,0.285714,14,0,0.000000,held_out_character
Qwen2.5-7B-1M,5,3,MA,Memory Arbitration,0.038462,13,0,0.000000,held_out_character
Qwen2.5-7B-1M,5,4,IE,Information Extraction,0.166667,60,0,0.000000,held_out_character
Qwen2.5-7B-1M,5,4,MSR,Multi-session Reasoning,0.084746,59,3,0.050847,held_out_character
Qwen2.5-7B-1M,5,4,ES,Event Summarization,0.009259,54,0,0.000000,held_out_character
Qwen2.5-7B-1M,5,4,TR,Temporal Reasoning,0.027027,37,0,0.000000,held_out_character
Qwen2.5-7B-1M,5,4,KU,Knowledge Updating,0.100000,10,0,0.000000,held_out_character
Qwen2.5-7B-1M,5,4,MA,Memory Arbitration,0.166667,6,0,0.000000,held_out_character
Qwen2.5-7B-1M,5,5,IE,Information Extraction,0.275862,58,0,0.000000,held_out_character
Qwen2.5-7B-1M,5,5,MSR,Multi-session Reasoning,0.084746,59,7,0.118644,held_out_character
Qwen2.5-7B-1M,5,5,ES,Event Summarization,0.010000,50,2,0.040000,held_out_character
Qwen2.5-7B-1M,5,5,TR,Temporal Reasoning,0.000000,39,0,0.000000,held_out_character
Qwen2.5-7B-1M,5,5,KU,Knowledge Updating,0.428571,14,0,0.000000,held_out_character
Qwen2.5-7B-1M,5,5,MA,Memory Arbitration,0.166667,9,0,0.000000,held_out_character
Qwen2.5-7B-1M,6,1,IE,Information Extraction,0.157895,57,0,0.000000,held_out_character
Qwen2.5-7B-1M,6,1,MSR,Multi-session Reasoning,0.116071,56,1,0.017857,held_out_character
Qwen2.5-7B-1M,6,1,ES,Event Summarization,0.020833,48,1,0.020833,held_out_character
Qwen2.5-7B-1M,6,1,TR,Temporal Reasoning,0.024390,41,0,0.000000,held_out_character
Qwen2.5-7B-1M,6,1,KU,Knowledge Updating,0.210526,19,0,0.000000,held_out_character
Qwen2.5-7B-1M,6,1,MA,Memory Arbitration,0.100000,15,2,0.133333,held_out_character
Qwen2.5-7B-1M,6,2,IE,Information Extraction,0.196721,61,0,0.000000,held_out_character
Qwen2.5-7B-1M,6,2,MSR,Multi-session Reasoning,0.086207,58,4,0.068966,held_out_character
Qwen2.5-7B-1M,6,2,ES,Event Summarization,0.000000,52,2,0.038462,held_out_character
Qwen2.5-7B-1M,6,2,TR,Temporal Reasoning,0.045455,44,0,0.000000,held_out_character
Qwen2.5-7B-1M,6,2,KU,Knowledge Updating,0.384615,13,0,0.000000,held_out_character
Qwen2.5-7B-1M,6,2,MA,Memory Arbitration,0.166667,6,0,0.000000,held_out_character
Qwen2.5-7B-1M,6,3,IE,Information Extraction,0.122807,57,0,0.000000,held_out_character
Qwen2.5-7B-1M,6,3,MSR,Multi-session Reasoning,0.070175,57,0,0.000000,held_out_character
Qwen2.5-7B-1M,6,3,ES,Event Summarization,0.000000,50,7,0.140000,held_out_character
Qwen2.5-7B-1M,6,3,TR,Temporal Reasoning,0.000000,36,0,0.000000,held_out_character
Qwen2.5-7B-1M,6,3,KU,Knowledge Updating,0.357143,14,0,0.000000,held_out_character
Qwen2.5-7B-1M,6,3,MA,Memory Arbitration,0.038462,13,1,0.076923,held_out_character
Qwen2.5-7B-1M,6,4,IE,Information Extraction,0.166667,60,0,0.000000,held_out_character
Qwen2.5-7B-1M,6,4,MSR,Multi-session Reasoning,0.101695,59,1,0.016949,held_out_character
Qwen2.5-7B-1M,6,4,ES,Event Summarization,0.018519,54,4,0.074074,held_out_character
Qwen2.5-7B-1M,6,4,TR,Temporal Reasoning,0.027027,37,0,0.000000,held_out_character
Qwen2.5-7B-1M,6,4,KU,Knowledge Updating,0.000000,10,0,0.000000,held_out_character
Qwen2.5-7B-1M,6,4,MA,Memory Arbitration,0.166667,6,0,0.000000,held_out_character
Qwen2.5-7B-1M,6,5,IE,Information Extraction,0.172414,58,0,0.000000,held_out_character
Qwen2.5-7B-1M,6,5,MSR,Multi-session Reasoning,0.076271,59,2,0.033898,held_out_character
Qwen2.5-7B-1M,6,5,ES,Event Summarization,0.000000,50,1,0.020000,held_out_character
Qwen2.5-7B-1M,6,5,TR,Temporal Reasoning,0.025641,39,0,0.000000,held_out_character
Qwen2.5-7B-1M,6,5,KU,Knowledge Updating,0.142857,14,0,0.000000,held_out_character
Qwen2.5-7B-1M,6,5,MA,Memory Arbitration,0.055556,9,0,0.000000,held_out_character
Qwen2.5-7B-1M,6,6,IE,Information Extraction,0.271186,59,1,0.016949,held_out_character
Qwen2.5-7B-1M,6,6,MSR,Multi-session Reasoning,0.140351,57,3,0.052632,held_out_character
Qwen2.5-7B-1M,6,6,ES,Event Summarization,0.049020,51,2,0.039216,held_out_character
Qwen2.5-7B-1M,6,6,TR,Temporal Reasoning,0.000000,34,0,0.000000,held_out_character
Qwen2.5-7B-1M,6,6,KU,Knowledge Updating,0.210526,19,0,0.000000,held_out_character
Qwen2.5-7B-1M,6,6,MA,Memory Arbitration,0.000000,15,0,0.000000,held_out_character
Qwen2.5-7B-1M,7,1,IE,Information Extraction,0.263158,57,0,0.000000,held_out_character
Qwen2.5-7B-1M,7,1,MSR,Multi-session Reasoning,0.053571,56,3,0.053571,held_out_character
Qwen2.5-7B-1M,7,1,ES,Event Summarization,0.020833,48,1,0.020833,held_out_character
Qwen2.5-7B-1M,7,1,TR,Temporal Reasoning,0.000000,41,0,0.000000,held_out_character
Qwen2.5-7B-1M,7,1,KU,Knowledge Updating,0.210526,19,0,0.000000,held_out_character
Qwen2.5-7B-1M,7,1,MA,Memory Arbitration,0.000000,15,0,0.000000,held_out_character
Qwen2.5-7B-1M,7,2,IE,Information Extraction,0.262295,61,0,0.000000,held_out_character
Qwen2.5-7B-1M,7,2,MSR,Multi-session Reasoning,0.060345,58,3,0.051724,held_out_character
Qwen2.5-7B-1M,7,2,ES,Event Summarization,0.009615,52,1,0.019231,held_out_character
Qwen2.5-7B-1M,7,2,TR,Temporal Reasoning,0.045455,44,0,0.000000,held_out_character
Qwen2.5-7B-1M,7,2,KU,Knowledge Updating,0.307692,13,0,0.000000,held_out_character
Qwen2.5-7B-1M,7,2,MA,Memory Arbitration,0.000000,6,0,0.000000,held_out_character
Qwen2.5-7B-1M,7,3,IE,Information Extraction,0.175439,57,0,0.000000,held_out_character
Qwen2.5-7B-1M,7,3,MSR,Multi-session Reasoning,0.043860,57,5,0.087719,held_out_character
Qwen2.5-7B-1M,7,3,ES,Event Summarization,0.020000,50,2,0.040000,held_out_character
Qwen2.5-7B-1M,7,3,TR,Temporal Reasoning,0.000000,36,0,0.000000,held_out_character
Qwen2.5-7B-1M,7,3,KU,Knowledge Updating,0.142857,14,0,0.000000,held_out_character
Qwen2.5-7B-1M,7,3,MA,Memory Arbitration,0.000000,13,2,0.153846,held_out_character
Qwen2.5-7B-1M,7,4,IE,Information Extraction,0.233333,60,0,0.000000,held_out_character
Qwen2.5-7B-1M,7,4,MSR,Multi-session Reasoning,0.042373,59,6,0.101695,held_out_character
Qwen2.5-7B-1M,7,4,ES,Event Summarization,0.000000,54,2,0.037037,held_out_character
Qwen2.5-7B-1M,7,4,TR,Temporal Reasoning,0.027027,37,0,0.000000,held_out_character
Qwen2.5-7B-1M,7,4,KU,Knowledge Updating,0.100000,10,0,0.000000,held_out_character
Qwen2.5-7B-1M,7,4,MA,Memory Arbitration,0.000000,6,0,0.000000,held_out_character
Qwen2.5-7B-1M,7,5,IE,Information Extraction,0.241379,58,0,0.000000,held_out_character
Qwen2.5-7B-1M,7,5,MSR,Multi-session Reasoning,0.135593,59,3,0.050847,held_out_character
Qwen2.5-7B-1M,7,5,ES,Event Summarization,0.010000,50,3,0.060000,held_out_character
Qwen2.5-7B-1M,7,5,TR,Temporal Reasoning,0.000000,39,0,0.000000,held_out_character
Qwen2.5-7B-1M,7,5,KU,Knowledge Updating,0.142857,14,0,0.000000,held_out_character
Qwen2.5-7B-1M,7,5,MA,Memory Arbitration,0.111111,9,0,0.000000,held_out_character
Qwen2.5-7B-1M,7,6,IE,Information Extraction,0.288136,59,0,0.000000,held_out_character
Qwen2.5-7B-1M,7,6,MSR,Multi-session Reasoning,0.105263,57,3,0.052632,held_out_character
Qwen2.5-7B-1M,7,6,ES,Event Summarization,0.019608,51,3,0.058824,held_out_character
Qwen2.5-7B-1M,7,6,TR,Temporal Reasoning,0.000000,34,0,0.000000,held_out_character
Qwen2.5-7B-1M,7,6,KU,Knowledge Updating,0.157895,19,0,0.000000,held_out_character
Qwen2.5-7B-1M,7,6,MA,Memory Arbitration,0.066667,15,0,0.000000,held_out_character
Qwen2.5-7B-1M,7,7,IE,Information Extraction,0.418182,55,0,0.000000,held_out_character
Qwen2.5-7B-1M,7,7,MSR,Multi-session Reasoning,0.129310,58,2,0.034483,held_out_character
Qwen2.5-7B-1M,7,7,ES,Event Summarization,0.020833,48,1,0.020833,held_out_character
Qwen2.5-7B-1M,7,7,TR,Temporal Reasoning,0.000000,37,0,0.000000,held_out_character
Qwen2.5-7B-1M,7,7,KU,Knowledge Updating,0.142857,21,0,0.000000,held_out_character
Qwen2.5-7B-1M,7,7,MA,Memory Arbitration,0.166667,24,0,0.000000,held_out_character
Qwen2.5-7B-1M,8,1,IE,Information Extraction,0.245614,57,0,0.000000,held_out_character
Qwen2.5-7B-1M,8,1,MSR,Multi-session Reasoning,0.098214,56,0,0.000000,held_out_character
Qwen2.5-7B-1M,8,1,ES,Event Summarization,0.031250,48,0,0.000000,held_out_character
Qwen2.5-7B-1M,8,1,TR,Temporal Reasoning,0.000000,41,0,0.000000,held_out_character
Qwen2.5-7B-1M,8,1,KU,Knowledge Updating,0.157895,19,0,0.000000,held_out_character
Qwen2.5-7B-1M,8,1,MA,Memory Arbitration,0.066667,15,0,0.000000,held_out_character
Qwen2.5-7B-1M,8,2,IE,Information Extraction,0.327869,61,0,0.000000,held_out_character
Qwen2.5-7B-1M,8,2,MSR,Multi-session Reasoning,0.043103,58,4,0.068966,held_out_character
Qwen2.5-7B-1M,8,2,ES,Event Summarization,0.000000,52,1,0.019231,held_out_character
Qwen2.5-7B-1M,8,2,TR,Temporal Reasoning,0.022727,44,1,0.022727,held_out_character
Qwen2.5-7B-1M,8,2,KU,Knowledge Updating,0.153846,13,0,0.000000,held_out_character
Qwen2.5-7B-1M,8,2,MA,Memory Arbitration,0.083333,6,0,0.000000,held_out_character
Qwen2.5-7B-1M,8,3,IE,Information Extraction,0.157895,57,0,0.000000,held_out_character
Qwen2.5-7B-1M,8,3,MSR,Multi-session Reasoning,0.026316,57,0,0.000000,held_out_character
Qwen2.5-7B-1M,8,3,ES,Event Summarization,0.000000,50,0,0.000000,held_out_character
Qwen2.5-7B-1M,8,3,TR,Temporal Reasoning,0.027778,36,0,0.000000,held_out_character
Qwen2.5-7B-1M,8,3,KU,Knowledge Updating,0.357143,14,0,0.000000,held_out_character
Qwen2.5-7B-1M,8,3,MA,Memory Arbitration,0.038462,13,1,0.076923,held_out_character
Qwen2.5-7B-1M,8,4,IE,Information Extraction,0.200000,60,0,0.000000,held_out_character
Qwen2.5-7B-1M,8,4,MSR,Multi-session Reasoning,0.059322,59,2,0.033898,held_out_character
Qwen2.5-7B-1M,8,4,ES,Event Summarization,0.018519,54,3,0.055556,held_out_character
Qwen2.5-7B-1M,8,4,TR,Temporal Reasoning,0.027027,37,0,0.000000,held_out_character
Qwen2.5-7B-1M,8,4,KU,Knowledge Updating,0.200000,10,0,0.000000,held_out_character
Qwen2.5-7B-1M,8,4,MA,Memory Arbitration,0.166667,6,0,0.000000,held_out_character
Qwen2.5-7B-1M,8,5,IE,Information Extraction,0.224138,58,0,0.000000,held_out_character
Qwen2.5-7B-1M,8,5,MSR,Multi-session Reasoning,0.101695,59,4,0.067797,held_out_character
Qwen2.5-7B-1M,8,5,ES,Event Summarization,0.000000,50,0,0.000000,held_out_character
Qwen2.5-7B-1M,8,5,TR,Temporal Reasoning,0.000000,39,0,0.000000,held_out_character
Qwen2.5-7B-1M,8,5,KU,Knowledge Updating,0.000000,14,0,0.000000,held_out_character
Qwen2.5-7B-1M,8,5,MA,Memory Arbitration,0.000000,9,0,0.000000,held_out_character
Qwen2.5-7B-1M,8,6,IE,Information Extraction,0.254237,59,0,0.000000,held_out_character
Qwen2.5-7B-1M,8,6,MSR,Multi-session Reasoning,0.070175,57,2,0.035088,held_out_character
Qwen2.5-7B-1M,8,6,ES,Event Summarization,0.019608,51,2,0.039216,held_out_character
Qwen2.5-7B-1M,8,6,TR,Temporal Reasoning,0.029412,34,0,0.000000,held_out_character
Qwen2.5-7B-1M,8,6,KU,Knowledge Updating,0.052632,19,0,0.000000,held_out_character
Qwen2.5-7B-1M,8,6,MA,Memory Arbitration,0.100000,15,0,0.000000,held_out_character
Qwen2.5-7B-1M,8,7,IE,Information Extraction,0.327273,55,0,0.000000,held_out_character
Qwen2.5-7B-1M,8,7,MSR,Multi-session Reasoning,0.077586,58,1,0.017241,held_out_character
Qwen2.5-7B-1M,8,7,ES,Event Summarization,0.031250,48,1,0.020833,held_out_character
Qwen2.5-7B-1M,8,7,TR,Temporal Reasoning,0.000000,37,0,0.000000,held_out_character
Qwen2.5-7B-1M,8,7,KU,Knowledge Updating,0.095238,21,0,0.000000,held_out_character
Qwen2.5-7B-1M,8,7,MA,Memory Arbitration,0.083333,24,1,0.041667,held_out_character
Qwen2.5-7B-1M,8,8,IE,Information Extraction,0.372881,59,0,0.000000,held_out_character
Qwen2.5-7B-1M,8,8,MSR,Multi-session Reasoning,0.107143,56,2,0.035714,held_out_character
Qwen2.5-7B-1M,8,8,ES,Event Summarization,0.010204,49,1,0.020408,held_out_character
Qwen2.5-7B-1M,8,8,TR,Temporal Reasoning,0.000000,38,0,0.000000,held_out_character
Qwen2.5-7B-1M,8,8,KU,Knowledge Updating,0.058824,17,0,0.000000,held_out_character
Qwen2.5-7B-1M,8,8,MA,Memory Arbitration,0.111111,9,0,0.000000,held_out_character
Qwen2.5-7B-1M,9,1,IE,Information Extraction,0.245614,57,0,0.000000,held_out_character
Qwen2.5-7B-1M,9,1,MSR,Multi-session Reasoning,0.062500,56,4,0.071429,held_out_character
Qwen2.5-7B-1M,9,1,ES,Event Summarization,0.031250,48,2,0.041667,held_out_character
Qwen2.5-7B-1M,9,1,TR,Temporal Reasoning,0.000000,41,0,0.000000,held_out_character
Qwen2.5-7B-1M,9,1,KU,Knowledge Updating,0.052632,19,0,0.000000,held_out_character
Qwen2.5-7B-1M,9,1,MA,Memory Arbitration,0.166667,15,0,0.000000,held_out_character
Qwen2.5-7B-1M,9,2,IE,Information Extraction,0.278689,61,0,0.000000,held_out_character
Qwen2.5-7B-1M,9,2,MSR,Multi-session Reasoning,0.068966,58,4,0.068966,held_out_character
Qwen2.5-7B-1M,9,2,ES,Event Summarization,0.000000,52,1,0.019231,held_out_character
Qwen2.5-7B-1M,9,2,TR,Temporal Reasoning,0.022727,44,0,0.000000,held_out_character
Qwen2.5-7B-1M,9,2,KU,Knowledge Updating,0.230769,13,0,0.000000,held_out_character
Qwen2.5-7B-1M,9,2,MA,Memory Arbitration,0.166667,6,0,0.000000,held_out_character
Qwen2.5-7B-1M,9,3,IE,Information Extraction,0.192982,57,0,0.000000,held_out_character
Qwen2.5-7B-1M,9,3,MSR,Multi-session Reasoning,0.078947,57,5,0.087719,held_out_character
Qwen2.5-7B-1M,9,3,ES,Event Summarization,0.000000,50,2,0.040000,held_out_character
Qwen2.5-7B-1M,9,3,TR,Temporal Reasoning,0.027778,36,0,0.000000,held_out_character
Qwen2.5-7B-1M,9,3,KU,Knowledge Updating,0.428571,14,0,0.000000,held_out_character
Qwen2.5-7B-1M,9,3,MA,Memory Arbitration,0.038462,13,2,0.153846,held_out_character
Qwen2.5-7B-1M,9,4,IE,Information Extraction,0.233333,60,0,0.000000,held_out_character
Qwen2.5-7B-1M,9,4,MSR,Multi-session Reasoning,0.059322,59,2,0.033898,held_out_character
Qwen2.5-7B-1M,9,4,ES,Event Summarization,0.000000,54,1,0.018519,held_out_character
Qwen2.5-7B-1M,9,4,TR,Temporal Reasoning,0.000000,37,0,0.000000,held_out_character
Qwen2.5-7B-1M,9,4,KU,Knowledge Updating,0.100000,10,0,0.000000,held_out_character
Qwen2.5-7B-1M,9,4,MA,Memory Arbitration,0.083333,6,0,0.000000,held_out_character
Qwen2.5-7B-1M,9,5,IE,Information Extraction,0.155172,58,0,0.000000,held_out_character
Qwen2.5-7B-1M,9,5,MSR,Multi-session Reasoning,0.093220,59,7,0.118644,held_out_character
Qwen2.5-7B-1M,9,5,ES,Event Summarization,0.010000,50,1,0.020000,held_out_character
Qwen2.5-7B-1M,9,5,TR,Temporal Reasoning,0.000000,39,0,0.000000,held_out_character
Qwen2.5-7B-1M,9,5,KU,Knowledge Updating,0.142857,14,0,0.000000,held_out_character
Qwen2.5-7B-1M,9,5,MA,Memory Arbitration,0.000000,9,0,0.000000,held_out_character
Qwen2.5-7B-1M,9,6,IE,Information Extraction,0.220339,59,0,0.000000,held_out_character
Qwen2.5-7B-1M,9,6,MSR,Multi-session Reasoning,0.105263,57,2,0.035088,held_out_character
Qwen2.5-7B-1M,9,6,ES,Event Summarization,0.009804,51,1,0.019608,held_out_character
Qwen2.5-7B-1M,9,6,TR,Temporal Reasoning,0.058824,34,0,0.000000,held_out_character
Qwen2.5-7B-1M,9,6,KU,Knowledge Updating,0.157895,19,1,0.052632,held_out_character
Qwen2.5-7B-1M,9,6,MA,Memory Arbitration,0.066667,15,0,0.000000,held_out_character
Qwen2.5-7B-1M,9,7,IE,Information Extraction,0.345455,55,0,0.000000,held_out_character
Qwen2.5-7B-1M,9,7,MSR,Multi-session Reasoning,0.112069,58,2,0.034483,held_out_character
Qwen2.5-7B-1M,9,7,ES,Event Summarization,0.010417,48,0,0.000000,held_out_character
Qwen2.5-7B-1M,9,7,TR,Temporal Reasoning,0.000000,37,0,0.000000,held_out_character
Qwen2.5-7B-1M,9,7,KU,Knowledge Updating,0.190476,21,0,0.000000,held_out_character
Qwen2.5-7B-1M,9,7,MA,Memory Arbitration,0.104167,24,2,0.083333,held_out_character
Qwen2.5-7B-1M,9,8,IE,Information Extraction,0.237288,59,0,0.000000,held_out_character
Qwen2.5-7B-1M,9,8,MSR,Multi-session Reasoning,0.107143,56,4,0.071429,held_out_character
Qwen2.5-7B-1M,9,8,ES,Event Summarization,0.000000,49,1,0.020408,held_out_character
Qwen2.5-7B-1M,9,8,TR,Temporal Reasoning,0.026316,38,0,0.000000,held_out_character
Qwen2.5-7B-1M,9,8,KU,Knowledge Updating,0.058824,17,0,0.000000,held_out_character
Qwen2.5-7B-1M,9,8,MA,Memory Arbitration,0.166667,9,0,0.000000,held_out_character
Qwen2.5-7B-1M,9,9,IE,Information Extraction,0.344828,58,0,0.000000,held_out_character
Qwen2.5-7B-1M,9,9,MSR,Multi-session Reasoning,0.131579,57,1,0.017544,held_out_character
Qwen2.5-7B-1M,9,9,ES,Event Summarization,0.018519,54,2,0.037037,held_out_character
Qwen2.5-7B-1M,9,9,TR,Temporal Reasoning,0.023810,42,0,0.000000,held_out_character
Qwen2.5-7B-1M,9,9,KU,Knowledge Updating,0.250000,12,0,0.000000,held_out_character
Qwen2.5-7B-1M,9,9,MA,Memory Arbitration,0.050000,10,0,0.000000,held_out_character
Qwen2.5-7B-1M,10,1,IE,Information Extraction,0.263158,57,0,0.000000,held_out_character
Qwen2.5-7B-1M,10,1,MSR,Multi-session Reasoning,0.089286,56,0,0.000000,held_out_character
Qwen2.5-7B-1M,10,1,ES,Event Summarization,0.010417,48,4,0.083333,held_out_character
Qwen2.5-7B-1M,10,1,TR,Temporal Reasoning,0.000000,41,0,0.000000,held_out_character
Qwen2.5-7B-1M,10,1,KU,Knowledge Updating,0.105263,19,0,0.000000,held_out_character
Qwen2.5-7B-1M,10,1,MA,Memory Arbitration,0.066667,15,1,0.066667,held_out_character
Qwen2.5-7B-1M,10,2,IE,Information Extraction,0.213115,61,0,0.000000,held_out_character
Qwen2.5-7B-1M,10,2,MSR,Multi-session Reasoning,0.155172,58,0,0.000000,held_out_character
Qwen2.5-7B-1M,10,2,ES,Event Summarization,0.000000,52,1,0.019231,held_out_character
Qwen2.5-7B-1M,10,2,TR,Temporal Reasoning,0.045455,44,0,0.000000,held_out_character
Qwen2.5-7B-1M,10,2,KU,Knowledge Updating,0.307692,13,0,0.000000,held_out_character
Qwen2.5-7B-1M,10,2,MA,Memory Arbitration,0.000000,6,0,0.000000,held_out_character
Qwen2.5-7B-1M,10,3,IE,Information Extraction,0.192982,57,0,0.000000,held_out_character
Qwen2.5-7B-1M,10,3,MSR,Multi-session Reasoning,0.070175,57,1,0.017544,held_out_character
Qwen2.5-7B-1M,10,3,ES,Event Summarization,0.000000,50,2,0.040000,held_out_character
Qwen2.5-7B-1M,10,3,TR,Temporal Reasoning,0.000000,36,0,0.000000,held_out_character
Qwen2.5-7B-1M,10,3,KU,Knowledge Updating,0.357143,14,0,0.000000,held_out_character
Qwen2.5-7B-1M,10,3,MA,Memory Arbitration,0.000000,13,1,0.076923,held_out_character
Qwen2.5-7B-1M,10,4,IE,Information Extraction,0.233333,60,0,0.000000,held_out_character
Qwen2.5-7B-1M,10,4,MSR,Multi-session Reasoning,0.067797,59,0,0.000000,held_out_character
Qwen2.5-7B-1M,10,4,ES,Event Summarization,0.037037,54,1,0.018519,held_out_character
Qwen2.5-7B-1M,10,4,TR,Temporal Reasoning,0.054054,37,0,0.000000,held_out_character
Qwen2.5-7B-1M,10,4,KU,Knowledge Updating,0.200000,10,0,0.000000,held_out_character
Qwen2.5-7B-1M,10,4,MA,Memory Arbitration,0.000000,6,1,0.166667,held_out_character
Qwen2.5-7B-1M,10,5,IE,Information Extraction,0.068966,58,0,0.000000,held_out_character
Qwen2.5-7B-1M,10,5,MSR,Multi-session Reasoning,0.135593,59,0,0.000000,held_out_character
Qwen2.5-7B-1M,10,5,ES,Event Summarization,0.010000,50,1,0.020000,held_out_character
Qwen2.5-7B-1M,10,5,TR,Temporal Reasoning,0.000000,39,0,0.000000,held_out_character
Qwen2.5-7B-1M,10,5,KU,Knowledge Updating,0.000000,14,0,0.000000,held_out_character
Qwen2.5-7B-1M,10,5,MA,Memory Arbitration,0.111111,9,0,0.000000,held_out_character
Qwen2.5-7B-1M,10,6,IE,Information Extraction,0.254237,59,0,0.000000,held_out_character
Qwen2.5-7B-1M,10,6,MSR,Multi-session Reasoning,0.122807,57,0,0.000000,held_out_character
Qwen2.5-7B-1M,10,6,ES,Event Summarization,0.039216,51,2,0.039216,held_out_character
Qwen2.5-7B-1M,10,6,TR,Temporal Reasoning,0.029412,34,0,0.000000,held_out_character
Qwen2.5-7B-1M,10,6,KU,Knowledge Updating,0.105263,19,0,0.000000,held_out_character
Qwen2.5-7B-1M,10,6,MA,Memory Arbitration,0.233333,15,0,0.000000,held_out_character
Qwen2.5-7B-1M,10,7,IE,Information Extraction,0.254545,55,0,0.000000,held_out_character
Qwen2.5-7B-1M,10,7,MSR,Multi-session Reasoning,0.137931,58,0,0.000000,held_out_character
Qwen2.5-7B-1M,10,7,ES,Event Summarization,0.020833,48,1,0.020833,held_out_character
Qwen2.5-7B-1M,10,7,TR,Temporal Reasoning,0.027027,37,0,0.000000,held_out_character
Qwen2.5-7B-1M,10,7,KU,Knowledge Updating,0.000000,21,0,0.000000,held_out_character
Qwen2.5-7B-1M,10,7,MA,Memory Arbitration,0.062500,24,2,0.083333,held_out_character
Qwen2.5-7B-1M,10,8,IE,Information Extraction,0.203390,59,0,0.000000,held_out_character
Qwen2.5-7B-1M,10,8,MSR,Multi-session Reasoning,0.098214,56,1,0.017857,held_out_character
Qwen2.5-7B-1M,10,8,ES,Event Summarization,0.010204,49,1,0.020408,held_out_character
Qwen2.5-7B-1M,10,8,TR,Temporal Reasoning,0.052632,38,0,0.000000,held_out_character
Qwen2.5-7B-1M,10,8,KU,Knowledge Updating,0.235294,17,0,0.000000,held_out_character
Qwen2.5-7B-1M,10,8,MA,Memory Arbitration,0.055556,9,1,0.111111,held_out_character
Qwen2.5-7B-1M,10,9,IE,Information Extraction,0.275862,58,0,0.000000,held_out_character
Qwen2.5-7B-1M,10,9,MSR,Multi-session Reasoning,0.114035,57,2,0.035088,held_out_character
Qwen2.5-7B-1M,10,9,ES,Event Summarization,0.000000,54,2,0.037037,held_out_character
Qwen2.5-7B-1M,10,9,TR,Temporal Reasoning,0.023810,42,0,0.000000,held_out_character
Qwen2.5-7B-1M,10,9,KU,Knowledge Updating,0.166667,12,0,0.000000,held_out_character
Qwen2.5-7B-1M,10,9,MA,Memory Arbitration,0.000000,10,2,0.200000,held_out_character
Qwen2.5-7B-1M,10,10,IE,Information Extraction,0.271186,59,0,0.000000,held_out_character
Qwen2.5-7B-1M,10,10,MSR,Multi-session Reasoning,0.108333,60,2,0.033333,held_out_character
Qwen2.5-7B-1M,10,10,ES,Event Summarization,0.019231,52,2,0.038462,held_out_character
Qwen2.5-7B-1M,10,10,TR,Temporal Reasoning,0.000000,40,0,0.000000,held_out_character
Qwen2.5-7B-1M,10,10,KU,Knowledge Updating,0.133333,15,0,0.000000,held_out_character
Qwen2.5-7B-1M,10,10,MA,Memory Arbitration,0.115385,13,1,0.076923,held_out_character
Qwen2.5-7B-1M,1,1,IE,Information Extraction,0.260504,238,0,0.000000,supervised_character
Qwen2.5-7B-1M,1,1,MSR,Multi-session Reasoning,0.097458,236,13,0.055085,supervised_character
Qwen2.5-7B-1M,1,1,ES,Event Summarization,0.004762,210,6,0.028571,supervised_character
Qwen2.5-7B-1M,1,1,TR,Temporal Reasoning,0.000000,142,0,0.000000,supervised_character
Qwen2.5-7B-1M,1,1,KU,Knowledge Updating,0.065574,61,0,0.000000,supervised_character
Qwen2.5-7B-1M,1,1,MA,Memory Arbitration,0.149123,57,3,0.052632,supervised_character
Qwen3.5-9B,1,1,IE,Information Extraction,0.385965,57,0,0.000000,held_out_character
Qwen3.5-9B,1,1,MSR,Multi-session Reasoning,0.151786,56,3,0.053571,held_out_character
Qwen3.5-9B,1,1,ES,Event Summarization,0.000000,48,1,0.020833,held_out_character
Qwen3.5-9B,1,1,TR,Temporal Reasoning,0.000000,41,0,0.000000,held_out_character
Qwen3.5-9B,1,1,KU,Knowledge Updating,0.105263,19,0,0.000000,held_out_character
Qwen3.5-9B,1,1,MA,Memory Arbitration,0.266667,15,0,0.000000,held_out_character
Qwen3.5-9B,2,1,IE,Information Extraction,0.333333,57,0,0.000000,held_out_character
Qwen3.5-9B,2,1,MSR,Multi-session Reasoning,0.080357,56,0,0.000000,held_out_character
Qwen3.5-9B,2,1,ES,Event Summarization,0.031250,48,0,0.000000,held_out_character
Qwen3.5-9B,2,1,TR,Temporal Reasoning,0.000000,41,0,0.000000,held_out_character
Qwen3.5-9B,2,1,KU,Knowledge Updating,0.105263,19,0,0.000000,held_out_character
Qwen3.5-9B,2,1,MA,Memory Arbitration,0.233333,15,2,0.133333,held_out_character
Qwen3.5-9B,2,2,IE,Information Extraction,0.442623,61,1,0.016393,held_out_character
Qwen3.5-9B,2,2,MSR,Multi-session Reasoning,0.146552,58,1,0.017241,held_out_character
Qwen3.5-9B,2,2,ES,Event Summarization,0.000000,52,0,0.000000,held_out_character
Qwen3.5-9B,2,2,TR,Temporal Reasoning,0.068182,44,0,0.000000,held_out_character
Qwen3.5-9B,2,2,KU,Knowledge Updating,0.384615,13,0,0.000000,held_out_character
Qwen3.5-9B,2,2,MA,Memory Arbitration,0.000000,6,1,0.166667,held_out_character
Qwen3.5-9B,3,1,IE,Information Extraction,0.315789,57,0,0.000000,held_out_character
Qwen3.5-9B,3,1,MSR,Multi-session Reasoning,0.098214,56,1,0.017857,held_out_character
Qwen3.5-9B,3,1,ES,Event Summarization,0.020833,48,0,0.000000,held_out_character
Qwen3.5-9B,3,1,TR,Temporal Reasoning,0.000000,41,3,0.073171,held_out_character
Qwen3.5-9B,3,1,KU,Knowledge Updating,0.052632,19,0,0.000000,held_out_character
Qwen3.5-9B,3,1,MA,Memory Arbitration,0.166667,15,0,0.000000,held_out_character
Qwen3.5-9B,3,2,IE,Information Extraction,0.360656,61,1,0.016393,held_out_character
Qwen3.5-9B,3,2,MSR,Multi-session Reasoning,0.129310,58,1,0.017241,held_out_character
Qwen3.5-9B,3,2,ES,Event Summarization,0.000000,52,0,0.000000,held_out_character
Qwen3.5-9B,3,2,TR,Temporal Reasoning,0.068182,44,6,0.136364,held_out_character
Qwen3.5-9B,3,2,KU,Knowledge Updating,0.153846,13,0,0.000000,held_out_character
Qwen3.5-9B,3,2,MA,Memory Arbitration,0.166667,6,0,0.000000,held_out_character
Qwen3.5-9B,3,3,IE,Information Extraction,0.368421,57,0,0.000000,held_out_character
Qwen3.5-9B,3,3,MSR,Multi-session Reasoning,0.175439,57,0,0.000000,held_out_character
Qwen3.5-9B,3,3,ES,Event Summarization,0.000000,50,0,0.000000,held_out_character
Qwen3.5-9B,3,3,TR,Temporal Reasoning,0.000000,36,1,0.027778,held_out_character
Qwen3.5-9B,3,3,KU,Knowledge Updating,0.214286,14,1,0.071429,held_out_character
Qwen3.5-9B,3,3,MA,Memory Arbitration,0.115385,13,0,0.000000,held_out_character
Qwen3.5-9B,4,1,IE,Information Extraction,0.350877,57,0,0.000000,held_out_character
Qwen3.5-9B,4,1,MSR,Multi-session Reasoning,0.053571,56,0,0.000000,held_out_character
Qwen3.5-9B,4,1,ES,Event Summarization,0.000000,48,0,0.000000,held_out_character
Qwen3.5-9B,4,1,TR,Temporal Reasoning,0.024390,41,1,0.024390,held_out_character
Qwen3.5-9B,4,1,KU,Knowledge Updating,0.105263,19,0,0.000000,held_out_character
Qwen3.5-9B,4,1,MA,Memory Arbitration,0.133333,15,0,0.000000,held_out_character
Qwen3.5-9B,4,2,IE,Information Extraction,0.344262,61,0,0.000000,held_out_character
Qwen3.5-9B,4,2,MSR,Multi-session Reasoning,0.060345,58,1,0.017241,held_out_character
Qwen3.5-9B,4,2,ES,Event Summarization,0.000000,52,0,0.000000,held_out_character
Qwen3.5-9B,4,2,TR,Temporal Reasoning,0.068182,44,1,0.022727,held_out_character
Qwen3.5-9B,4,2,KU,Knowledge Updating,0.307692,13,0,0.000000,held_out_character
Qwen3.5-9B,4,2,MA,Memory Arbitration,0.166667,6,0,0.000000,held_out_character
Qwen3.5-9B,4,3,IE,Information Extraction,0.228070,57,0,0.000000,held_out_character
Qwen3.5-9B,4,3,MSR,Multi-session Reasoning,0.149123,57,0,0.000000,held_out_character
Qwen3.5-9B,4,3,ES,Event Summarization,0.000000,50,0,0.000000,held_out_character
Qwen3.5-9B,4,3,TR,Temporal Reasoning,0.027778,36,3,0.083333,held_out_character
Qwen3.5-9B,4,3,KU,Knowledge Updating,0.357143,14,0,0.000000,held_out_character
Qwen3.5-9B,4,3,MA,Memory Arbitration,0.115385,13,0,0.000000,held_out_character
Qwen3.5-9B,4,4,IE,Information Extraction,0.283333,60,0,0.000000,held_out_character
Qwen3.5-9B,4,4,MSR,Multi-session Reasoning,0.093220,59,0,0.000000,held_out_character
Qwen3.5-9B,4,4,ES,Event Summarization,0.037037,54,0,0.000000,held_out_character
Qwen3.5-9B,4,4,TR,Temporal Reasoning,0.027027,37,3,0.081081,held_out_character
Qwen3.5-9B,4,4,KU,Knowledge Updating,0.100000,10,0,0.000000,held_out_character
Qwen3.5-9B,4,4,MA,Memory Arbitration,0.333333,6,0,0.000000,held_out_character
Qwen3.5-9B,5,1,IE,Information Extraction,0.350877,57,0,0.000000,held_out_character
Qwen3.5-9B,5,1,MSR,Multi-session Reasoning,0.080357,56,0,0.000000,held_out_character
Qwen3.5-9B,5,1,ES,Event Summarization,0.041667,48,0,0.000000,held_out_character
Qwen3.5-9B,5,1,TR,Temporal Reasoning,0.000000,41,3,0.073171,held_out_character
Qwen3.5-9B,5,1,KU,Knowledge Updating,0.157895,19,0,0.000000,held_out_character
Qwen3.5-9B,5,1,MA,Memory Arbitration,0.133333,15,0,0.000000,held_out_character
Qwen3.5-9B,5,2,IE,Information Extraction,0.327869,61,0,0.000000,held_out_character
Qwen3.5-9B,5,2,MSR,Multi-session Reasoning,0.086207,58,0,0.000000,held_out_character
Qwen3.5-9B,5,2,ES,Event Summarization,0.000000,52,0,0.000000,held_out_character
Qwen3.5-9B,5,2,TR,Temporal Reasoning,0.068182,44,2,0.045455,held_out_character
Qwen3.5-9B,5,2,KU,Knowledge Updating,0.384615,13,0,0.000000,held_out_character
Qwen3.5-9B,5,2,MA,Memory Arbitration,0.000000,6,0,0.000000,held_out_character
Qwen3.5-9B,5,3,IE,Information Extraction,0.263158,57,0,0.000000,held_out_character
Qwen3.5-9B,5,3,MSR,Multi-session Reasoning,0.105263,57,1,0.017544,held_out_character
Qwen3.5-9B,5,3,ES,Event Summarization,0.020000,50,0,0.000000,held_out_character
Qwen3.5-9B,5,3,TR,Temporal Reasoning,0.000000,36,1,0.027778,held_out_character
Qwen3.5-9B,5,3,KU,Knowledge Updating,0.285714,14,0,0.000000,held_out_character
Qwen3.5-9B,5,3,MA,Memory Arbitration,0.192308,13,0,0.000000,held_out_character
Qwen3.5-9B,5,4,IE,Information Extraction,0.250000,60,0,0.000000,held_out_character
Qwen3.5-9B,5,4,MSR,Multi-session Reasoning,0.127119,59,0,0.000000,held_out_character
Qwen3.5-9B,5,4,ES,Event Summarization,0.018519,54,2,0.037037,held_out_character
Qwen3.5-9B,5,4,TR,Temporal Reasoning,0.000000,37,0,0.000000,held_out_character
Qwen3.5-9B,5,4,KU,Knowledge Updating,0.200000,10,0,0.000000,held_out_character
Qwen3.5-9B,5,4,MA,Memory Arbitration,0.333333,6,0,0.000000,held_out_character
Qwen3.5-9B,5,5,IE,Information Extraction,0.327586,58,0,0.000000,held_out_character
Qwen3.5-9B,5,5,MSR,Multi-session Reasoning,0.127119,59,0,0.000000,held_out_character
Qwen3.5-9B,5,5,ES,Event Summarization,0.010000,50,0,0.000000,held_out_character
Qwen3.5-9B,5,5,TR,Temporal Reasoning,0.000000,39,2,0.051282,held_out_character
Qwen3.5-9B,5,5,KU,Knowledge Updating,0.357143,14,0,0.000000,held_out_character
Qwen3.5-9B,5,5,MA,Memory Arbitration,0.111111,9,0,0.000000,held_out_character
Qwen3.5-9B,6,1,IE,Information Extraction,0.333333,57,0,0.000000,held_out_character
Qwen3.5-9B,6,1,MSR,Multi-session Reasoning,0.071429,56,0,0.000000,held_out_character
Qwen3.5-9B,6,1,ES,Event Summarization,0.041667,48,0,0.000000,held_out_character
Qwen3.5-9B,6,1,TR,Temporal Reasoning,0.000000,41,0,0.000000,held_out_character
Qwen3.5-9B,6,1,KU,Knowledge Updating,0.210526,19,0,0.000000,held_out_character
Qwen3.5-9B,6,1,MA,Memory Arbitration,0.200000,15,0,0.000000,held_out_character
Qwen3.5-9B,6,2,IE,Information Extraction,0.262295,61,0,0.000000,held_out_character
Qwen3.5-9B,6,2,MSR,Multi-session Reasoning,0.112069,58,0,0.000000,held_out_character
Qwen3.5-9B,6,2,ES,Event Summarization,0.009615,52,0,0.000000,held_out_character
Qwen3.5-9B,6,2,TR,Temporal Reasoning,0.068182,44,0,0.000000,held_out_character
Qwen3.5-9B,6,2,KU,Knowledge Updating,0.307692,13,0,0.000000,held_out_character
Qwen3.5-9B,6,2,MA,Memory Arbitration,0.083333,6,0,0.000000,held_out_character
Qwen3.5-9B,6,3,IE,Information Extraction,0.228070,57,0,0.000000,held_out_character
Qwen3.5-9B,6,3,MSR,Multi-session Reasoning,0.131579,57,0,0.000000,held_out_character
Qwen3.5-9B,6,3,ES,Event Summarization,0.000000,50,0,0.000000,held_out_character
Qwen3.5-9B,6,3,TR,Temporal Reasoning,0.000000,36,0,0.000000,held_out_character
Qwen3.5-9B,6,3,KU,Knowledge Updating,0.357143,14,0,0.000000,held_out_character
Qwen3.5-9B,6,3,MA,Memory Arbitration,0.115385,13,1,0.076923,held_out_character
Qwen3.5-9B,6,4,IE,Information Extraction,0.266667,60,0,0.000000,held_out_character
Qwen3.5-9B,6,4,MSR,Multi-session Reasoning,0.110169,59,0,0.000000,held_out_character
Qwen3.5-9B,6,4,ES,Event Summarization,0.046296,54,0,0.000000,held_out_character
Qwen3.5-9B,6,4,TR,Temporal Reasoning,0.054054,37,0,0.000000,held_out_character
Qwen3.5-9B,6,4,KU,Knowledge Updating,0.300000,10,0,0.000000,held_out_character
Qwen3.5-9B,6,4,MA,Memory Arbitration,0.166667,6,0,0.000000,held_out_character
Qwen3.5-9B,6,5,IE,Information Extraction,0.224138,58,0,0.000000,held_out_character
Qwen3.5-9B,6,5,MSR,Multi-session Reasoning,0.067797,59,0,0.000000,held_out_character
Qwen3.5-9B,6,5,ES,Event Summarization,0.000000,50,0,0.000000,held_out_character
Qwen3.5-9B,6,5,TR,Temporal Reasoning,0.000000,39,0,0.000000,held_out_character
Qwen3.5-9B,6,5,KU,Knowledge Updating,0.142857,14,0,0.000000,held_out_character
Qwen3.5-9B,6,5,MA,Memory Arbitration,0.277778,9,0,0.000000,held_out_character
Qwen3.5-9B,6,6,IE,Information Extraction,0.474576,59,0,0.000000,held_out_character
Qwen3.5-9B,6,6,MSR,Multi-session Reasoning,0.122807,57,0,0.000000,held_out_character
Qwen3.5-9B,6,6,ES,Event Summarization,0.009804,51,1,0.019608,held_out_character
Qwen3.5-9B,6,6,TR,Temporal Reasoning,0.029412,34,0,0.000000,held_out_character
Qwen3.5-9B,6,6,KU,Knowledge Updating,0.105263,19,0,0.000000,held_out_character
Qwen3.5-9B,6,6,MA,Memory Arbitration,0.300000,15,0,0.000000,held_out_character
Qwen3.5-9B,7,1,IE,Information Extraction,0.315789,57,0,0.000000,held_out_character
Qwen3.5-9B,7,1,MSR,Multi-session Reasoning,0.089286,56,0,0.000000,held_out_character
Qwen3.5-9B,7,1,ES,Event Summarization,0.000000,48,1,0.020833,held_out_character
Qwen3.5-9B,7,1,TR,Temporal Reasoning,0.000000,41,0,0.000000,held_out_character
Qwen3.5-9B,7,1,KU,Knowledge Updating,0.157895,19,0,0.000000,held_out_character
Qwen3.5-9B,7,1,MA,Memory Arbitration,0.166667,15,0,0.000000,held_out_character
Qwen3.5-9B,7,2,IE,Information Extraction,0.262295,61,0,0.000000,held_out_character
Qwen3.5-9B,7,2,MSR,Multi-session Reasoning,0.094828,58,0,0.000000,held_out_character
Qwen3.5-9B,7,2,ES,Event Summarization,0.000000,52,0,0.000000,held_out_character
Qwen3.5-9B,7,2,TR,Temporal Reasoning,0.068182,44,1,0.022727,held_out_character
Qwen3.5-9B,7,2,KU,Knowledge Updating,0.230769,13,0,0.000000,held_out_character
Qwen3.5-9B,7,2,MA,Memory Arbitration,0.000000,6,0,0.000000,held_out_character
Qwen3.5-9B,7,3,IE,Information Extraction,0.210526,57,0,0.000000,held_out_character
Qwen3.5-9B,7,3,MSR,Multi-session Reasoning,0.122807,57,0,0.000000,held_out_character
Qwen3.5-9B,7,3,ES,Event Summarization,0.000000,50,0,0.000000,held_out_character
Qwen3.5-9B,7,3,TR,Temporal Reasoning,0.000000,36,0,0.000000,held_out_character
Qwen3.5-9B,7,3,KU,Knowledge Updating,0.142857,14,0,0.000000,held_out_character
Qwen3.5-9B,7,3,MA,Memory Arbitration,0.230769,13,0,0.000000,held_out_character
Qwen3.5-9B,7,4,IE,Information Extraction,0.233333,60,0,0.000000,held_out_character
Qwen3.5-9B,7,4,MSR,Multi-session Reasoning,0.144068,59,1,0.016949,held_out_character
Qwen3.5-9B,7,4,ES,Event Summarization,0.018519,54,0,0.000000,held_out_character
Qwen3.5-9B,7,4,TR,Temporal Reasoning,0.027027,37,0,0.000000,held_out_character
Qwen3.5-9B,7,4,KU,Knowledge Updating,0.200000,10,0,0.000000,held_out_character
Qwen3.5-9B,7,4,MA,Memory Arbitration,0.083333,6,0,0.000000,held_out_character
Qwen3.5-9B,7,5,IE,Information Extraction,0.224138,58,0,0.000000,held_out_character
Qwen3.5-9B,7,5,MSR,Multi-session Reasoning,0.135593,59,1,0.016949,held_out_character
Qwen3.5-9B,7,5,ES,Event Summarization,0.010000,50,0,0.000000,held_out_character
Qwen3.5-9B,7,5,TR,Temporal Reasoning,0.000000,39,0,0.000000,held_out_character
Qwen3.5-9B,7,5,KU,Knowledge Updating,0.071429,14,0,0.000000,held_out_character
Qwen3.5-9B,7,5,MA,Memory Arbitration,0.111111,9,0,0.000000,held_out_character
Qwen3.5-9B,7,6,IE,Information Extraction,0.305085,59,0,0.000000,held_out_character
Qwen3.5-9B,7,6,MSR,Multi-session Reasoning,0.096491,57,1,0.017544,held_out_character
Qwen3.5-9B,7,6,ES,Event Summarization,0.019608,51,0,0.000000,held_out_character
Qwen3.5-9B,7,6,TR,Temporal Reasoning,0.000000,34,0,0.000000,held_out_character
Qwen3.5-9B,7,6,KU,Knowledge Updating,0.210526,19,0,0.000000,held_out_character
Qwen3.5-9B,7,6,MA,Memory Arbitration,0.166667,15,0,0.000000,held_out_character
Qwen3.5-9B,7,7,IE,Information Extraction,0.509091,55,0,0.000000,held_out_character
Qwen3.5-9B,7,7,MSR,Multi-session Reasoning,0.172414,58,0,0.000000,held_out_character
Qwen3.5-9B,7,7,ES,Event Summarization,0.010417,48,0,0.000000,held_out_character
Qwen3.5-9B,7,7,TR,Temporal Reasoning,0.027027,37,0,0.000000,held_out_character
Qwen3.5-9B,7,7,KU,Knowledge Updating,0.380952,21,0,0.000000,held_out_character
Qwen3.5-9B,7,7,MA,Memory Arbitration,0.291667,24,0,0.000000,held_out_character
Qwen3.5-9B,8,1,IE,Information Extraction,0.315789,57,0,0.000000,held_out_character
Qwen3.5-9B,8,1,MSR,Multi-session Reasoning,0.089286,56,1,0.017857,held_out_character
Qwen3.5-9B,8,1,ES,Event Summarization,0.031250,48,0,0.000000,held_out_character
Qwen3.5-9B,8,1,TR,Temporal Reasoning,0.024390,41,0,0.000000,held_out_character
Qwen3.5-9B,8,1,KU,Knowledge Updating,0.157895,19,1,0.052632,held_out_character
Qwen3.5-9B,8,1,MA,Memory Arbitration,0.233333,15,0,0.000000,held_out_character
Qwen3.5-9B,8,2,IE,Information Extraction,0.245902,61,0,0.000000,held_out_character
Qwen3.5-9B,8,2,MSR,Multi-session Reasoning,0.094828,58,0,0.000000,held_out_character
Qwen3.5-9B,8,2,ES,Event Summarization,0.009615,52,0,0.000000,held_out_character
Qwen3.5-9B,8,2,TR,Temporal Reasoning,0.113636,44,0,0.000000,held_out_character
Qwen3.5-9B,8,2,KU,Knowledge Updating,0.307692,13,0,0.000000,held_out_character
Qwen3.5-9B,8,2,MA,Memory Arbitration,0.000000,6,0,0.000000,held_out_character
Qwen3.5-9B,8,3,IE,Information Extraction,0.210526,57,0,0.000000,held_out_character
Qwen3.5-9B,8,3,MSR,Multi-session Reasoning,0.131579,57,0,0.000000,held_out_character
Qwen3.5-9B,8,3,ES,Event Summarization,0.000000,50,0,0.000000,held_out_character
Qwen3.5-9B,8,3,TR,Temporal Reasoning,0.000000,36,0,0.000000,held_out_character
Qwen3.5-9B,8,3,KU,Knowledge Updating,0.214286,14,0,0.000000,held_out_character
Qwen3.5-9B,8,3,MA,Memory Arbitration,0.038462,13,0,0.000000,held_out_character
Qwen3.5-9B,8,4,IE,Information Extraction,0.216667,60,0,0.000000,held_out_character
Qwen3.5-9B,8,4,MSR,Multi-session Reasoning,0.144068,59,0,0.000000,held_out_character
Qwen3.5-9B,8,4,ES,Event Summarization,0.027778,54,1,0.018519,held_out_character
Qwen3.5-9B,8,4,TR,Temporal Reasoning,0.054054,37,0,0.000000,held_out_character
Qwen3.5-9B,8,4,KU,Knowledge Updating,0.100000,10,0,0.000000,held_out_character
Qwen3.5-9B,8,4,MA,Memory Arbitration,0.166667,6,0,0.000000,held_out_character
Qwen3.5-9B,8,5,IE,Information Extraction,0.189655,58,1,0.017241,held_out_character
Qwen3.5-9B,8,5,MSR,Multi-session Reasoning,0.093220,59,0,0.000000,held_out_character
Qwen3.5-9B,8,5,ES,Event Summarization,0.010000,50,0,0.000000,held_out_character
Qwen3.5-9B,8,5,TR,Temporal Reasoning,0.000000,39,0,0.000000,held_out_character
Qwen3.5-9B,8,5,KU,Knowledge Updating,0.142857,14,0,0.000000,held_out_character
Qwen3.5-9B,8,5,MA,Memory Arbitration,0.000000,9,0,0.000000,held_out_character
Qwen3.5-9B,8,6,IE,Information Extraction,0.355932,59,0,0.000000,held_out_character
Qwen3.5-9B,8,6,MSR,Multi-session Reasoning,0.140351,57,1,0.017544,held_out_character
Qwen3.5-9B,8,6,ES,Event Summarization,0.000000,51,0,0.000000,held_out_character
Qwen3.5-9B,8,6,TR,Temporal Reasoning,0.000000,34,0,0.000000,held_out_character
Qwen3.5-9B,8,6,KU,Knowledge Updating,0.157895,19,1,0.052632,held_out_character
Qwen3.5-9B,8,6,MA,Memory Arbitration,0.166667,15,1,0.066667,held_out_character
Qwen3.5-9B,8,7,IE,Information Extraction,0.327273,55,0,0.000000,held_out_character
Qwen3.5-9B,8,7,MSR,Multi-session Reasoning,0.137931,58,0,0.000000,held_out_character
Qwen3.5-9B,8,7,ES,Event Summarization,0.010417,48,0,0.000000,held_out_character
Qwen3.5-9B,8,7,TR,Temporal Reasoning,0.000000,37,0,0.000000,held_out_character
Qwen3.5-9B,8,7,KU,Knowledge Updating,0.238095,21,0,0.000000,held_out_character
Qwen3.5-9B,8,7,MA,Memory Arbitration,0.187500,24,0,0.000000,held_out_character
Qwen3.5-9B,8,8,IE,Information Extraction,0.440678,59,0,0.000000,held_out_character
Qwen3.5-9B,8,8,MSR,Multi-session Reasoning,0.089286,56,0,0.000000,held_out_character
Qwen3.5-9B,8,8,ES,Event Summarization,0.000000,49,0,0.000000,held_out_character
Qwen3.5-9B,8,8,TR,Temporal Reasoning,0.078947,38,0,0.000000,held_out_character
Qwen3.5-9B,8,8,KU,Knowledge Updating,0.235294,17,0,0.000000,held_out_character
Qwen3.5-9B,8,8,MA,Memory Arbitration,0.277778,9,0,0.000000,held_out_character
Qwen3.5-9B,9,1,IE,Information Extraction,0.298246,57,0,0.000000,held_out_character
Qwen3.5-9B,9,1,MSR,Multi-session Reasoning,0.053571,56,0,0.000000,held_out_character
Qwen3.5-9B,9,1,ES,Event Summarization,0.010417,48,0,0.000000,held_out_character
Qwen3.5-9B,9,1,TR,Temporal Reasoning,0.024390,41,0,0.000000,held_out_character
Qwen3.5-9B,9,1,KU,Knowledge Updating,0.052632,19,0,0.000000,held_out_character
Qwen3.5-9B,9,1,MA,Memory Arbitration,0.233333,15,0,0.000000,held_out_character
Qwen3.5-9B,9,2,IE,Information Extraction,0.245902,61,0,0.000000,held_out_character
Qwen3.5-9B,9,2,MSR,Multi-session Reasoning,0.086207,58,1,0.017241,held_out_character
Qwen3.5-9B,9,2,ES,Event Summarization,0.009615,52,0,0.000000,held_out_character
Qwen3.5-9B,9,2,TR,Temporal Reasoning,0.068182,44,0,0.000000,held_out_character
Qwen3.5-9B,9,2,KU,Knowledge Updating,0.384615,13,0,0.000000,held_out_character
Qwen3.5-9B,9,2,MA,Memory Arbitration,0.083333,6,0,0.000000,held_out_character
Qwen3.5-9B,9,3,IE,Information Extraction,0.157895,57,0,0.000000,held_out_character
Qwen3.5-9B,9,3,MSR,Multi-session Reasoning,0.122807,57,1,0.017544,held_out_character
Qwen3.5-9B,9,3,ES,Event Summarization,0.000000,50,0,0.000000,held_out_character
Qwen3.5-9B,9,3,TR,Temporal Reasoning,0.000000,36,0,0.000000,held_out_character
Qwen3.5-9B,9,3,KU,Knowledge Updating,0.428571,14,0,0.000000,held_out_character
Qwen3.5-9B,9,3,MA,Memory Arbitration,0.115385,13,0,0.000000,held_out_character
Qwen3.5-9B,9,4,IE,Information Extraction,0.233333,60,0,0.000000,held_out_character
Qwen3.5-9B,9,4,MSR,Multi-session Reasoning,0.067797,59,0,0.000000,held_out_character
Qwen3.5-9B,9,4,ES,Event Summarization,0.009259,54,1,0.018519,held_out_character
Qwen3.5-9B,9,4,TR,Temporal Reasoning,0.027027,37,0,0.000000,held_out_character
Qwen3.5-9B,9,4,KU,Knowledge Updating,0.100000,10,0,0.000000,held_out_character
Qwen3.5-9B,9,4,MA,Memory Arbitration,0.250000,6,0,0.000000,held_out_character
Qwen3.5-9B,9,5,IE,Information Extraction,0.206897,58,0,0.000000,held_out_character
Qwen3.5-9B,9,5,MSR,Multi-session Reasoning,0.093220,59,0,0.000000,held_out_character
Qwen3.5-9B,9,5,ES,Event Summarization,0.000000,50,0,0.000000,held_out_character
Qwen3.5-9B,9,5,TR,Temporal Reasoning,0.000000,39,0,0.000000,held_out_character
Qwen3.5-9B,9,5,KU,Knowledge Updating,0.142857,14,0,0.000000,held_out_character
Qwen3.5-9B,9,5,MA,Memory Arbitration,0.166667,9,0,0.000000,held_out_character
Qwen3.5-9B,9,6,IE,Information Extraction,0.237288,59,0,0.000000,held_out_character
Qwen3.5-9B,9,6,MSR,Multi-session Reasoning,0.105263,57,0,0.000000,held_out_character
Qwen3.5-9B,9,6,ES,Event Summarization,0.000000,51,0,0.000000,held_out_character
Qwen3.5-9B,9,6,TR,Temporal Reasoning,0.029412,34,0,0.000000,held_out_character
Qwen3.5-9B,9,6,KU,Knowledge Updating,0.105263,19,0,0.000000,held_out_character
Qwen3.5-9B,9,6,MA,Memory Arbitration,0.133333,15,0,0.000000,held_out_character
Qwen3.5-9B,9,7,IE,Information Extraction,0.381818,55,0,0.000000,held_out_character
Qwen3.5-9B,9,7,MSR,Multi-session Reasoning,0.120690,58,0,0.000000,held_out_character
Qwen3.5-9B,9,7,ES,Event Summarization,0.031250,48,0,0.000000,held_out_character
Qwen3.5-9B,9,7,TR,Temporal Reasoning,0.000000,37,1,0.027027,held_out_character
Qwen3.5-9B,9,7,KU,Knowledge Updating,0.047619,21,1,0.047619,held_out_character
Qwen3.5-9B,9,7,MA,Memory Arbitration,0.083333,24,1,0.041667,held_out_character
Qwen3.5-9B,9,8,IE,Information Extraction,0.271186,59,0,0.000000,held_out_character
Qwen3.5-9B,9,8,MSR,Multi-session Reasoning,0.044643,56,1,0.017857,held_out_character
Qwen3.5-9B,9,8,ES,Event Summarization,0.000000,49,0,0.000000,held_out_character
Qwen3.5-9B,9,8,TR,Temporal Reasoning,0.026316,38,0,0.000000,held_out_character
Qwen3.5-9B,9,8,KU,Knowledge Updating,0.117647,17,1,0.058824,held_out_character
Qwen3.5-9B,9,8,MA,Memory Arbitration,0.277778,9,0,0.000000,held_out_character
Qwen3.5-9B,9,9,IE,Information Extraction,0.293103,58,0,0.000000,held_out_character
Qwen3.5-9B,9,9,MSR,Multi-session Reasoning,0.122807,57,0,0.000000,held_out_character
Qwen3.5-9B,9,9,ES,Event Summarization,0.009259,54,1,0.018519,held_out_character
Qwen3.5-9B,9,9,TR,Temporal Reasoning,0.071429,42,0,0.000000,held_out_character
Qwen3.5-9B,9,9,KU,Knowledge Updating,0.250000,12,0,0.000000,held_out_character
Qwen3.5-9B,9,9,MA,Memory Arbitration,0.150000,10,1,0.100000,held_out_character
Qwen3.5-9B,10,1,IE,Information Extraction,0.298246,57,0,0.000000,held_out_character
Qwen3.5-9B,10,1,MSR,Multi-session Reasoning,0.089286,56,1,0.017857,held_out_character
Qwen3.5-9B,10,1,ES,Event Summarization,0.010417,48,0,0.000000,held_out_character
Qwen3.5-9B,10,1,TR,Temporal Reasoning,0.024390,41,0,0.000000,held_out_character
Qwen3.5-9B,10,1,KU,Knowledge Updating,0.157895,19,0,0.000000,held_out_character
Qwen3.5-9B,10,1,MA,Memory Arbitration,0.100000,15,1,0.066667,held_out_character
Qwen3.5-9B,10,2,IE,Information Extraction,0.229508,61,0,0.000000,held_out_character
Qwen3.5-9B,10,2,MSR,Multi-session Reasoning,0.112069,58,2,0.034483,held_out_character
Qwen3.5-9B,10,2,ES,Event Summarization,0.000000,52,1,0.019231,held_out_character
Qwen3.5-9B,10,2,TR,Temporal Reasoning,0.045455,44,2,0.045455,held_out_character
Qwen3.5-9B,10,2,KU,Knowledge Updating,0.461538,13,0,0.000000,held_out_character
Qwen3.5-9B,10,2,MA,Memory Arbitration,0.000000,6,0,0.000000,held_out_character
Qwen3.5-9B,10,3,IE,Information Extraction,0.228070,57,0,0.000000,held_out_character
Qwen3.5-9B,10,3,MSR,Multi-session Reasoning,0.114035,57,0,0.000000,held_out_character
Qwen3.5-9B,10,3,ES,Event Summarization,0.000000,50,0,0.000000,held_out_character
Qwen3.5-9B,10,3,TR,Temporal Reasoning,0.000000,36,1,0.027778,held_out_character
Qwen3.5-9B,10,3,KU,Knowledge Updating,0.285714,14,0,0.000000,held_out_character
Qwen3.5-9B,10,3,MA,Memory Arbitration,0.076923,13,1,0.076923,held_out_character
Qwen3.5-9B,10,4,IE,Information Extraction,0.233333,60,0,0.000000,held_out_character
Qwen3.5-9B,10,4,MSR,Multi-session Reasoning,0.101695,59,1,0.016949,held_out_character
Qwen3.5-9B,10,4,ES,Event Summarization,0.009259,54,2,0.037037,held_out_character
Qwen3.5-9B,10,4,TR,Temporal Reasoning,0.081081,37,0,0.000000,held_out_character
Qwen3.5-9B,10,4,KU,Knowledge Updating,0.000000,10,0,0.000000,held_out_character
Qwen3.5-9B,10,4,MA,Memory Arbitration,0.166667,6,0,0.000000,held_out_character
Qwen3.5-9B,10,5,IE,Information Extraction,0.120690,58,0,0.000000,held_out_character
Qwen3.5-9B,10,5,MSR,Multi-session Reasoning,0.076271,59,0,0.000000,held_out_character
Qwen3.5-9B,10,5,ES,Event Summarization,0.000000,50,0,0.000000,held_out_character
Qwen3.5-9B,10,5,TR,Temporal Reasoning,0.000000,39,0,0.000000,held_out_character
Qwen3.5-9B,10,5,KU,Knowledge Updating,0.071429,14,0,0.000000,held_out_character
Qwen3.5-9B,10,5,MA,Memory Arbitration,0.055556,9,0,0.000000,held_out_character
Qwen3.5-9B,10,6,IE,Information Extraction,0.305085,59,0,0.000000,held_out_character
Qwen3.5-9B,10,6,MSR,Multi-session Reasoning,0.140351,57,1,0.017544,held_out_character
Qwen3.5-9B,10,6,ES,Event Summarization,0.000000,51,0,0.000000,held_out_character
Qwen3.5-9B,10,6,TR,Temporal Reasoning,0.029412,34,0,0.000000,held_out_character
Qwen3.5-9B,10,6,KU,Knowledge Updating,0.052632,19,1,0.052632,held_out_character
Qwen3.5-9B,10,6,MA,Memory Arbitration,0.266667,15,0,0.000000,held_out_character
Qwen3.5-9B,10,7,IE,Information Extraction,0.290909,55,0,0.000000,held_out_character
Qwen3.5-9B,10,7,MSR,Multi-session Reasoning,0.112069,58,1,0.017241,held_out_character
Qwen3.5-9B,10,7,ES,Event Summarization,0.010417,48,0,0.000000,held_out_character
Qwen3.5-9B,10,7,TR,Temporal Reasoning,0.000000,37,1,0.027027,held_out_character
Qwen3.5-9B,10,7,KU,Knowledge Updating,0.190476,21,0,0.000000,held_out_character
Qwen3.5-9B,10,7,MA,Memory Arbitration,0.104167,24,0,0.000000,held_out_character
Qwen3.5-9B,10,8,IE,Information Extraction,0.237288,59,0,0.000000,held_out_character
Qwen3.5-9B,10,8,MSR,Multi-session Reasoning,0.098214,56,0,0.000000,held_out_character
Qwen3.5-9B,10,8,ES,Event Summarization,0.000000,49,0,0.000000,held_out_character
Qwen3.5-9B,10,8,TR,Temporal Reasoning,0.026316,38,0,0.000000,held_out_character
Qwen3.5-9B,10,8,KU,Knowledge Updating,0.176471,17,0,0.000000,held_out_character
Qwen3.5-9B,10,8,MA,Memory Arbitration,0.111111,9,0,0.000000,held_out_character
Qwen3.5-9B,10,9,IE,Information Extraction,0.327586,58,0,0.000000,held_out_character
Qwen3.5-9B,10,9,MSR,Multi-session Reasoning,0.105263,57,0,0.000000,held_out_character
Qwen3.5-9B,10,9,ES,Event Summarization,0.000000,54,2,0.037037,held_out_character
Qwen3.5-9B,10,9,TR,Temporal Reasoning,0.023810,42,0,0.000000,held_out_character
Qwen3.5-9B,10,9,KU,Knowledge Updating,0.250000,12,0,0.000000,held_out_character
Qwen3.5-9B,10,9,MA,Memory Arbitration,0.100000,10,0,0.000000,held_out_character
Qwen3.5-9B,10,10,IE,Information Extraction,0.322034,59,0,0.000000,held_out_character
Qwen3.5-9B,10,10,MSR,Multi-session Reasoning,0.125000,60,0,0.000000,held_out_character
Qwen3.5-9B,10,10,ES,Event Summarization,0.028846,52,1,0.019231,held_out_character
Qwen3.5-9B,10,10,TR,Temporal Reasoning,0.000000,40,1,0.025000,held_out_character
Qwen3.5-9B,10,10,KU,Knowledge Updating,0.133333,15,0,0.000000,held_out_character
Qwen3.5-9B,10,10,MA,Memory Arbitration,0.269231,13,2,0.153846,held_out_character
Qwen3.5-9B,1,1,IE,Information Extraction,0.394958,238,0,0.000000,supervised_character
Qwen3.5-9B,1,1,MSR,Multi-session Reasoning,0.141949,236,6,0.025424,supervised_character
Qwen3.5-9B,1,1,ES,Event Summarization,0.004762,210,2,0.009524,supervised_character
Qwen3.5-9B,1,1,TR,Temporal Reasoning,0.007042,142,0,0.000000,supervised_character
Qwen3.5-9B,1,1,KU,Knowledge Updating,0.163934,61,0,0.000000,supervised_character
Qwen3.5-9B,1,1,MA,Memory Arbitration,0.228070,57,4,0.070175,supervised_character
Qwen3.5-9B,2,1,IE,Information Extraction,0.294118,238,0,0.000000,supervised_character
Qwen3.5-9B,2,1,MSR,Multi-session Reasoning,0.120763,236,3,0.012712,supervised_character
Qwen3.5-9B,2,1,ES,Event Summarization,0.007143,210,1,0.004762,supervised_character
Qwen3.5-9B,2,1,TR,Temporal Reasoning,0.000000,142,1,0.007042,supervised_character
Qwen3.5-9B,2,1,KU,Knowledge Updating,0.098361,61,0,0.000000,supervised_character
Qwen3.5-9B,2,1,MA,Memory Arbitration,0.157895,57,8,0.140351,supervised_character
Qwen3.5-9B,2,2,IE,Information Extraction,0.415254,236,0,0.000000,supervised_character
Qwen3.5-9B,2,2,MSR,Multi-session Reasoning,0.106061,231,3,0.012987,supervised_character
Qwen3.5-9B,2,2,ES,Event Summarization,0.004926,203,1,0.004926,supervised_character
Qwen3.5-9B,2,2,TR,Temporal Reasoning,0.028409,176,0,0.000000,supervised_character
Qwen3.5-9B,2,2,KU,Knowledge Updating,0.185185,54,1,0.018519,supervised_character
Qwen3.5-9B,2,2,MA,Memory Arbitration,0.194444,36,4,0.111111,supervised_character
Qwen3.5-9B,3,1,IE,Information Extraction,0.247899,238,0,0.000000,supervised_character
Qwen3.5-9B,3,1,MSR,Multi-session Reasoning,0.108051,236,6,0.025424,supervised_character
Qwen3.5-9B,3,1,ES,Event Summarization,0.009524,210,1,0.004762,supervised_character
Qwen3.5-9B,3,1,TR,Temporal Reasoning,0.014085,142,9,0.063380,supervised_character
Qwen3.5-9B,3,1,KU,Knowledge Updating,0.081967,61,3,0.049180,supervised_character
Qwen3.5-9B,3,1,MA,Memory Arbitration,0.192982,57,3,0.052632,supervised_character
Qwen3.5-9B,3,2,IE,Information Extraction,0.288136,236,1,0.004237,supervised_character
Qwen3.5-9B,3,2,MSR,Multi-session Reasoning,0.073593,231,3,0.012987,supervised_character
Qwen3.5-9B,3,2,ES,Event Summarization,0.012315,203,1,0.004926,supervised_character
Qwen3.5-9B,3,2,TR,Temporal Reasoning,0.005682,176,6,0.034091,supervised_character
Qwen3.5-9B,3,2,KU,Knowledge Updating,0.129630,54,1,0.018519,supervised_character
Qwen3.5-9B,3,2,MA,Memory Arbitration,0.208333,36,7,0.194444,supervised_character
Qwen3.5-9B,3,3,IE,Information Extraction,0.434783,230,0,0.000000,supervised_character
Qwen3.5-9B,3,3,MSR,Multi-session Reasoning,0.128205,234,2,0.008547,supervised_character
Qwen3.5-9B,3,3,ES,Event Summarization,0.021739,207,1,0.004831,supervised_character
Qwen3.5-9B,3,3,TR,Temporal Reasoning,0.018634,161,9,0.055901,supervised_character
Qwen3.5-9B,3,3,KU,Knowledge Updating,0.292308,65,0,0.000000,supervised_character
Qwen3.5-9B,3,3,MA,Memory Arbitration,0.166667,54,5,0.092593,supervised_character
Qwen3.5-9B,4,1,IE,Information Extraction,0.239496,238,0,0.000000,supervised_character
Qwen3.5-9B,4,1,MSR,Multi-session Reasoning,0.118644,236,3,0.012712,supervised_character
Qwen3.5-9B,4,1,ES,Event Summarization,0.009524,210,1,0.004762,supervised_character
Qwen3.5-9B,4,1,TR,Temporal Reasoning,0.014085,142,7,0.049296,supervised_character
Qwen3.5-9B,4,1,KU,Knowledge Updating,0.081967,61,0,0.000000,supervised_character
Qwen3.5-9B,4,1,MA,Memory Arbitration,0.149123,57,0,0.000000,supervised_character
Qwen3.5-9B,4,2,IE,Information Extraction,0.258475,236,0,0.000000,supervised_character
Qwen3.5-9B,4,2,MSR,Multi-session Reasoning,0.103896,231,2,0.008658,supervised_character
Qwen3.5-9B,4,2,ES,Event Summarization,0.007389,203,0,0.000000,supervised_character
Qwen3.5-9B,4,2,TR,Temporal Reasoning,0.017045,176,6,0.034091,supervised_character
Qwen3.5-9B,4,2,KU,Knowledge Updating,0.129630,54,0,0.000000,supervised_character
Qwen3.5-9B,4,2,MA,Memory Arbitration,0.263889,36,0,0.000000,supervised_character
Qwen3.5-9B,4,3,IE,Information Extraction,0.360870,230,0,0.000000,supervised_character
Qwen3.5-9B,4,3,MSR,Multi-session Reasoning,0.089744,234,2,0.008547,supervised_character
Qwen3.5-9B,4,3,ES,Event Summarization,0.009662,207,1,0.004831,supervised_character
Qwen3.5-9B,4,3,TR,Temporal Reasoning,0.018634,161,4,0.024845,supervised_character
Qwen3.5-9B,4,3,KU,Knowledge Updating,0.215385,65,0,0.000000,supervised_character
Qwen3.5-9B,4,3,MA,Memory Arbitration,0.175926,54,0,0.000000,supervised_character
Qwen3.5-9B,4,4,IE,Information Extraction,0.441558,231,0,0.000000,supervised_character
Qwen3.5-9B,4,4,MSR,Multi-session Reasoning,0.147826,230,1,0.004348,supervised_character
Qwen3.5-9B,4,4,ES,Event Summarization,0.010000,200,0,0.000000,supervised_character
Qwen3.5-9B,4,4,TR,Temporal Reasoning,0.000000,165,7,0.042424,supervised_character
Qwen3.5-9B,4,4,KU,Knowledge Updating,0.295775,71,0,0.000000,supervised_character
Qwen3.5-9B,4,4,MA,Memory Arbitration,0.234375,64,0,0.000000,supervised_character
Qwen3.5-9B,5,1,IE,Information Extraction,0.205882,238,0,0.000000,supervised_character
Qwen3.5-9B,5,1,MSR,Multi-session Reasoning,0.097458,236,2,0.008475,supervised_character
Qwen3.5-9B,5,1,ES,Event Summarization,0.009524,210,2,0.009524,supervised_character
Qwen3.5-9B,5,1,TR,Temporal Reasoning,0.007042,142,9,0.063380,supervised_character
Qwen3.5-9B,5,1,KU,Knowledge Updating,0.049180,61,0,0.000000,supervised_character
Qwen3.5-9B,5,1,MA,Memory Arbitration,0.201754,57,0,0.000000,supervised_character
Qwen3.5-9B,5,2,IE,Information Extraction,0.279661,236,0,0.000000,supervised_character
Qwen3.5-9B,5,2,MSR,Multi-session Reasoning,0.095238,231,2,0.008658,supervised_character
Qwen3.5-9B,5,2,ES,Event Summarization,0.002463,203,1,0.004926,supervised_character
Qwen3.5-9B,5,2,TR,Temporal Reasoning,0.000000,176,8,0.045455,supervised_character
Qwen3.5-9B,5,2,KU,Knowledge Updating,0.166667,54,0,0.000000,supervised_character
Qwen3.5-9B,5,2,MA,Memory Arbitration,0.291667,36,0,0.000000,supervised_character
Qwen3.5-9B,5,3,IE,Information Extraction,0.334783,230,0,0.000000,supervised_character
Qwen3.5-9B,5,3,MSR,Multi-session Reasoning,0.115385,234,1,0.004274,supervised_character
Qwen3.5-9B,5,3,ES,Event Summarization,0.009662,207,2,0.009662,supervised_character
Qwen3.5-9B,5,3,TR,Temporal Reasoning,0.006211,161,7,0.043478,supervised_character
Qwen3.5-9B,5,3,KU,Knowledge Updating,0.292308,65,0,0.000000,supervised_character
Qwen3.5-9B,5,3,MA,Memory Arbitration,0.120370,54,0,0.000000,supervised_character
Qwen3.5-9B,5,4,IE,Information Extraction,0.320346,231,1,0.004329,supervised_character
Qwen3.5-9B,5,4,MSR,Multi-session Reasoning,0.139130,230,2,0.008696,supervised_character
Qwen3.5-9B,5,4,ES,Event Summarization,0.002500,200,2,0.010000,supervised_character
Qwen3.5-9B,5,4,TR,Temporal Reasoning,0.012121,165,7,0.042424,supervised_character
Qwen3.5-9B,5,4,KU,Knowledge Updating,0.225352,71,0,0.000000,supervised_character
Qwen3.5-9B,5,4,MA,Memory Arbitration,0.179688,64,1,0.015625,supervised_character
Qwen3.5-9B,5,5,IE,Information Extraction,0.400000,235,0,0.000000,supervised_character
Qwen3.5-9B,5,5,MSR,Multi-session Reasoning,0.156652,233,1,0.004292,supervised_character
Qwen3.5-9B,5,5,ES,Event Summarization,0.005128,195,1,0.005128,supervised_character
Qwen3.5-9B,5,5,TR,Temporal Reasoning,0.019355,155,5,0.032258,supervised_character
Qwen3.5-9B,5,5,KU,Knowledge Updating,0.171429,70,0,0.000000,supervised_character
Qwen3.5-9B,5,5,MA,Memory Arbitration,0.204918,61,1,0.016393,supervised_character
Qwen3.5-9B,6,1,IE,Information Extraction,0.218487,238,0,0.000000,supervised_character
Qwen3.5-9B,6,1,MSR,Multi-session Reasoning,0.105932,236,2,0.008475,supervised_character
Qwen3.5-9B,6,1,ES,Event Summarization,0.009524,210,1,0.004762,supervised_character
Qwen3.5-9B,6,1,TR,Temporal Reasoning,0.014085,142,0,0.000000,supervised_character
Qwen3.5-9B,6,1,KU,Knowledge Updating,0.032787,61,0,0.000000,supervised_character
Qwen3.5-9B,6,1,MA,Memory Arbitration,0.210526,57,0,0.000000,supervised_character
Qwen3.5-9B,6,2,IE,Information Extraction,0.296610,236,0,0.000000,supervised_character
Qwen3.5-9B,6,2,MSR,Multi-session Reasoning,0.093074,231,0,0.000000,supervised_character
Qwen3.5-9B,6,2,ES,Event Summarization,0.012315,203,0,0.000000,supervised_character
Qwen3.5-9B,6,2,TR,Temporal Reasoning,0.017045,176,1,0.005682,supervised_character
Qwen3.5-9B,6,2,KU,Knowledge Updating,0.129630,54,0,0.000000,supervised_character
Qwen3.5-9B,6,2,MA,Memory Arbitration,0.305556,36,0,0.000000,supervised_character
Qwen3.5-9B,6,3,IE,Information Extraction,0.347826,230,0,0.000000,supervised_character
Qwen3.5-9B,6,3,MSR,Multi-session Reasoning,0.104701,234,0,0.000000,supervised_character
Qwen3.5-9B,6,3,ES,Event Summarization,0.009662,207,2,0.009662,supervised_character
Qwen3.5-9B,6,3,TR,Temporal Reasoning,0.012422,161,1,0.006211,supervised_character
Qwen3.5-9B,6,3,KU,Knowledge Updating,0.184615,65,0,0.000000,supervised_character
Qwen3.5-9B,6,3,MA,Memory Arbitration,0.175926,54,0,0.000000,supervised_character
Qwen3.5-9B,6,4,IE,Information Extraction,0.307359,231,0,0.000000,supervised_character
Qwen3.5-9B,6,4,MSR,Multi-session Reasoning,0.123913,230,1,0.004348,supervised_character
Qwen3.5-9B,6,4,ES,Event Summarization,0.017500,200,1,0.005000,supervised_character
Qwen3.5-9B,6,4,TR,Temporal Reasoning,0.012121,165,0,0.000000,supervised_character
Qwen3.5-9B,6,4,KU,Knowledge Updating,0.211268,71,0,0.000000,supervised_character
Qwen3.5-9B,6,4,MA,Memory Arbitration,0.296875,64,0,0.000000,supervised_character
Qwen3.5-9B,6,5,IE,Information Extraction,0.314894,235,0,0.000000,supervised_character
Qwen3.5-9B,6,5,MSR,Multi-session Reasoning,0.122318,233,1,0.004292,supervised_character
Qwen3.5-9B,6,5,ES,Event Summarization,0.005128,195,1,0.005128,supervised_character
Qwen3.5-9B,6,5,TR,Temporal Reasoning,0.012903,155,0,0.000000,supervised_character
Qwen3.5-9B,6,5,KU,Knowledge Updating,0.142857,70,0,0.000000,supervised_character
Qwen3.5-9B,6,5,MA,Memory Arbitration,0.237705,61,1,0.016393,supervised_character
Qwen3.5-9B,6,6,IE,Information Extraction,0.436123,227,0,0.000000,supervised_character
Qwen3.5-9B,6,6,MSR,Multi-session Reasoning,0.135593,236,1,0.004237,supervised_character
Qwen3.5-9B,6,6,ES,Event Summarization,0.007212,208,2,0.009615,supervised_character
Qwen3.5-9B,6,6,TR,Temporal Reasoning,0.006849,146,0,0.000000,supervised_character
Qwen3.5-9B,6,6,KU,Knowledge Updating,0.171429,70,0,0.000000,supervised_character
Qwen3.5-9B,6,6,MA,Memory Arbitration,0.236364,55,0,0.000000,supervised_character
Qwen3.5-9B,7,1,IE,Information Extraction,0.231092,238,0,0.000000,supervised_character
Qwen3.5-9B,7,1,MSR,Multi-session Reasoning,0.125000,236,1,0.004237,supervised_character
Qwen3.5-9B,7,1,ES,Event Summarization,0.004762,210,0,0.000000,supervised_character
Qwen3.5-9B,7,1,TR,Temporal Reasoning,0.014085,142,0,0.000000,supervised_character
Qwen3.5-9B,7,1,KU,Knowledge Updating,0.098361,61,0,0.000000,supervised_character
Qwen3.5-9B,7,1,MA,Memory Arbitration,0.175439,57,1,0.017544,supervised_character
Qwen3.5-9B,7,2,IE,Information Extraction,0.237288,236,0,0.000000,supervised_character
Qwen3.5-9B,7,2,MSR,Multi-session Reasoning,0.088745,231,0,0.000000,supervised_character
Qwen3.5-9B,7,2,ES,Event Summarization,0.004926,203,0,0.000000,supervised_character
Qwen3.5-9B,7,2,TR,Temporal Reasoning,0.000000,176,1,0.005682,supervised_character
Qwen3.5-9B,7,2,KU,Knowledge Updating,0.148148,54,0,0.000000,supervised_character
Qwen3.5-9B,7,2,MA,Memory Arbitration,0.263889,36,1,0.027778,supervised_character
Qwen3.5-9B,7,3,IE,Information Extraction,0.317391,230,0,0.000000,supervised_character
Qwen3.5-9B,7,3,MSR,Multi-session Reasoning,0.126068,234,2,0.008547,supervised_character
Qwen3.5-9B,7,3,ES,Event Summarization,0.004831,207,0,0.000000,supervised_character
Qwen3.5-9B,7,3,TR,Temporal Reasoning,0.012422,161,0,0.000000,supervised_character
Qwen3.5-9B,7,3,KU,Knowledge Updating,0.184615,65,1,0.015385,supervised_character
Qwen3.5-9B,7,3,MA,Memory Arbitration,0.120370,54,0,0.000000,supervised_character
Qwen3.5-9B,7,4,IE,Information Extraction,0.277056,231,0,0.000000,supervised_character
Qwen3.5-9B,7,4,MSR,Multi-session Reasoning,0.126087,230,1,0.004348,supervised_character
Qwen3.5-9B,7,4,ES,Event Summarization,0.010000,200,1,0.005000,supervised_character
Qwen3.5-9B,7,4,TR,Temporal Reasoning,0.024242,165,1,0.006061,supervised_character
Qwen3.5-9B,7,4,KU,Knowledge Updating,0.211268,71,0,0.000000,supervised_character
Qwen3.5-9B,7,4,MA,Memory Arbitration,0.234375,64,1,0.015625,supervised_character
Qwen3.5-9B,7,5,IE,Information Extraction,0.268085,235,0,0.000000,supervised_character
Qwen3.5-9B,7,5,MSR,Multi-session Reasoning,0.150215,233,0,0.000000,supervised_character
Qwen3.5-9B,7,5,ES,Event Summarization,0.002564,195,0,0.000000,supervised_character
Qwen3.5-9B,7,5,TR,Temporal Reasoning,0.012903,155,0,0.000000,supervised_character
Qwen3.5-9B,7,5,KU,Knowledge Updating,0.185714,70,0,0.000000,supervised_character
Qwen3.5-9B,7,5,MA,Memory Arbitration,0.147541,61,2,0.032787,supervised_character
Qwen3.5-9B,7,6,IE,Information Extraction,0.330396,227,0,0.000000,supervised_character
Qwen3.5-9B,7,6,MSR,Multi-session Reasoning,0.088983,236,0,0.000000,supervised_character
Qwen3.5-9B,7,6,ES,Event Summarization,0.004808,208,0,0.000000,supervised_character
Qwen3.5-9B,7,6,TR,Temporal Reasoning,0.013699,146,0,0.000000,supervised_character
Qwen3.5-9B,7,6,KU,Knowledge Updating,0.200000,70,0,0.000000,supervised_character
Qwen3.5-9B,7,6,MA,Memory Arbitration,0.136364,55,0,0.000000,supervised_character
Qwen3.5-9B,7,7,IE,Information Extraction,0.443966,232,0,0.000000,supervised_character
Qwen3.5-9B,7,7,MSR,Multi-session Reasoning,0.146552,232,1,0.004310,supervised_character
Qwen3.5-9B,7,7,ES,Event Summarization,0.009901,202,0,0.000000,supervised_character
Qwen3.5-9B,7,7,TR,Temporal Reasoning,0.030864,162,0,0.000000,supervised_character
Qwen3.5-9B,7,7,KU,Knowledge Updating,0.328767,73,0,0.000000,supervised_character
Qwen3.5-9B,7,7,MA,Memory Arbitration,0.226562,64,1,0.015625,supervised_character
Qwen3.5-9B,8,1,IE,Information Extraction,0.176471,238,0,0.000000,supervised_character
Qwen3.5-9B,8,1,MSR,Multi-session Reasoning,0.122881,236,0,0.000000,supervised_character
Qwen3.5-9B,8,1,ES,Event Summarization,0.004762,210,1,0.004762,supervised_character
Qwen3.5-9B,8,1,TR,Temporal Reasoning,0.021127,142,0,0.000000,supervised_character
Qwen3.5-9B,8,1,KU,Knowledge Updating,0.065574,61,0,0.000000,supervised_character
Qwen3.5-9B,8,1,MA,Memory Arbitration,0.236842,57,0,0.000000,supervised_character
Qwen3.5-9B,8,2,IE,Information Extraction,0.245763,236,0,0.000000,supervised_character
Qwen3.5-9B,8,2,MSR,Multi-session Reasoning,0.077922,231,1,0.004329,supervised_character
Qwen3.5-9B,8,2,ES,Event Summarization,0.004926,203,1,0.004926,supervised_character
Qwen3.5-9B,8,2,TR,Temporal Reasoning,0.011364,176,0,0.000000,supervised_character
Qwen3.5-9B,8,2,KU,Knowledge Updating,0.111111,54,0,0.000000,supervised_character
Qwen3.5-9B,8,2,MA,Memory Arbitration,0.263889,36,0,0.000000,supervised_character
Qwen3.5-9B,8,3,IE,Information Extraction,0.291304,230,0,0.000000,supervised_character
Qwen3.5-9B,8,3,MSR,Multi-session Reasoning,0.108974,234,2,0.008547,supervised_character
Qwen3.5-9B,8,3,ES,Event Summarization,0.000000,207,2,0.009662,supervised_character
Qwen3.5-9B,8,3,TR,Temporal Reasoning,0.006211,161,0,0.000000,supervised_character
Qwen3.5-9B,8,3,KU,Knowledge Updating,0.246154,65,1,0.015385,supervised_character
Qwen3.5-9B,8,3,MA,Memory Arbitration,0.138889,54,0,0.000000,supervised_character
Qwen3.5-9B,8,4,IE,Information Extraction,0.251082,231,0,0.000000,supervised_character
Qwen3.5-9B,8,4,MSR,Multi-session Reasoning,0.117391,230,1,0.004348,supervised_character
Qwen3.5-9B,8,4,ES,Event Summarization,0.012500,200,1,0.005000,supervised_character
Qwen3.5-9B,8,4,TR,Temporal Reasoning,0.018182,165,0,0.000000,supervised_character
Qwen3.5-9B,8,4,KU,Knowledge Updating,0.154930,71,1,0.014085,supervised_character
Qwen3.5-9B,8,4,MA,Memory Arbitration,0.164062,64,2,0.031250,supervised_character
Qwen3.5-9B,8,5,IE,Information Extraction,0.268085,235,0,0.000000,supervised_character
Qwen3.5-9B,8,5,MSR,Multi-session Reasoning,0.107296,233,0,0.000000,supervised_character
Qwen3.5-9B,8,5,ES,Event Summarization,0.005128,195,0,0.000000,supervised_character
Qwen3.5-9B,8,5,TR,Temporal Reasoning,0.038710,155,0,0.000000,supervised_character
Qwen3.5-9B,8,5,KU,Knowledge Updating,0.142857,70,0,0.000000,supervised_character
Qwen3.5-9B,8,5,MA,Memory Arbitration,0.204918,61,0,0.000000,supervised_character
Qwen3.5-9B,8,6,IE,Information Extraction,0.317181,227,0,0.000000,supervised_character
Qwen3.5-9B,8,6,MSR,Multi-session Reasoning,0.125000,236,3,0.012712,supervised_character
Qwen3.5-9B,8,6,ES,Event Summarization,0.000000,208,0,0.000000,supervised_character
Qwen3.5-9B,8,6,TR,Temporal Reasoning,0.013699,146,0,0.000000,supervised_character
Qwen3.5-9B,8,6,KU,Knowledge Updating,0.157143,70,0,0.000000,supervised_character
Qwen3.5-9B,8,6,MA,Memory Arbitration,0.163636,55,1,0.018182,supervised_character
Qwen3.5-9B,8,7,IE,Information Extraction,0.366379,232,0,0.000000,supervised_character
Qwen3.5-9B,8,7,MSR,Multi-session Reasoning,0.137931,232,2,0.008621,supervised_character
Qwen3.5-9B,8,7,ES,Event Summarization,0.007426,202,1,0.004950,supervised_character
Qwen3.5-9B,8,7,TR,Temporal Reasoning,0.012346,162,0,0.000000,supervised_character
Qwen3.5-9B,8,7,KU,Knowledge Updating,0.191781,73,0,0.000000,supervised_character
Qwen3.5-9B,8,7,MA,Memory Arbitration,0.140625,64,2,0.031250,supervised_character
Qwen3.5-9B,8,8,IE,Information Extraction,0.465217,230,0,0.000000,supervised_character
Qwen3.5-9B,8,8,MSR,Multi-session Reasoning,0.149789,237,1,0.004219,supervised_character
Qwen3.5-9B,8,8,ES,Event Summarization,0.000000,206,4,0.019417,supervised_character
Qwen3.5-9B,8,8,TR,Temporal Reasoning,0.006623,151,0,0.000000,supervised_character
Qwen3.5-9B,8,8,KU,Knowledge Updating,0.269841,63,0,0.000000,supervised_character
Qwen3.5-9B,8,8,MA,Memory Arbitration,0.218750,48,2,0.041667,supervised_character
Qwen3.5-9B,9,1,IE,Information Extraction,0.197479,238,0,0.000000,supervised_character
Qwen3.5-9B,9,1,MSR,Multi-session Reasoning,0.084746,236,1,0.004237,supervised_character
Qwen3.5-9B,9,1,ES,Event Summarization,0.007143,210,0,0.000000,supervised_character
Qwen3.5-9B,9,1,TR,Temporal Reasoning,0.007042,142,0,0.000000,supervised_character
Qwen3.5-9B,9,1,KU,Knowledge Updating,0.131148,61,1,0.016393,supervised_character
Qwen3.5-9B,9,1,MA,Memory Arbitration,0.184211,57,3,0.052632,supervised_character
Qwen3.5-9B,9,2,IE,Information Extraction,0.288136,236,0,0.000000,supervised_character
Qwen3.5-9B,9,2,MSR,Multi-session Reasoning,0.075758,231,2,0.008658,supervised_character
Qwen3.5-9B,9,2,ES,Event Summarization,0.009852,203,1,0.004926,supervised_character
Qwen3.5-9B,9,2,TR,Temporal Reasoning,0.005682,176,0,0.000000,supervised_character
Qwen3.5-9B,9,2,KU,Knowledge Updating,0.148148,54,0,0.000000,supervised_character
Qwen3.5-9B,9,2,MA,Memory Arbitration,0.222222,36,0,0.000000,supervised_character
Qwen3.5-9B,9,3,IE,Information Extraction,0.282609,230,0,0.000000,supervised_character
Qwen3.5-9B,9,3,MSR,Multi-session Reasoning,0.096154,234,2,0.008547,supervised_character
Qwen3.5-9B,9,3,ES,Event Summarization,0.009662,207,4,0.019324,supervised_character
Qwen3.5-9B,9,3,TR,Temporal Reasoning,0.024845,161,1,0.006211,supervised_character
Qwen3.5-9B,9,3,KU,Knowledge Updating,0.215385,65,0,0.000000,supervised_character
Qwen3.5-9B,9,3,MA,Memory Arbitration,0.175926,54,0,0.000000,supervised_character
Qwen3.5-9B,9,4,IE,Information Extraction,0.251082,231,0,0.000000,supervised_character
Qwen3.5-9B,9,4,MSR,Multi-session Reasoning,0.082609,230,6,0.026087,supervised_character
Qwen3.5-9B,9,4,ES,Event Summarization,0.007500,200,0,0.000000,supervised_character
Qwen3.5-9B,9,4,TR,Temporal Reasoning,0.000000,165,0,0.000000,supervised_character
Qwen3.5-9B,9,4,KU,Knowledge Updating,0.211268,71,2,0.028169,supervised_character
Qwen3.5-9B,9,4,MA,Memory Arbitration,0.242188,64,1,0.015625,supervised_character
Qwen3.5-9B,9,5,IE,Information Extraction,0.259574,235,1,0.004255,supervised_character
Qwen3.5-9B,9,5,MSR,Multi-session Reasoning,0.098712,233,0,0.000000,supervised_character
Qwen3.5-9B,9,5,ES,Event Summarization,0.002564,195,3,0.015385,supervised_character
Qwen3.5-9B,9,5,TR,Temporal Reasoning,0.032258,155,0,0.000000,supervised_character
Qwen3.5-9B,9,5,KU,Knowledge Updating,0.157143,70,0,0.000000,supervised_character
Qwen3.5-9B,9,5,MA,Memory Arbitration,0.245902,61,1,0.016393,supervised_character
Qwen3.5-9B,9,6,IE,Information Extraction,0.290749,227,0,0.000000,supervised_character
Qwen3.5-9B,9,6,MSR,Multi-session Reasoning,0.116525,236,2,0.008475,supervised_character
Qwen3.5-9B,9,6,ES,Event Summarization,0.002404,208,1,0.004808,supervised_character
Qwen3.5-9B,9,6,TR,Temporal Reasoning,0.013699,146,0,0.000000,supervised_character
Qwen3.5-9B,9,6,KU,Knowledge Updating,0.114286,70,2,0.028571,supervised_character
Qwen3.5-9B,9,6,MA,Memory Arbitration,0.190909,55,2,0.036364,supervised_character
Qwen3.5-9B,9,7,IE,Information Extraction,0.323276,232,0,0.000000,supervised_character
Qwen3.5-9B,9,7,MSR,Multi-session Reasoning,0.099138,232,5,0.021552,supervised_character
Qwen3.5-9B,9,7,ES,Event Summarization,0.022277,202,3,0.014851,supervised_character
Qwen3.5-9B,9,7,TR,Temporal Reasoning,0.006173,162,1,0.006173,supervised_character
Qwen3.5-9B,9,7,KU,Knowledge Updating,0.232877,73,0,0.000000,supervised_character
Qwen3.5-9B,9,7,MA,Memory Arbitration,0.210938,64,0,0.000000,supervised_character
Qwen3.5-9B,9,8,IE,Information Extraction,0.373913,230,0,0.000000,supervised_character
Qwen3.5-9B,9,8,MSR,Multi-session Reasoning,0.116034,237,3,0.012658,supervised_character
Qwen3.5-9B,9,8,ES,Event Summarization,0.004854,206,2,0.009709,supervised_character
Qwen3.5-9B,9,8,TR,Temporal Reasoning,0.006623,151,0,0.000000,supervised_character
Qwen3.5-9B,9,8,KU,Knowledge Updating,0.158730,63,1,0.015873,supervised_character
Qwen3.5-9B,9,8,MA,Memory Arbitration,0.187500,48,2,0.041667,supervised_character
Qwen3.5-9B,9,9,IE,Information Extraction,0.413793,232,0,0.000000,supervised_character
Qwen3.5-9B,9,9,MSR,Multi-session Reasoning,0.125000,236,1,0.004237,supervised_character
Qwen3.5-9B,9,9,ES,Event Summarization,0.004831,207,2,0.009662,supervised_character
Qwen3.5-9B,9,9,TR,Temporal Reasoning,0.019108,157,1,0.006369,supervised_character
Qwen3.5-9B,9,9,KU,Knowledge Updating,0.271186,59,0,0.000000,supervised_character
Qwen3.5-9B,9,9,MA,Memory Arbitration,0.136364,44,0,0.000000,supervised_character
Qwen3.5-9B,10,1,IE,Information Extraction,0.210084,238,0,0.000000,supervised_character
Qwen3.5-9B,10,1,MSR,Multi-session Reasoning,0.095339,236,1,0.004237,supervised_character
Qwen3.5-9B,10,1,ES,Event Summarization,0.007143,210,1,0.004762,supervised_character
Qwen3.5-9B,10,1,TR,Temporal Reasoning,0.014085,142,0,0.000000,supervised_character
Qwen3.5-9B,10,1,KU,Knowledge Updating,0.081967,61,0,0.000000,supervised_character
Qwen3.5-9B,10,1,MA,Memory Arbitration,0.201754,57,0,0.000000,supervised_character
Qwen3.5-9B,10,2,IE,Information Extraction,0.288136,236,0,0.000000,supervised_character
Qwen3.5-9B,10,2,MSR,Multi-session Reasoning,0.090909,231,3,0.012987,supervised_character
Qwen3.5-9B,10,2,ES,Event Summarization,0.012315,203,3,0.014778,supervised_character
Qwen3.5-9B,10,2,TR,Temporal Reasoning,0.005682,176,0,0.000000,supervised_character
Qwen3.5-9B,10,2,KU,Knowledge Updating,0.074074,54,0,0.000000,supervised_character
Qwen3.5-9B,10,2,MA,Memory Arbitration,0.125000,36,0,0.000000,supervised_character
Qwen3.5-9B,10,3,IE,Information Extraction,0.330435,230,0,0.000000,supervised_character
Qwen3.5-9B,10,3,MSR,Multi-session Reasoning,0.106838,234,3,0.012821,supervised_character
Qwen3.5-9B,10,3,ES,Event Summarization,0.016908,207,1,0.004831,supervised_character
Qwen3.5-9B,10,3,TR,Temporal Reasoning,0.012422,161,1,0.006211,supervised_character
Qwen3.5-9B,10,3,KU,Knowledge Updating,0.215385,65,0,0.000000,supervised_character
Qwen3.5-9B,10,3,MA,Memory Arbitration,0.092593,54,1,0.018519,supervised_character
Qwen3.5-9B,10,4,IE,Information Extraction,0.264069,231,0,0.000000,supervised_character
Qwen3.5-9B,10,4,MSR,Multi-session Reasoning,0.095652,230,1,0.004348,supervised_character
Qwen3.5-9B,10,4,ES,Event Summarization,0.007500,200,1,0.005000,supervised_character
Qwen3.5-9B,10,4,TR,Temporal Reasoning,0.006061,165,0,0.000000,supervised_character
Qwen3.5-9B,10,4,KU,Knowledge Updating,0.140845,71,2,0.028169,supervised_character
Qwen3.5-9B,10,4,MA,Memory Arbitration,0.226562,64,1,0.015625,supervised_character
Qwen3.5-9B,10,5,IE,Information Extraction,0.242553,235,0,0.000000,supervised_character
Qwen3.5-9B,10,5,MSR,Multi-session Reasoning,0.115880,233,4,0.017167,supervised_character
Qwen3.5-9B,10,5,ES,Event Summarization,0.002564,195,2,0.010256,supervised_character
Qwen3.5-9B,10,5,TR,Temporal Reasoning,0.019355,155,0,0.000000,supervised_character
Qwen3.5-9B,10,5,KU,Knowledge Updating,0.185714,70,0,0.000000,supervised_character
Qwen3.5-9B,10,5,MA,Memory Arbitration,0.188525,61,1,0.016393,supervised_character
Qwen3.5-9B,10,6,IE,Information Extraction,0.281938,227,0,0.000000,supervised_character
Qwen3.5-9B,10,6,MSR,Multi-session Reasoning,0.093220,236,1,0.004237,supervised_character
Qwen3.5-9B,10,6,ES,Event Summarization,0.007212,208,1,0.004808,supervised_character
Qwen3.5-9B,10,6,TR,Temporal Reasoning,0.013699,146,1,0.006849,supervised_character
Qwen3.5-9B,10,6,KU,Knowledge Updating,0.128571,70,1,0.014286,supervised_character
Qwen3.5-9B,10,6,MA,Memory Arbitration,0.200000,55,1,0.018182,supervised_character
Qwen3.5-9B,10,7,IE,Information Extraction,0.336207,232,0,0.000000,supervised_character
Qwen3.5-9B,10,7,MSR,Multi-session Reasoning,0.107759,232,1,0.004310,supervised_character
Qwen3.5-9B,10,7,ES,Event Summarization,0.014851,202,4,0.019802,supervised_character
Qwen3.5-9B,10,7,TR,Temporal Reasoning,0.006173,162,1,0.006173,supervised_character
Qwen3.5-9B,10,7,KU,Knowledge Updating,0.150685,73,0,0.000000,supervised_character
Qwen3.5-9B,10,7,MA,Memory Arbitration,0.125000,64,1,0.015625,supervised_character
Qwen3.5-9B,10,8,IE,Information Extraction,0.330435,230,0,0.000000,supervised_character
Qwen3.5-9B,10,8,MSR,Multi-session Reasoning,0.103376,237,3,0.012658,supervised_character
Qwen3.5-9B,10,8,ES,Event Summarization,0.009709,206,0,0.000000,supervised_character
Qwen3.5-9B,10,8,TR,Temporal Reasoning,0.000000,151,2,0.013245,supervised_character
Qwen3.5-9B,10,8,KU,Knowledge Updating,0.158730,63,0,0.000000,supervised_character
Qwen3.5-9B,10,8,MA,Memory Arbitration,0.135417,48,2,0.041667,supervised_character
Qwen3.5-9B,10,9,IE,Information Extraction,0.318966,232,0,0.000000,supervised_character
Qwen3.5-9B,10,9,MSR,Multi-session Reasoning,0.118644,236,2,0.008475,supervised_character
Qwen3.5-9B,10,9,ES,Event Summarization,0.012077,207,2,0.009662,supervised_character
Qwen3.5-9B,10,9,TR,Temporal Reasoning,0.019108,157,1,0.006369,supervised_character
Qwen3.5-9B,10,9,KU,Knowledge Updating,0.186441,59,0,0.000000,supervised_character
Qwen3.5-9B,10,9,MA,Memory Arbitration,0.136364,44,1,0.022727,supervised_character
Qwen3.5-9B,10,10,IE,Information Extraction,0.500000,232,0,0.000000,supervised_character
Qwen3.5-9B,10,10,MSR,Multi-session Reasoning,0.161638,232,3,0.012931,supervised_character
Qwen3.5-9B,10,10,ES,Event Summarization,0.012626,198,3,0.015152,supervised_character
Qwen3.5-9B,10,10,TR,Temporal Reasoning,0.013889,144,0,0.000000,supervised_character
Qwen3.5-9B,10,10,KU,Knowledge Updating,0.246914,81,1,0.012346,supervised_character
Qwen3.5-9B,10,10,MA,Memory Arbitration,0.208333,60,0,0.000000,supervised_character
